-0.19368,4.6224,-10.121
1.5878,2.0538,-5.7617
1.9086,-0.45354,-2.1132
-0.8152,-1.5516,-1.9009
0.96065,-1.5543,12.156
2.2908,-0.8964,-7.1721
-1.9669,0.4429,4.233
2.2783,1.57,-0.44114
-1.5494,-0.84864,6.5417
3.5664,-3.5715,7.2274
-3.5934,-1.0006,-7.3685
-7.1812,-2.7762,-5.1421
0.76189,-3.015,1.5575
2.1467,0.5371,1.4741
0.21212,5.2678,0.93796
-1.1331,4.2873,-1.6604
3.9835,-0.2368,-8.5472
1.2544,-0.62384,3.2441
-1.7205,-0.99758,-5.3704
-0.31703,-2.5084,9.3747
0.85149,-5.3726,7.6555
-1.9537,-2.4905,5.1882
0.086652,5.5075,1.7697
3.6002,-3.3555,10.202
1.663,2.4891,6.5835
-1.4359,0.65412,-1.6108
3.1241,5.0966,8.2781
1.0743,-2.4286,8.1644
0.22838,4.4773,-2.3027
-0.96122,-0.9496,-2.955
1.7828,-1.5919,0.56574
0.14073,2.1218,0.37672
1.5838,-1.7824,-6.0104
0.31513,-3.7851,1.1648
0.30402,1.0653,-12.007
0.86505,2.7668,-1.7203
0.67075,0.63222,12.027
1.8611,3.8322,-3.6253
2.5564,-0.0012617,1.3002
-0.94894,5.7632,3.4901
1.3311,0.66452,-8.0021
-0.22304,2.5808,0.89725
-2.3842,5.7701,-6.5429
-0.37393,-1.131,10.137
-1.7582,0.99731,-4.5993
0.32195,0.2259,4.2916
-2.9344,0.15671,-2.404
-1.3326,-0.56668,3.7461
3.7837,-5.5725,-2.0589
0.12417,-7.0111,4.2398
-0.99202,1.7109,-6.5818
-2.5609,1.0082,8.5921
0.15108,-0.76642,4.925
-0.83604,-4.7891,6.6619
2.5557,1.8356,0.47629
-1.0364,2.7078,16.232
0.016273,0.44974,-0.019795
3.6741,2.4743,9.3535
1.3635,0.53594,-7.7183
-1.7798,-1.7117,-6.7761
0.82035,-4.0724,6.9477
-1.3292,1.4494,5.0578
2.5812,2.2876,2.856
1.0197,-0.20645,-2.4165
0.37705,2.461,6.9452
-0.45097,1.1601,0.91142
0.92257,1.5239,3.2456
2.2484,-0.98223,0.97717
0.20509,3.0437,8.6291
1.2852,2.0311,9.5237
-1.9711,-2.2482,-3.5501
-0.42279,0.0459,3.6803
1.2479,-1.3836,4.4356
-0.96869,-1.81,3.6963
-1.6851,1.2285,-0.27859
-4.7579,-4.3017,0.62891
-0.72973,5.3747,-10.655
2.5207,-0.63513,-5.3345
4.6074,-2.53,8.2987
-0.64848,-2.1925,-1.6643
-1.486,3.674,-5.2184
-0.062477,-3.9956,0.29001
-2.9514,-2.7674,-1.8098
-2.3656,0.58353,3.3902
0.62251,4.084,15.237
3.7812,2.0914,-3.1665
-0.54243,-5.7558,-3.4721
-2.3304,1.7127,-1.318
-0.85959,2.8137,-1.0585
1.5592,-2.0987,1.6729
0.054908,3.2118,-4.533
-1.0522,-1.2163,-4.7244
-0.45744,1.8097,-6.4964
0.63832,0.21386,5.3791
0.059262,4.1044,5.8438
2.7572,-0.9966,-6.678
0.71656,-3.2833,6.1831
0.24279,2.3376,-1.1344
1.3776,1.08,-11.334
-1.283,0.38596,-3.5053
1.8554,-1.4145,2.9486
-2.9245,1.4264,1.9209
-2.4961,7.1676,-3.4857
4.8424,0.66885,5.3706
0.42015,-2.3901,-6.0875
3.3545,-0.78761,8.7976
-0.39088,-3.9506,3.2753
-1.3121,-4.181,8.2822
-2.192,-3.7252,-7.7798
0.059239,0.94645,2.3114
3.6259,-1.512,-0.61668
-1.6411,-0.36102,0.41051
-2.5855,5.3909,-12.707
-1.8764,-0.77792,-1.967
-0.63387,-5.4246,3.7292
-0.76978,8.2526,-8.0379
1.6361,-3.7694,1.0682
-1.8434,-0.95988,2.9279
1.0744,2.4216,-7.3554
1.3957,1.9404,-0.48675
-0.5999,-0.89004,3.9451
3.5331,-1.5561,-6.932
-0.37004,3.4261,0.16686
-0.58166,-4.2532,-5.7173
1.3301,1.2965,-2.2631
0.47838,2.0121,-8.4854
-3.627,-1.2176,-5.5306
1.3488,0.14134,-4.4448
-0.57711,-0.37583,-5.0404
2.052,0.48928,0.73181
0.64809,1.504,-6.4329
1.4802,0.80668,2.3835
2.715,-1.4254,-1.4248
-0.15041,-0.83785,5.9562
0.4863,-1.0201,0.18663
-1.3185,0.66169,-11.177
0.13851,-2.336,3.2929
3.0463,-1.3086,9.889
-0.49966,2.9243,-5.2749
2.1916,-0.68469,-7.6256
-2.5273,-1.5181,-3.5257
0.78447,-2.3956,-2.6484
0.89169,-5.7206,11.894
0.32727,0.65366,-0.52072
2.0386,0.21,5.3079
-4.1642,0.76276,2.0159
-0.071128,5.1208,1.3058
-0.81876,0.24374,-3.2867
0.52427,-0.30622,5.1931
-1.6193,-0.95755,-2.8005
-2.7996,2.5358,3.3452
-1.9911,-2.8423,5.1296
-3.9547,-0.26108,4.2539
-2.4666,1.0141,2.1225
1.832,0.99535,2.0231
-1.1084,-0.012854,-7.1081
-0.54813,4.8688,-7.5087
5.8286,2.8831,7.0254
-0.16236,-3.6286,-4.5541
-0.40439,-5.6425,6.8696
-3.4204,0.91464,5.325
3.6967,-2.4022,4.3458
-2.0325,-0.89107,0.365
3.3159,-1.5293,-3.2078
1.2601,-2.2048,4.6804
-2.8474,-1.7766,3.9486
0.97751,-0.99025,5.8782
1.3757,-3.3292,-4.716
2.2137,2.5081,1.9371
-1.2168,1.3499,-6.6105
-0.90794,1.0412,-0.067516
4.2756,0.8275,-4.7999
3.5774,-6.7881,-11.173
2.4537,0.35254,0.55249
1.8258,2.8928,4.2495
0.58201,1.6678,0.32653
-3.8454,-1.5614,-0.65583
-0.73316,1.8594,9.5782
-1.8748,-1.1985,7.3727
3.1546,-2.7579,-7.404
-2.3192,2.8781,8.6666
-0.97337,3.7532,-1.6689
0.44678,-0.76824,1.2645
-2.2333,-0.54212,8.2038
-2.1531,0.83977,-10.936
2.2693,1.2931,7.2619
1.7468,-0.35294,5.8161
1.4099,-0.18798,1.7664
-0.16357,0.36757,-2.3303
-1.5919,0.1029,-9.8009
-0.11739,-1.1048,14.546
0.28589,-1.3228,-6.4087
5.5122,2.4109,-7.1495
1.4126,-0.67887,-0.10754
-0.34072,1.8122,-5.0923
-1.1783,0.58533,1.0793
-0.31843,0.66925,-3.5446
3.6801,-6.35,1.0101
-0.33741,2.784,5.7107
2.1644,-3.8616,-10.071
1.2568,-2.9888,5.1754
-1.2181,0.9001,-5.0166
1.0897,-0.9319,1.2732
0.768,-0.82771,3.154
0.83168,-1.9826,-0.48758
-0.17708,2.8319,1.7247
-4.4129,-0.76487,-1.9609
-0.80695,-2.5351,-5.5586
1.8038,-0.034999,-0.9448
2.3996,-7.3902,3.2038
1.7636,1.4744,-6.2381
1.2357,1.0269,10.676
0.17558,-1.0029,10.119
-2.1659,5.0635,-6.8708
-1.2282,-2.3102,-6.5084
-3.2639,-3.6011,9.1375
-4.4853,-0.72552,-7.6862
-0.81217,-0.26041,3.2752
-2.6875,0.604,-0.43856
2.825,1.4906,-2.2659
-0.7936,-1.3252,-2.3849
-2.0301,1.0632,1.8057
-0.47889,-3.0905,12.481
-0.30534,2.0504,-8.8224
-2.9256,1.082,0.30628
-3.0275,2.1532,7.3209
0.91479,2.9417,-2.4715
0.65854,2.9094,8.8337
2.6549,-2.961,5.7257
-0.40263,5.9791,-0.97344
1.3473,4.3473,-5.6362
1.8235,-3.9423,-4.5577
-0.88589,-0.37402,8.0636
-3.131,-2.5418,-2.9068
0.59037,5.2512,4.6433
1.98,-2.1302,-2.3357
-0.9166,-2.5077,4.6902
0.44707,-0.22635,3.7903
-1.5878,0.68289,3.0043
-2.4564,5.6723,-0.4181
-1.2839,-2.01,1.3131
0.20363,-5.0692,-5.42
0.67788,2.1946,-11.341
-3.2966,1.9184,-7.8812
-0.21359,-4.4441,3.2853
-0.79788,-3.4191,8.9106
0.18942,-2.077,5.0865
0.60902,1.4926,-1.1808
-2.0316,-0.51458,4.5097
-1.4817,-0.17575,7.229
-0.13698,-0.97754,0.79901
0.76286,7.1117,1.7959
0.67742,0.050381,3.8763
-0.15367,-0.16695,-1.2634
-0.85558,8.2105,-4.41
-2.2275,-3.1952,-2.0561
1.3214,-3.19,-2.272
-3.8194,0.83805,0.22518
2.1228,-6.0591,6.1529
2.2831,-0.23879,-6.9311
-0.27238,-1.4541,2.6443
2.5164,0.12389,7.4731
-0.2469,-0.8138,-6.8084
-1.0499,-0.622,5.3285
-0.93828,4.0656,-1.4742
0.25553,-2.8372,-0.93868
1.3363,-5.3137,2.6807
-2.8522,-4.6502,14.885
-0.053512,2.1433,6.5701
-1.2292,-0.77741,-6.4852
0.040278,3.7046,1.1701
-0.43313,1.9526,-2.3579
1.4417,-0.95663,5.7833
0.29909,0.29975,3.7313
2.2894,-0.82773,3.3095
-0.55331,-2.3943,-4.8755
0.90559,-1.7368,-3.1992
-0.24648,-1.9647,-0.46137
-2.8688,-0.88022,7.2181
0.36624,-6.5573,1.2604
-1.1394,1.3746,3.2012
-3.2023,1.5832,-1.347
1.6823,1.9919,-4.6729
0.26691,-0.20767,12.658
-1.3478,-2.0822,-1.2068
1.8608,5.6906,3.2894
-0.93927,0.1237,9.9273
1.0595,-7.1443,-11.871
0.030463,-3.9883,-9.4464
-1.7139,4.5193,-2.9737
0.19013,-2.5237,-4.4187
0.41534,0.23035,-1.7265
-2.0037,3.7575,-5.1789
-0.9476,-0.84035,3.2627
2.9727,-0.64399,-2.287
1.3715,-4.3599,11.06
0.89785,-1.2644,-6.9696
0.95089,1.4811,2.8732
-0.92731,-2.9033,2.0055
0.56825,-2.9448,9.8229
0.21713,-0.13885,-0.20563
-0.9336,-0.71901,2.4322
0.55935,0.72304,-5.0253
3.1032,1.6845,2.2442
-0.61667,1.7725,13.02
-4.6373,5.2988,-5.9369
-0.81851,-0.47057,-5.7208
-2.6229,-0.5585,1.5468
2.0949,2.7167,-0.38406
-2.4204,-1.3037,3.9383
0.27904,4.5294,3.8672
0.55675,1.4226,5.5863
0.16774,0.49261,0.93612
0.60823,3.3609,-3.6116
-2.0663,2.8339,-1.0874
-1.0421,1.8263,-12.199
0.18585,0.41294,-0.98909
-0.5286,-0.26162,3.4619
-1.3297,-0.62943,0.26064
0.56303,-4.7717,-6.9472
1.7756,3.6669,4.3993
-0.92708,0.10064,-2.5098
-3.8555,-3.851,-2.6673
-0.18577,0.31833,3.2794
0.42427,1.3884,-2.3602
0.043695,0.42286,3.9245
2.8918,0.69591,-7.7254
-0.89295,1.2243,3.8917
1.9893,-5.6827,-2.9961
3.1841,0.18584,6
-0.97619,1.7863,12.708
0.40065,2.6275,-5.7915
1.1154,0.82989,2.7037
-0.97499,0.36758,6.4311
0.45461,-4.4476,-6.9149
-1.9709,-4.1312,0.75356
-3.7961,1.2956,8.6311
-1.2631,4.0189,-3.7913
2.9082,0.98918,-1.0829
2.2699,-3.6933,-1.8078
-2.2251,-2.294,-6.7065
3.0606,-5.6319,1.8886
-0.00066848,0.30093,12.008
-4.4794,-3.0996,-2.833
-2.1705,-1.0864,5.1071
0.26448,1.5581,-3.0448
-2.7345,1.5442,5.9014
-0.91334,8.6116,-3.1847
0.58285,-1.4847,7.3641
2.095,1.6752,0.4976
1.1389,0.6284,0.65459
1.0216,3.2393,3.1634
1.2512,2.2118,6.4686
1.9318,-2.4155,-5.6551
-0.70301,-3.1213,-4.6528
-1.1249,3.1925,-1.7867
0.50724,0.68904,-8.5758
2.2813,2.3322,4.4926
1.6725,2.847,-3.4379
0.37714,6.0282,-2.4854
-2.1132,1.5629,15.054
2.719,1.4565,0.32807
0.14118,-1.9275,-0.98608
1.2315,3.5822,-5.0878
2.2337,-3.2291,6.1331
0.35466,-0.18445,-3.9971
-0.077504,3.362,-1.9451
-1.4509,-2.6909,-4.6041
3.2546,-2.3916,-6.198
3.9754,0.742,4.8596
1.3231,0.16901,7.6943
-1.9072,-1.8434,-2.683
-0.11819,1.8571,2.0654
2.4325,-1.2647,4.1512
-3.4982,-3.3735,1.3532
0.24656,-2.0482,-2.5179
-0.83387,-4.6736,1.8962
-1.0263,-2.5625,-0.11097
2.636,2.698,12.264
2.6128,1.5863,3.2669
0.023514,-7.3733,1.716
-1.6819,3.1401,-0.5704
1.6485,0.6331,-8.7321
0.20393,-2.5314,-12.691
-1.4496,-2.7764,12.99
-4.6402,-1.2186,2.7417
-0.62744,-4.5327,-2.5402
1.2767,1.6213,-6.7938
-1.6673,-7.5229,1.4139
4.2279,3.2774,4.1237
-0.86064,-4.3777,-7.3905
-5.1953,1.989,8.1124
2.8807,-2.6092,-5.1228
-1.2107,-2.0496,-0.257
-0.14707,0.59993,6.9013
1.6256,0.17018,8.955
3.3261,-1.6253,-2.946
-0.7536,1.6893,-0.50632
2.961,0.098671,-1.6222
-0.089234,-2.0569,1.2915
0.42935,-3.0533,-9.4648
-0.85989,3.5248,-0.28809
-0.084664,4.3867,-12.18
3.0564,-6.3171,3.9212
2.399,-2.6863,-7.6865
2.003,-1.9437,-3.1336
-2.2112,-0.77724,7.4831
-1.6071,-4.7847,4.0524
-1.4244,-0.23778,-4.9061
-0.99841,1.5731,1.9635
-3.6937,-0.87984,10.736
-5.0158,1.613,-2.6264
-0.42929,-1.2112,-2.0762
-0.88217,4.6366,7.3338
4.1457,-1.1131,1.4706
-0.45101,-1.2702,-3.5706
0.67835,2.9152,-1.015
-3.5678,0.70789,7.952
0.77671,-1.4184,2.1717
-0.29485,-0.4395,7.9802
3.7657,0.98332,-5.857
0.30036,-1.9213,-1.328
-1.5357,2.9858,-0.97982
2.6646,-2.5612,-16.221
-1.8362,-3.3908,0.84232
-3.3277,-1.5606,1.1044
0.076413,0.72622,10.787
1.0573,2.8524,1.5865
0.52006,-3.219,-14.554
0.31427,2.5686,-4.0469
-4.1984,0.026908,3.1478
-1.0424,2.6639,0.99963
0.69449,5.0435,4.1177
2.116,-2.8166,2.6581
3.1983,-0.7566,3.2068
-0.30859,2.7685,7.7884
2.5385,-3.5129,0.77158
2.3212,-1.5431,7.3922
0.80591,-4.6181,3.5407
0.23379,3.2272,9.5926
0.93659,-0.74818,-2.0133
3.9429,-2.1539,-4.3538
2.0599,-2.3861,-6.6899
2.0266,-1.8349,1.8101
1.7144,1.0074,0.32152
-0.26087,-4.2308,6.0198
-1.3644,0.45975,-1.7279
-1.721,-2.7134,-4.506
1.3187,1.2903,-9.9735
1.0619,0.58238,7.0885
-1.2449,0.96118,3.6744
-0.61953,1.2262,0.8477
-3.0258,5.6332,-8.8594
-0.65238,-2.9324,-2.6691
-1.8137,1.1585,-2.5269
1.9499,2.4627,5.6098
4.2486,0.87165,-0.22921
0.11387,-2.1828,6.4652
1.0197,1.4182,-4.5839
-1.3302,1.1844,0.18715
1.9391,-3.2044,-2.7318
-0.41834,-3.0212,4.4011
0.20722,-2.3253,-2.0283
2.5997,2.1777,-0.26591
-0.17307,1.2454,6.982
0.93065,1.7221,-1.6222
1.6104,-2.5994,-2.7882
1.3156,-2.3672,-0.23654
-1.9639,0.81945,3.3043
1.6171,-0.071157,14.918
0.12643,-1.4222,4.4506
0.78842,-1.8309,3.501
0.47553,-0.41044,-2.2847
-1.4177,-0.36543,0.7153
1.3365,-2.4455,5.2108
0.15214,-1.3565,-0.81754
-0.64752,8.8865,2.5871
-1.3912,1.3508,0.60273
3.1892,0.065095,-3.78
0.57824,-0.73112,-10.479
2.5798,-2.8088,2.2004
-2.8613,-5.9918,-7.203
0.36626,2.282,-3.9511
-0.16005,0.7414,1.1611
-1.0613,4.002,-6.8308
-1.2704,-0.54071,-3.0153
-1.5641,0.88228,7.002
0.54547,0.25807,-6.3338
-0.59393,2.0241,3.2166
-1.376,0.35698,3.5918
3.7442,-2.4191,2.7439
1.2437,1.9288,4.214
2.1588,5.3904,-2.7173
-0.2718,3.333,2.7209
1.6453,-1.5807,3.9686
-0.91637,-1.7119,-0.82566
-0.3281,-1.2167,1.5295
-2.3682,3.0207,5.0652
2.1241,-0.51194,5.0929
3.1988,-3.8271,-0.87462
-0.086695,-1.6262,4.6018
2.0108,0.78014,7.0371
0.18496,7.401,-0.84395
-1.2971,0.96476,0.70084
0.93428,-8.1181,5.9089
-1.1659,-3.8868,1.4763
1.4879,-2.4304,3.8109
-1.5877,-2.6393,9.12
1.1695,6.6515,-4.6504
-1.5366,-2.175,2.7106
-3.9092,0.072845,1.764
-0.73356,-0.63671,-5.0025
0.53645,2.2053,3.8181
-0.013244,1.4512,-7.6592
-0.096836,1.3065,4.121
0.20097,-3.248,-18.559
1.3324,-4.1615,-2.9515
-2.4608,-5.7783,0.064736
1.3909,-4.7043,6.2744
0.791,-0.63609,-0.12036
2.0994,-5.4421,0.88135
-1.2148,-1.5335,-8.2457
-0.95517,-5.3925,-3.2914
-2.4612,0.053122,3.4421
-0.48091,-4.1673,0.61865
2.7838,-2.3102,-4.4695
2.081,2.7931,-2.6669
1.1698,1.4593,8.6112
5.9033,1.2018,4.4591
3.1804,3.7292,5.3468
1.0861,-1.2369,-9.2628
1.9123,-1.7246,-1.8982
-0.56569,-6.2839,5.3838
-0.91453,-6.1288,-7.0374
-0.60947,-0.082339,-5.7959
0.70636,-1.7151,-16.831
3.7659,-2.1983,-6.2643
-3.0815,-1.5383,-1.1817
-2.0318,1.8796,-11.173
0.55272,1.2828,8.976
0.8711,-3.207,-2.2632
1.408,-3.9156,5.7462
3.5001,0.30308,-12.051
0.25418,0.88816,-2.5304
-2.1162,-2.178,0.9073
-2.3723,4.113,0.36621
0.62567,2.2371,0.72112
-0.91322,-3.7509,4.0008
-3.706,4.5176,5.5011
-0.080646,-1.802,2.5505
-0.69901,2.2498,-0.50272
-2.6007,-0.43669,-0.16495
2.7913,2.4273,1.0837
-0.56679,-1.4971,0.53569
-1.4171,2.8166,-5.6026
-0.2407,-1.6109,0.86114
0.37533,-0.6916,-1.3599
3.4009,-0.31793,0.39409
3.7726,3.5955,6.0591
1.8228,-0.061241,-2.2023
-3.2649,-0.01198,-2.3319
-2.5964,2.1827,-3.7146
1.7685,1.3212,-2.7541
1.6086,-0.21822,3.756
-1.7328,-0.10466,-0.51744
-0.95987,-4.0069,-3.4104
-1.651,-0.013433,-6.9738
-1.5811,-3.3578,3.1118
1.2963,0.47637,6.6812
0.98342,1.7439,-9.6507
1.5182,-1.7383,-3.8238
-1.4074,-2.2447,3.9854
2.1767,-0.3184,-10.639
2.3739,-1.1505,8.4608
0.62056,-3.8441,2.318
-1.4786,5.6467,9.5836
-3.6658,-3.5039,-8.984
1.5871,5.3646,1.2369
-0.79247,-3.5474,4.3409
2.6949,-1.0105,-1.2635
-2.9532,0.99758,2.8412
1.0411,1.0921,-12.241
0.31613,2.4354,0.69272
2.2542,-2.173,0.066106
1.3184,0.33908,-5.1095
2.276,0.62994,-0.58008
-1.2721,1.8349,-5.0908
1.6801,3.784,1.49
-4.0073,3.8979,-3.1471
-1.5466,-4.5193,-8.4862
-1.6687,6.2567,2.307
1.5489,2.056,2.3892
-3.218,-1.449,6.4928
-1.8304,0.066483,11.015
-0.68174,-2.5669,10.356
-1.5398,2.1594,-0.58231
0.027536,2.1845,-3.6923
-2.0365,-5.1013,-0.34955
-1.7787,-3.5066,10.85
1.2613,2.3475,-2.8206
-1.9332,5.3698,3.7048
-2.4355,-1.4622,-6.2075
-0.86342,1.6209,7.3232
-0.25876,0.82691,-6.8007
1.9593,2.3236,-1.9526
3.7889,1.3287,12.049
1.048,-6.6161,-5.771
2.522,1.646,-1.0795
-3.6068,-0.41173,7.0649
-0.46276,0.28574,-9.0203
0.99376,1.65,-5.2212
0.45352,-0.54734,2.2396
1.8567,-1.2921,2.1409
4.5223,0.59721,-4.844
-0.1754,-0.91319,-2.2713
-0.088178,-0.75754,-3.8564
1.1642,2.7332,-1.2045
-0.70605,-5.9794,0.12344
-1.7847,1.6284,-4.3754
0.41497,3.6437,-7.7187
0.61367,0.17491,9.4765
-0.91667,-1.691,-2.7897
-1.1822,0.96167,-4.6651
2.1097,2.0283,-0.4318
2.2386,-1.5119,-1.9966
-0.81003,3.6775,-2.7531
0.38196,2.6164,-1.7524
-1.5295,0.39042,4.8217
-1.1655,-0.64513,11.383
3.6869,1.5918,8.1743
5.2229,1.6225,4.9845
1.0811,7.5806,9.1215
1.0795,4.9558,4.4519
-0.17074,0.75023,2.3893
-0.17911,2.5997,0.74743
-0.8507,-5.0431,12.219
-3.6269,1.9387,-0.50362
-2.4668,-1.4925,-4.7018
1.7281,5.1602,1.2584
-3.0624,1.5087,2.2835
-3.3585,-4.3488,-1.2446
-1.7942,1.5571,0.73944
1.9568,4.3173,-4.806
-1.1501,-0.6616,1.5676
1.1168,-1.4496,14.662
-2.0072,1.9464,-1.4798
1.9844,-0.65659,0.42537
1.1735,-2.7167,3.5695
3.16,2.8385,8.4981
-1.0624,-0.28557,-6.8219
-2.6657,0.53721,6.8048
-4.1605,-4.4276,-1.688
2.0254,0.66971,3.3047
0.55584,-2.5008,3.6782
-1.0681,0.38818,9.3188
-0.42724,4.4978,12.229
-0.52039,-2.773,-3.9069
-0.76263,-0.77922,-2.6358
-4.2433,-1.7134,4.272
1.1025,1.89,-4.7816
2.8106,-1.68,15.002
2.3198,3.1918,7.8263
-1.1253,-0.48531,3.3558
1.2276,3.2849,1.6901
2.0078,0.61028,-0.052003
0.83878,-0.76918,14.873
-0.44488,2.0924,-1.2334
1.0925,-2.1749,6.1169
-4.2757,-4.3523,0.39807
1.2547,1.4258,1.9263
2.9994,3.5465,1.2318
-0.9277,-0.51926,2.715
-1.2604,6.017,4.4101
-0.30421,-1.9298,1.1949
-0.093945,-0.74947,-5.9947
-2.9724,-1.7385,-1.3981
2.6214,-2.15,1.0506
-0.38997,-0.068427,-0.54024
-0.3049,-0.13686,10.869
0.25147,1.0911,3.648
-2.1885,0.0914,3.7886
-0.25968,-1.1563,-0.20175
-0.51234,-2.7921,-0.53036
2.1066,0.81358,-4.122
-1.807,0.58972,1.0267
-0.52442,-0.78792,1.7776
0.89417,-2.631,2.4845
-1.2331,0.49453,-2.022
-0.020023,-3.8154,5.9617
-1.8302,2.5202,7.0192
-2.1946,0.069111,-12.084
-1.985,0.56864,-0.080604
0.083828,0.90297,8.1171
-0.73578,-1.6446,-12.504
2.7822,-1.98,6.8582
-2.3324,3.0055,-10.021
2.221,-3.2053,-6.6622
-3.7665,1.4385,1.7759
3.5698,5.2045,2.8855
-0.80295,4.693,1.5949
3.4483,0.017072,0.36173
-1.7609,-2.2349,3.2458
1.6727,4.4225,6.5219
-2.7069,-1.1416,3.7172
-1.4418,2.9,5.4809
2.2542,-1.1728,5.2729
0.83805,-0.60596,-0.47089
0.7303,3.9468,-4.6554
-0.30129,1.7571,-6.9602
-3.2104,-0.42672,-9.0621
-1.7198,0.95744,-5.3435
-0.90092,-3.755,-4.4022
2.854,-3.9776,-2.2365
1.7871,-2.3101,-2.4271
3.2265,5.788,5.4818
-2.3002,-0.38616,9.9678
-3.0711,3.2727,3.6553
-1.9354,2.9492,-5.155
-3.6667,-2.6405,6.7232
-3.1897,-0.24159,-3.5614
0.13346,-5.1665,-6.0167
-4.2333,-1.0133,7.5252
2.8224,0.5003,-3.1908
0.34292,0.54331,0.46986
-0.93287,-7.3393,7.0908
0.55005,-1.0305,-9.1395
0.35796,-0.77017,3.0332
-1.9107,2.0199,-4.1753
-0.13311,-3.9073,1.4831
1.0928,0.7553,0.23206
-0.58594,2.4813,-8.876
0.15267,1.2495,-2.1676
-1.2153,-2.8013,0.6186
-0.78521,-2.2598,-6.307
2.585,-2.0586,1.5871
2.2814,-3.4841,6.4082
-1.3047,0.21083,5.6724
-1.2485,-0.59379,4.8796
-1.1076,-4.0179,6.8867
-0.014069,0.51537,1.6457
-0.54803,-3.543,4.5531
0.72518,-0.51528,6.295
-0.12552,-3.3718,-4.2313
-3.3903,-6.9962,-3.8556
2.6047,1.4387,11.799
-1.0845,-4.3764,2.3896
-0.11697,-3.4153,5.4658
-3.0543,0.51146,7.9117
1.2988,2.3953,3.6317
-2.7321,-2.3228,-3.5906
-3.6437,-4.4013,-1.5974
-0.0097829,0.34021,13.74
1.3619,2.2531,-4.7712
-0.22467,4.5942,0.16023
-0.70449,-2.3591,3.9909
1.6445,1.784,5.8956
-1.4641,4.4959,2.84
-0.24115,0.8016,-0.4551
0.54952,0.30699,9.9908
2.6406,-0.39221,-3.3882
2.6095,2.6119,2.7184
2.2903,-3.0583,-4.5827
1.4957,-6.2659,0.44028
0.15098,-0.12168,-3.9785
-2.8174,2.9007,11.581
-0.19392,-3.9627,7.8002
0.5848,1.2816,11.495
-1.2238,4.3844,-0.71113
0.32766,-1.3555,-8.1339
0.98567,0.38636,-0.21755
-2.8518,-1.4906,0.48976
-2.0249,2.988,-5.3891
-1.5783,2.3684,-6.9836
-1.5016,-0.72699,-0.75362
-0.74803,-1.9699,1.1089
-3.8079,1.7006,6.269
-0.87826,1.7014,2.794
-1.0911,-5.113,-9.2627
2.7455,5.8837,0.89927
-1.1776,-1.3108,-6.1679
2.7037,-0.16755,4.3231
-0.92707,2.1741,-3.9474
0.93158,4.5833,-5.186
3.2546,2.3126,-0.85884
-0.3571,-3.9528,9.4481
0.47771,1.6002,4.3938
2.7427,-1.0643,-8.9195
1.2483,2.9227,7.9979
0.24234,-2.3335,-11.201
-1.0237,-5.7137,6.3014
3.1979,2.205,7.9519
-5.6554,-0.4962,1.1409
-0.85671,-1.4715,3.0689
-0.77236,3.8229,2.2146
-3.2375,0.054919,11.433
-0.4667,-0.52495,-0.71158
-0.43351,2.9971,-2.2062
-2.5783,-0.55477,5.9288
2.2165,-0.066133,-5.1412
-0.57007,-1.2581,5.2606
-1.5915,-5.2366,0.98191
-0.67857,2.2249,1.5096
1.1924,3.3815,5.0421
-1.1917,-2.6221,1.579
3.0413,2.9714,16.376
-0.51428,0.086744,-0.67177
-0.091881,-2.5402,0.3785
0.5897,3.4346,9.416
1.9444,0.37144,3.6659
-5.3793,-2.8214,-2.5229
0.55117,-0.48687,-1.331
0.65204,-0.2695,-7.0836
-2.3116,-2.2148,1.1231
-2.6901,-0.16841,-3.8751
-1.5824,4.4386,5.2232
2.4726,3.1729,6.4349
-1.6294,4.4692,-1.2637
3.6201,-6.148,-1.989
0.22821,-1.8641,1.8064
-1.4238,-4.7994,-9.5456
-0.67445,-0.097994,-0.96197
1.026,2.4692,3.0871
2.0178,-1.3889,0.94117
0.019064,-3.5183,-6.3793
1.5886,-1.3653,-13.026
0.043964,-1.4939,6.6701
3.8276,0.30557,7.7006
0.20719,-1.0294,2.9013
-1.2092,-2.2714,8.8769
0.3202,-4.5996,5.078
1.1028,5.2605,-9.7729
-2.0201,2.0253,-4.2166
-1.2701,-1.1001,8.4113
-2.1721,-1.3697,8.748
1.4659,1.8193,-3.3198
1.039,0.29398,0.95628
-2.3606,-2.7338,-5.9813
2.8128,-0.062507,-0.70999
2.0282,0.11188,-10.992
1.7339,4.373,-6.5783
-2.6111,-0.68901,9.8205
-1.9707,7.0124,4.8976
-0.27362,0.78896,4.375
0.52724,-5.9295,3.1035
3.9348,0.94489,4.3908
0.2706,4.6852,-0.14618
-0.23514,-3.5169,4.2645
1.6948,-0.40963,5.0377
0.54885,2.1528,-2.7858
-1.1741,6.9593,4.9785
0.71558,-1.8864,4.0346
0.0024728,-0.64599,-2.5826
0.97223,0.9343,-1.68
0.26039,-2.0844,1.625
-0.49596,-1.6589,9.2667
0.80962,-3.0922,-7.774
-2.1409,3.0652,-1.5326
0.20271,-3.1869,9.5376
-1.509,-2.6721,-0.97074
-0.98841,-1.2896,-7.7089
-2.479,-1.942,-0.89873
-0.79163,-0.18608,2.0174
1.7217,-2.3975,1.6048
-0.36121,-3.4204,2.5993
0.83815,-1.3515,-3.8297
-2.6717,3.3021,4.4104
0.3408,-3.1233,-2.7258
-0.030076,1.5828,1.1228
-1.4846,2.8638,-0.82878
2.6584,0.56611,-4.6983
1.9483,-2.7312,-5.901
-0.96157,6.1226,-14.978
0.78217,0.386,3.0993
0.14257,0.00083207,-18.24
-2.0551,1.4977,-2.3876
-1.9337,1.1817,11.192
2.7364,2.2051,-20.961
-2.3068,-2.5623,-2.4381
0.3238,0.99691,3.4813
-0.13839,-1.23,-2.0311
-1.5074,1.7962,-6.1323
-2.292,-2.4047,-1.4492
1.3005,2.0015,7.2522
-0.008085,3.3795,0.75834
1.0167,-2.8286,4.2075
2.6946,1.8015,2.1718
0.97716,-4.9256,-5.3397
-4.6632,-4.5908,-1.2736
-1.5832,-3.4298,2.2216
0.38305,1.0275,15.711
-2.5652,-2.2593,-0.57381
-1.0745,-0.86287,1.5473
-0.48724,6.6489,12.9
-1.0125,-0.22664,-3.0774
0.41349,-2.204,-0.69374
-0.13248,-3.2452,-1.4693
-3.0755,2.1439,8.794
-1.6032,2.2485,-9.991
0.70283,-4.9598,-2.9535
-2.6107,0.45848,6.0259
0.24385,-3.3212,5.3792
-3.393,0.7263,-6.8263
1.4481,-0.80745,-10.144
0.19265,-3.4012,9.2827
-0.39045,-2.8369,4.7782
0.94796,-1.3484,1.6701
-2.4813,-4.8199,-3.0468
0.87188,-1.5218,8.0486
-1.3572,-2.64,-5.4226
-0.27566,2.1432,4.3839
-1.1788,2.3975,5.8554
-1.6273,-0.82884,-1.3091
1.4838,-4.7358,-3.0263
2.4556,-0.69797,-0.16464
-1.5648,-0.45084,5.5718
1.0681,0.67653,0.94463
-2.3054,1.3773,5.8312
-1.6767,2.2987,-2.227
0.4794,-1.0611,6.2957
-1.8744,1.3458,-3.8998
2.1229,-6.3604,-1.0664
1.2187,-2.5858,-2.5621
-1.7854,1.1885,7.4402
0.0060937,-1.948,-1.0125
0.31747,-3.6183,1.7356
2.7371,1.4663,3.088
-2.435,-2.8995,2.1629
-2.5059,3.5791,6.4026
1.3641,4.1272,6.6291
-1.3354,-2.1179,2.4605
-3.9822,5.9759,2.7022
-2.3008,-0.26195,-9.4858
-2.3913,-1.9423,13.898
-1.3894,-0.93936,-3.3223
0.78939,-1.5403,4.1317
-2.165,2.2856,-0.22421
-4.4151,3.3022,11.207
-0.86301,4.0357,-0.10228
-0.58443,-3.3493,9.6438
0.53221,0.11318,1.6556
0.58945,-0.096945,2.6286
2.2702,-5.928,-1.3415
2.3614,0.89746,8.2056
-1.8621,4.8677,4.5492
2.1723,0.22517,6.6169
0.49708,-0.58692,8.9116
-1.6421,-2.0442,6.3435
-1.3876,3.1825,-0.24154
-2.595,0.86917,-9.7464
0.12723,1.7938,6.5958
-0.64519,0.035135,6.7587
2.5703,-2.8888,-0.062492
0.22667,3.1987,-10.451
0.30457,0.20006,2.0435
-0.19143,-1.6334,-0.7948
-2.074,3.7031,3.875
2.2797,2.0098,6.6733
2.6019,-1.0046,-8.3319
3.0079,-3.5226,-8.6393
-1.8727,2.8466,-5.9548
-0.40012,1.111,4.8694
0.33625,2.8979,-9.5648
-0.15675,0.63718,12.672
-2.1371,-3.7514,2.3663
0.66125,3.935,8.0238
2.9918,1.354,-6.9898
1.1559,3.7099,-2.4451
0.69367,3.8789,0.47909
2.6242,1.6244,2.336
1.7717,-0.45494,-0.88746
-2.4299,-0.26519,-0.31327
2.7593,-2.1175,4.6508
-0.17323,-4.1135,-1.3729
0.87404,2.8481,4.4611
-0.71656,-1.0089,-6.0754
0.71071,-3.2419,7.5502
2.9541,2.7998,-0.47319
-2.3219,-0.72572,0.98763
0.91515,-7.1649,-0.36468
-0.50835,-5.0843,-4.2425
0.72329,-1.5367,0.97694
0.97441,4.9433,-7.0186
0.78488,0.41102,6.7918
-2.0605,2.579,-1.2367
-1.5813,-3.6302,5.7833
0.17545,2.2185,2.3212
0.8226,3.1471,-0.29175
0.18638,-2.5119,1.6906
-0.72537,-0.13453,1.2984
0.93197,0.64471,4.8262
1.3029,-1.9442,-0.47588
5.2037,3.7461,-12.221
0.86341,2.0304,-7.7511
-0.89841,3.0819,-2.8974
-0.74118,1.7458,-1.2068
1.0573,5.1789,-5.9054
0.27078,-1.3346,4.8853
0.030719,-0.83291,-22.094
-0.73539,0.92198,2.181
2.2133,-0.69009,0.97054
-0.81266,-0.031189,-5.7471
-1.7253,0.36823,-0.22325
0.33662,-4.6991,5.8742
-0.27148,-3.0791,-2.3622
2.1423,0.21341,-2.1884
-1.4068,1.36,14.086
-1.8375,6.2732,-3.2085
2.9303,0.086815,4.8828
-2.9912,2.8332,8.4763
0.36298,-0.7326,11.988
0.92341,1.1996,-10.45
-0.75958,3.0015,12.063
-2.6972,1.4567,1.8953
0.18993,-2.3613,-2.3647
-2.6706,0.71247,-0.042689
0.92638,2.9775,-7.2683
0.30584,-1.4946,4.9368
-0.66468,4.1117,6.4996
4.5897,1.2165,-4.9236
-0.14038,2.4272,-2.6241
-0.68467,1.2277,2.6001
-0.24877,-1.64,7.7523
0.65332,-0.25914,-3.3592
1.8586,-0.80287,-1.7621
1.2722,1.7668,-1.6436
-0.82443,3.4595,-9.3371
1.9554,0.97112,-4.6835
-0.51324,-1.3474,7.7361
-0.47415,3.6679,2.2972
0.31968,4.5161,-0.5849
2.1874,-4.7828,-6.5544
2.5816,-2.5273,-3.4472
4.2574,1.245,1.0962
0.93743,-1.6816,4.7057
1.4265,0.95356,1.2428
-0.88592,3.2707,13.001
2.099,0.7324,-1.7321
1.2355,-1.0909,2.6959
-1.4901,-0.78532,-5.2855
1.8698,0.59099,3.1531
-0.19174,1.3511,-14.998
4.3972,7.1038,2.9068
2.1574,4.847,-8.6136
2.1583,-4.3787,8.719
2.2894,1.5527,-2.2877
-4.478,1.3623,0.34054
2.0146,2.5232,13.904
0.6968,1.6375,0.64646
-1.0627,-0.13716,-0.28337
-0.99245,2.0846,-6.8544
-0.5893,-3.8742,5.63
-0.22495,1.2275,-0.12764
1.9489,3.5572,4.6301
-0.74776,0.1081,6.5777
-0.20491,1.8594,6.9206
2.3867,0.12941,6.5695
-1.3397,2.6535,-0.73345
-1.5397,2.9828,14.832
0.91932,-0.96827,0.68978
0.66044,8.5426,0.089237
-3.9505,6.4257,1.4533
-1.1746,-0.9945,-17.492
0.81488,2.7653,-1.9373
-0.072817,1.9476,-3.2453
1.9059,0.075192,10.098
-1.9254,1.2144,-3.6873
0.35782,-6.5282,-6.5935
0.29514,0.17833,-8.7874
-0.66711,1.8393,2.6704
2.1983,-0.39057,4.3578
-2.0239,-2.52,2.1783
-0.45545,-5.042,8.3578
1.501,0.93028,-1.6554
-0.68308,-1.8698,-3.7959
0.80051,0.23247,2.8754
-0.50358,-1.0761,-5.4164
-3.3117,1.7773,0.26193
1.4555,-2.4407,1.7474
2.3035,0.13645,15.837
1.116,-5.0703,1.1102
1.788,-0.36394,8.866
2.3965,-1.5972,1.3639
-2.9179,-0.0056401,5.2632
-1.1492,-2.1331,-4.1044
0.72181,0.84544,-0.56319
-1.9899,4.3591,-4.772
-1.8648,3.7645,6.9564
-6.1562,-2.7246,-4.6742
1.7319,-0.31927,1.0175
1.6277,5.5382,6.089
-1.6295,-4.33,3.6851
-3.3865,-2.1577,3.4213
-1.5486,1.6178,4.7217
1.4488,-3.1266,-4.7825
-0.063459,0.44779,13.865
0.065097,4.4693,0.85433
-2.7234,-4.3695,-0.63879
-2.3916,-1.1456,2.4896
-1.2813,2.9141,8.1132
1.6196,1.0945,9.0852
1.2566,0.39822,2.6731
1.7772,-0.31062,-9.0308
-1.0562,-4.1542,1.704
-0.14983,-3.5901,-1.3308
0.3408,-1.8972,7.3758
2.6867,-2.5524,-1.9988
2.9343,2.2027,2.1998
-1.2388,0.43021,0.56754
1.1949,-2.3179,10.678
-0.62047,2.3243,5.2181
2.7525,-0.53076,2.9162
0.35653,-1.1337,-5.0616
-2.3468,1.8535,10.498
0.91198,1.6551,2.8747
1.7379,-0.064608,10.011
0.28065,-1.6675,-11.37
-1.7578,-3.6284,5.1134
0.94986,-1.3386,-4.5581
-5.1102,-3.0975,0.91135
-0.45327,-4.4714,2.0176
0.15898,-0.08532,-6.7665
2.8871,1.3761,2.1245
-0.071924,-4.4141,5.6691
-2.3636,2.9017,7.8992
-1.8446,-0.46245,-3.1644
-1.6958,0.86033,-11.197
1.8534,-3.5188,8.0836
-0.89924,-2.3198,1.0618
-1.4651,-5.2801,4.9865
-0.4929,-2.2104,-3.721
2.0498,-5.9204,1.2585
-2.1054,3.2185,3.1141
1.9078,-5.8902,7.7065
2.4015,0.89263,-2.1186
0.043502,0.22451,-14.088
-2.3232,0.33226,-1.1056
0.46387,1.9128,9.7306
0.43616,0.26222,6.4951
0.19517,-2.6633,-0.34192
4.7064,-1.4194,0.96189
0.87297,5.1273,7.5962
-0.3048,1.166,2.6586
3.5684,0.05708,6.789
-0.76312,1.0462,-11.574
2.0115,-1.4081,0.18938
0.46606,-0.66327,-9.3062
0.79604,0.12508,6.4577
-1.7952,3.6311,-3.4039
-2.0147,-0.88953,-1.1914
-1.4428,-0.55131,10.544
-1.1909,0.37911,2.8389
-2.3667,-2.4269,-7.609
-2.5596,-2.4271,3.5232
-1.4944,2.4808,3.9278
1.344,2.9061,3.7262
-1.8969,1.531,-7.101
-3.769,-1.2026,1.9913
-0.086652,0.58967,-8.5622
0.56159,1.136,0.51664
2.5561,0.72088,7.7485
-0.16796,-1.0293,-4.8606
1.8445,-0.93509,11.593
-2.2959,3.8672,-4.9642
0.30453,-4.479,-8.6259
3.3187,-1.7941,-8.0632
-1.6074,-7.8905,5.4299
2.6519,-3.0924,-4.7708
1.0829,0.019699,-10.924
3.2849,-0.90214,7.0058
-0.39341,-4.6792,9.2965
0.90087,2.2129,5.3093
-0.90538,4.5252,4.6664
-0.35952,1.0178,8.3966
-4.5876,-2.772,-13.211
-2.2075,0.042997,-2.3057
0.63173,-3.1648,-8.5363
-0.0096095,-0.39537,1.221
0.36352,0.51602,-1.4435
2.7826,1.6411,10.472
0.82081,-1.919,4.0164
0.57631,0.36997,-2.5596
3.1854,1.6603,-2.4281
0.14219,1.0328,-11.425
-0.40724,3.1605,-2.3576
2.9479,-2.7796,2.2346
-0.82264,-2.0253,-6.951
-0.92153,0.43144,-1.3914
2.1062,1.7264,-7.5627
0.6666,2.0448,-3.0079
1.0763,1.1044,2.267
-0.71982,-1.6246,-6.133
3.9977,0.23467,-3.3221
1.8647,-0.022055,9.1484
2.2652,1.7887,9.3529
-3.8151,-1.9387,4.0379
2.9693,-3.8209,0.90333
0.014355,-5.1152,-3.5997
1.5912,-0.012629,2.8867
-0.067763,2.4886,-1.1385
0.39504,2.4916,-2.1272
1.3426,-0.13195,1.2268
-0.76815,0.27304,5.1112
-1.0721,0.046935,2.207
-3.0478,-4.4968,1.273
1.4221,5.007,-16.787
5.2762,2.1427,1.4394
-2.1718,-3.2674,-1.9796
-1.4307,-2.9328,3.5649
-0.54452,-1.3307,-11.468
-2.5346,-0.89947,3.2944
0.77064,-1.0035,11.121
-1.0049,-1.0826,-4.8812
-0.10051,2.8829,-1.6532
-1.9891,2.7198,13.346
1.4336,-2.3554,-3.1372
-1.7599,-1.2426,11.503
-1.218,0.72614,-0.89963
-2.381,0.67091,6.3856
1.1101,1.1974,2.3189
3.4601,-2.7902,-0.28689
-0.33742,-0.0030402,1.7376
-2.4763,0.12992,-6.8262
2.9543,-2.7333,8.4304
-0.69481,5.6751,-0.91887
-3.377,-4.453,-2.0114
5.2176,0.97272,-1.1429
1.2429,1.3987,1.6927
1.0719,-2.1841,-2.3589
-0.039769,0.29927,-6.9153
2.5506,2.2092,-5.9343
2.8469,-2.3117,-3.6877
-3.056,-3.5809,-4.7242
-0.88958,-3.0891,9.7377
-3.1995,-2.1729,4.1641
0.98147,0.56436,4.4759
-5.5961,0.68449,-3.4732
-0.76784,3.0122,8.608
0.85884,-2.2735,-2.0159
-2.4211,-1.9766,-1.5063
-2.1021,-3.9838,-6.711
-0.22954,-9.2565,2.6133
-2.6258,-4.4251,6.3985
0.9704,1.1927,-2.1825
0.70209,-6.3635,-0.74345
2.2313,-4.3335,-2.1316
-0.25257,1.7428,-8.6936
0.28315,1.2614,3.1738
-2.2992,-7.5186,8.2977
-0.51296,-1.5845,-2.252
3.1311,-4.3514,11.741
-0.7006,-1.6488,-11.165
1.6084,-4.5452,-8.4229
0.82067,-0.53254,0.021684
-2.2408,1.4307,10.151
1.3106,-0.946,-4.5408
0.069923,1.6588,0.81406
1.5321,0.91213,0.95937
0.36083,4.9868,0.097738
-1.1654,-0.18933,-4.9534
3.8114,-3.7912,4.2372
0.36686,1.5935,0.61688
0.44632,-0.74094,-7.9126
-1.9801,-0.34956,-4.2294
-3.5581,-4.032,9.5246
2.4667,0.92967,1.543
3.1117,0.938,3.4815
0.41369,2.4044,-5.0567
-0.016789,-1.263,-4.6885
-2.0403,1.0148,8.1012
-2.1596,1.35,4.3665
3.7406,-2.4396,-5.4743
-0.40131,0.9769,-6.3211
-0.30066,4.5759,3.3423
-2.3211,-0.96598,5.4446
-0.56471,0.79315,-0.69964
-0.53649,-1.3942,-4.2325
2.4278,0.9458,0.15903
1.5935,-0.25065,-11.722
0.12882,1.7832,8.3407
0.54321,0.33782,4.5366
-2.8616,0.63344,-9.5765
-0.28265,-0.31806,-1.2032
-1.9643,-4.0573,-7.592
4.6773,-0.83687,-4.9348
3.4818,-2.3994,-6.0109
0.3121,-3.0225,5.3869
-2.2694,1.3571,5.8033
0.47822,1.0258,20.392
0.67129,1.0058,0.91951
0.17756,1.7788,-8.255
-1.177,-3.4662,-7.5947
-1.7881,-2.3385,-0.40657
-1.9406,0.89302,-5.4744
-3.2591,0.32489,-6.0753
-0.28929,2.5965,-0.75389
-2.716,5.3542,-1.1152
1.3063,5.0125,11.302
2.1698,-6.3922,7.9004
0.87823,2.0211,-1.2923
0.96585,1.0662,8.6483
-1.2569,0.26989,-2.8431
1.9236,-6.8727,-0.67009
1.9917,-1.2477,-7.3219
-1.325,-0.9814,4.3464
-0.65238,0.37903,-5.7165
-2.0036,1.0208,3.7519
-1.5912,-0.85506,-4.1628
-1.2301,0.95381,-6.2012
1.2021,0.6727,-3.74
-0.84587,-5.1104,3.8352
0.19254,-2.03,-3.9677
1.0515,-0.77898,-7.6766
0.56334,3.1503,-13.453
0.13468,1.5726,7.3481
-5.251,0.9168,6.9207
1.491,3.471,4.3033
1.7138,-6.496,1.8459
3.7358,1.9755,-2.9241
1.29,-2.3906,1.531
-2.7033,0.24698,7.2043
-0.19812,-3.1452,-2.7618
-2.1726,-5.1624,-6.5055
-0.23298,1.0574,9.3283
-1.944,-0.052174,0.0093505
-2.0423,2.7152,-2.8954
1.8606,-2.17,0.50231
-0.041217,2.8999,-1.1302
0.27788,4.7446,-5.2503
1.1477,-2.8696,3.0609
1.195,-1.5603,-7.7201
-2.8509,-0.47728,3.2032
0.42692,0.91502,-5.8703
0.73373,1.0031,-2.6949
-1.6447,-1.4051,2.4927
-3.1688,3.5277,-5.0314
0.91207,-0.025841,-14.981
0.71576,1.3144,-7.9435
1.0386,2.6722,-5.3054
0.27712,-1.3709,-11.919
1.3728,-2.5564,3.4319
-0.088745,4.7008,-5.3862
-0.65283,-1.8699,-1.6677
-0.79613,5.1247,5.0423
-0.5593,-4.3911,-6.7796
2.9346,5.8602,5.2761
0.24424,-2.0616,-1.2743
-3.5696,0.59785,-6.9857
0.032054,-5.7544,4.7955
0.39327,2.959,-0.19273
-1.7849,3.2828,4.2852
2.7121,0.40239,5.7699
-0.6586,-4.4322,-4.3834
2.9664,2.3722,2.7838
0.53776,2.4835,2.0677
-0.60273,-0.60787,-16.398
-2.2365,-2.5177,-7.5741
-0.74439,-0.0931,-1.678
1.5802,-3.9617,-2.4741
2.6928,1.4636,-10.158
1.029,-5.122,-2.2641
2.0986,4.0554,2.2848
1.0428,1.6225,-10.188
1.6251,5.6496,5.5576
0.10448,1.7972,2.206
3.099,-4.6136,8.076
-1.2943,4.0649,2.4845
2.4603,0.072499,-11.108
-1.3155,0.54311,-0.27324
0.46813,0.62368,-7.4823
-2.4159,-2.2439,-3.714
-1.3507,-0.87723,-2.0105
0.54607,-0.93293,0.79641
0.20845,-1.7561,13.365
0.40812,2.8162,1.8699
-0.45412,-0.33127,-0.70918
-0.98603,-3.5751,4.8987
-0.31494,-1.3237,-5.6531
-0.65736,0.78112,-3.677
1.8039,-0.6826,0.49967
2.6921,4.6087,10.656
-2.2151,3.4363,-14.079
-0.23298,0.74871,-1.5117
-3.1945,5.6218,-0.27754
3.192,-2.7385,6.1248
0.60807,1.0777,-3.6262
0.29604,-2.5422,7.2337
2.9754,-2.3189,-1.556
-1.967,0.9814,-7.4025
-1.8079,-0.35869,-10.59
1.7314,1.9002,-1.6856
-4.5603,4.5159,-12.261
0.5005,-0.61755,-3.5429
-0.45945,1.03,1.8706
2.2948,1.7412,6.0173
-1.5702,-2.7288,-6.2694
-3.9849,0.96474,-4.0763
5.4518,0.65887,-5.2969
0.94678,-0.73365,-10.392
1.0595,-2.408,2.7219
1.0606,-1.7703,14.368
1.1302,-0.95642,3.8855
1.8337,2.049,-8.9386
0.55966,-5.1634,5.4217
-0.053129,1.3172,3.054
0.37847,4.6526,2.0212
-2.0442,-0.95962,1.8347
2.2339,1.1913,7.4791
1.3866,0.64044,-0.7889
-0.56321,-3.5345,9.6367
1.0774,-4.0744,0.91996
-0.79058,2.4168,5.9923
-0.77329,-0.037354,-6.2447
0.24844,-2.9828,7.974
-0.10747,-2.2655,2.3645
0.018486,1.3549,-5.5873
1.8708,-0.57343,2.9472
-1.6143,-0.62024,14.951
-2.8418,-0.76547,2.6616
-1.7339,-2.9475,-2.476
4.4278,4.0455,-4.0362
-4.1458,1.8893,-1.4518
-1.3379,-0.60593,9.38
-0.41853,-0.61609,2.6487
-3.1362,-0.23519,5.8679
0.62332,3.3266,0.48459
-0.31451,-1.0972,5.3827
2.1328,4.3666,9.1957
2.4788,-0.13596,6.9921
-0.37284,-2.0553,-6.1126
-1.8797,0.56769,-0.6679
1.1365,-0.038749,-4.7137
2.3231,-1.9148,-4.3294
-0.30218,-0.4586,4.6409
1.5335,-0.19834,3.2856
-3.6175,-5.5629,-2.8133
0.3082,-3.2607,-2.7641
0.45211,2.6265,-4.3834
-2.3289,3.9749,-8.091
0.18902,-4.1886,11.332
1.773,-0.49705,3.3051
-1.1543,4.5248,0.45468
3.9182,-2.8611,-3.1016
-3.0502,-0.83959,-2.7485
0.65631,0.43577,10.868
-5.0756,-1.3459,1.9021
0.070791,1.8411,-3.8806
-0.8063,0.13101,7.226
-3.0982,-5.6051,8.7241
-0.61513,-1.3246,5.6745
-3.3838,-5.5103,-5.8389
-1.0687,0.64569,-4.9983
-0.69922,-0.27176,3.8168
-1.3237,-2.7323,3.32
-0.95902,-5.1975,-3.412
2.6728,-4.1261,5.6373
0.65095,1.3399,-1.2248
0.94954,-0.96527,-8.8022
-0.26016,1.028,-9.2518
1.0659,-4.3827,1.3239
-3.3729,-3.8059,1.076
2.137,-2.1025,-5.1037
-0.39245,4.7955,-4.7509
-1.5296,-2.472,-2.732
2.6807,-1.3507,3.7024
2.3364,-0.76388,4.3971
-1.3284,0.45496,1.1258
-2.8142,3.7181,-1.5578
1.3405,2.9738,3.2257
0.31659,-1.56,-7.5156
2.4173,1.6681,-1.0307
3.287,-2.7518,3.9826
0.57736,3.3845,3.1895
-1.5056,-1.3519,-1.4666
-0.46549,-1.2024,4.9542
-1.6504,3.111,4.3029
0.53332,0.18925,8.9615
-1.5975,0.94341,-16.823
-3.4587,-1.1776,-4.6601
-3.6172,-4.6147,-2.5289
3.5555,-4.3889,-7.9423
0.60732,1.4621,2.114
1.0108,0.17785,0.75176
3.5092,-1.6617,3.0753
-0.88919,0.54366,6.1837
0.92247,2.2292,7.0897
-3.2829,3.6766,-4.2643
-3.0123,-1.6059,-0.27477
2.1841,7.2301,2.3625
2.2381,-2.7088,5.4267
2.4904,2.265,-1.4374
-0.1908,0.19831,1.0651
2.2523,1.6371,2.737
1.8263,0.98213,-8.7307
-1.84,1.9311,0.77309
0.88241,-0.37254,2.6991
-1.18,0.82205,6.5176
-3.3313,0.87203,-3.8674
-0.78913,-0.29308,2.0549
2.1026,0.42564,-4.5075
2.1359,2.3577,-2.828
3.7128,2.5671,-6.1916
2.6482,1.9554,-10.132
5.1845,0.56778,-1.2895
-1.5145,-0.45758,4.9579
0.013057,2.8875,1.912
-1.1188,3.3303,1.5281
0.09395,5.3348,-3.091
1.6358,0.36339,2.6887
0.1927,0.74814,-2.7481
1.5448,1.7387,-11.299
1.0739,-1.2555,7.9955
-3.9502,-1.83,-8.2105
-0.40698,1.3208,0.75525
-0.42417,2.4264,-6.1433
-0.44839,-0.21738,8.3565
-3.8559,4.0965,12.379
0.72334,-1.3363,6.279
-1.4404,4.0104,-5.8408
-0.96216,3.5505,11.04
0.53036,2.9443,-3.0847
-0.4794,0.31649,11.921
-0.67784,5.1482,3.177
4.2725,2.3959,-5.3309
0.47866,0.69014,-4.1402
-1.6676,6.2053,-4.9892
-0.088116,-6.5788,6.6033
-0.11581,3.364,-5.0472
-0.21576,-1.8018,-8.0071
0.36237,-1.7103,-1.3793
4.8029,0.0012173,-2.282
-1.201,-6.4201,-0.43224
-2.1387,-0.56076,-6.5738
0.66662,-0.68912,3.8271
0.29635,2.259,-11.033
-3.5914,1.3175,4.9673
1.4882,3.6325,-7.521
-2.8494,2.6743,-4.8972
-0.41833,-2.4381,-3.2215
0.90838,0.99086,-0.32269
1.1835,3.5552,-0.77927
2.1992,-0.15579,-4.4995
1.2335,-1.4248,-3.6483
-1.013,-1.0783,6.4283
-1.1547,-0.19721,2.7508
2.771,1.8226,-1.1461
1.271,0.77359,3.4369
-1.4507,-2.0488,-2.8416
0.63703,-4.7562,-1.2308
2.5253,1.1277,-4.6081
2.2361,3.0727,2.5653
0.086851,3.4389,1.1725
-1.2581,0.73889,0.066288
-2.2661,-0.50126,3.1801
2.7414,-2.5792,-5.1404
2.0357,-3.1558,-3.9654
6.3702,1.0962,-2.7802
1.3477,-4.0658,-4.2265
1.2931,-3.3736,2.6059
1.7782,-6.3901,-1.141
-5.0512,0.033023,6.4777
1.0326,-2.1481,1.1711
2.0779,2.8464,1.7029
-3.2821,-2.5325,-1.9044
0.6053,2.6984,2.7577
-4.4123,-0.61541,16.537
1.6103,-2.983,-0.79429
1.0681,2.844,-13.61
-0.52413,1.7245,9.328
-1.3758,-1.6499,1.06
-0.11707,-2.1315,-7.1015
-3.4423,0.23931,-0.71877
1.0268,0.89295,14.427
-1.6864,4.1801,6.6592
1.539,1.8767,5.2295
1.5369,-1.036,-2.8014
1.7177,-3.9189,-3.1267
-1.4626,-1.1815,3.6445
2.8412,1.3988,0.81273
2.422,0.53544,-8.667
-1.0576,1.2107,-3.4641
1.1715,3.1783,6.9292
-2.0172,-0.57056,8.3049
1.3036,2.4117,-1.8042
-2.1572,1.9713,-5.1423
1.8696,0.62897,-3.275
-1.6686,0.81807,2.8791
-2.3357,1.9009,-0.087264
-2.4433,1.3721,-4.6075
-1.93,-1.5157,-2.4958
0.81653,4.6166,9.2973
-2.6983,0.81509,-2.0288
2.2736,0.33429,1.7617
1.8672,1.7536,2.3613
1.6989,-1.3216,1.4555
-1.5677,2.6286,6.7555
-3.8765,2.3634,-3.1259
-1.1066,-1.9725,7.2671
-0.97216,3.0544,-5.5803
-4.1974,-5.5013,-7.2481
-1.447,-5.0131,-1.8313
-1.2639,0.16182,5.549
0.53593,-1.1559,-0.14398
-1.2092,-2.2702,3.0838
2.2109,1.9922,4.7835
2.8004,0.45539,-0.39129
-1.9778,-0.51192,-1.588
-3.1642,-4.6693,3.9777
-0.61534,2.2542,0.37148
-0.62871,-0.21163,-11.294
-1.2352,-1.4728,3.5027
0.67804,-5.3811,5.7597
1.6433,-0.13009,14.145
-0.040496,1.3331,-8.6307
-0.29347,0.15747,6.9463
0.94567,2.8142,7.3117
-2.2159,-1.9091,3.303
0.23385,3.8875,7.788
2.6775,-2.6598,6.9002
2.7333,-0.67842,-4.5986
-2.1784,-1.2865,-7.1119
-0.79114,1.2693,15.856
0.17413,3.7564,5.8854
3.3568,0.99218,4.0099
-1.1109,1.7346,-1.2375
2.0079,-1.0389,-7.113
2.261,5.1958,-4.6209
-2.9695,6.906,-9.591
3.1508,-2.0316,-5.0228
0.83794,-0.20916,-7.1883
1.0196,3.6244,-1.2344
-1.7279,-0.5266,-5.7526
3.3983,-2.3479,-12.82
3.7692,3.1921,1.1256
1.9597,0.82322,3.3506
2.2783,-0.073362,-2.4507
-1.538,-0.33926,-1.5057
1.5415,-1.3158,-3.4071
-0.058934,0.05448,12.895
-0.1548,-2.4229,-1.5993
0.12853,-2.6649,-1.7953
3.0867,-2.1244,3.9011
-0.82915,-0.90723,7.3961
3.2485,1.5536,-2.6639
-0.67254,-1.0592,3.3564
0.70377,-5.0201,-2.5781
2.7362,-0.15675,-0.96016
-1.6133,4.7195,9.6784
-0.90498,-1.9688,-4.2672
-0.27531,4.0754,6.559
-0.85095,4.2541,4.8653
-1.5546,0.58317,4.0415
-1.7888,2.1792,-4.451
-0.78225,-1.2867,-1.0272
0.38243,-0.010369,4.1671
3.5652,-4.2324,16.385
0.936,-0.87383,-6.7142
1.316,-8.2889,0.74227
-2.8332,-1.8013,5.3005
2.2072,0.96065,-0.34467
3.7568,0.05691,-6.9216
-0.42804,1.2338,3.1677
-2.2229,-5.4503,-5.6255
-0.53272,3.2742,-2.1997
-0.20063,-1.1528,-0.67134
-4.7321,-0.31401,-3.1805
-4.9587,-0.17252,-1.5055
4.5539,-8.2899,-4.0504
0.6521,-0.75005,4.5584
3.1345,-4.1617,0.015994
-1.336,-5.918,-4.4267
-1.528,1.0921,3.8838
-0.3971,1.2433,-4.3721
0.40559,0.8729,10.854
0.13247,0.53883,4.3926
4.0449,0.52636,2.7175
1.935,-1.8551,8.9675
2.0555,-0.093811,-0.10969
2.5328,-4.3768,-5.0291
0.88979,0.63418,9.483
-2.151,4.3197,2.1295
-0.091297,-2.0549,-4.5642
-1.5316,1.9162,-3.002
1.0291,-0.46974,-3.3548
2.0989,4.7174,-10.457
-1.4635,0.68585,4.0384
0.32299,1.3306,5.2883
0.39917,2.0135,-19.187
-0.41711,2.2096,-1.168
3.134,-1.2702,-10.764
1.9594,3.681,5.1196
-2.6044,0.59728,8.4449
0.8434,-0.56607,-2.9826
3.032,0.49583,-1.1283
-0.59426,2.5884,1.9369
-5.7037,-0.9407,4.6991
-3.2229,4.0321,-8.1265
-0.81224,1.5612,-7.7395
-0.5603,-1.8776,-1.3968
-1.453,0.19043,2.5677
-0.98349,-1.3821,-15.059
-2.8376,2.3443,-2.8845
2.4216,-1.0346,-4.0586
2.5887,-3.1288,8.5454
2.5854,-2.4275,-4.9329
0.77626,0.25323,2.1874
-0.7675,6.5736,8.1113
-0.89918,-2.0175,-9.6486
-0.43916,1.3484,4.9922
-4.3416,-4.1222,-3.0215
-3.2065,-0.46508,-5.2832
5.5413,-2.4618,-2.9366
1.5837,0.048659,3.8419
0.41066,1.6116,0.0655
-3.1781,-2.0259,2.0531
-0.073675,1.5743,11.791
0.075003,0.8084,-2.4066
-2.2276,-1.0094,4.483
5.118,-0.5078,7.4973
1.0667,-0.35283,5.0389
-1.0455,-0.092679,11.014
2.2153,2.7666,1.943
-0.56165,2.7522,-0.25856
-2.0888,4.292,3.5585
0.38413,0.62654,1.8717
1.4146,0.47947,1.0002
-0.32094,-2.3576,-11.204
0.094929,3.7563,-7.0516
1.3811,0.02515,12.726
-0.3499,-5.2023,4.4371
1.0679,2.8844,5.932
-2.1899,0.34084,-2.431
-1.5053,3.7925,12.134
-0.07365,1.3012,-6.3177
-0.93306,0.46944,3.4385
1.7511,-0.36822,-6.0967
1.2712,-2.7643,-3.0375
-3.2258,3.4188,-7.1358
3.6704,-4.8627,-2.1239
-1.8296,-3.3078,0.754
-0.70839,-0.9292,1.6531
2.8689,1.4753,-4.1271
-5.3934,-1.1315,7.491
-1.2928,-1.9884,-4.5707
-4.6871,1.9969,-5.006
-0.15638,-2.086,-2.2413
2.0812,1.0791,-1.1836
1.9099,-0.99403,-4.122
1.0322,1.7737,-5.7027
3.777,1.613,-0.46316
-1.293,-0.80737,-7.1086
-0.046203,1.7084,5.6452
-1.5843,4.507,-6.4321
-2.1561,0.042645,-3.2629
-3.2641,2.7034,3.5116
-1.0182,5.9201,3.275
0.15215,-0.79482,-6.8115
0.23999,0.083874,2.8491
-0.10953,1.1016,-9.0586
1.5013,-2.8201,-0.36097
-3.4921,3.42,1.1897
0.92767,-2.8301,-5.7488
-1.6127,-5.7403,-5.8504
-3.7488,-4.373,2.4846
-0.40931,-2.2576,-6.4021
2.1518,-1.0064,-1.6044
3.2901,-3.9761,2.3709
-0.32785,0.10286,-2.1488
-1.908,1.7547,-11.29
-3.7863,-2.2083,11.09
0.36253,-1.7306,-9.5201
-3.7312,4.7872,-0.96783
1.4843,1.1925,3.5723
0.19039,3.2264,-9.7907
-1.9832,4.2816,2.6401
3.5654,-1.7883,9.2688
-0.22988,5.3194,-2.6969
2.1782,-1.186,-0.18814
-1.1137,-2.7246,-3.1422
0.7749,6.4978,-11.351
-0.87469,-0.79189,1.2524
-0.18924,-3.0805,6.088
-0.18175,-2.3118,3.8994
-1.4527,1.4169,-5.9442
-0.48364,-0.15453,-1.3192
-1.386,-0.27447,11.906
-1.3091,2.8629,3.0025
-1.7596,-2.9799,8.8256
-0.2639,4.6926,5.3438
-1.2214,2.5582,-5.7275
-3.7058,1.6087,1.2124
-0.68751,-4.4506,2.4933
0.019287,-2.9351,0.86996
0.58643,-0.15534,7.1635
-0.80392,0.44499,8.1748
-0.6664,-1.9067,3.7091
-0.22164,1.2175,2.1337
2.0025,1.2382,-4.5871
0.19055,3.0258,-9.3421
-1.5847,-1.3651,-7.4287
-0.41521,-0.042291,-1.9183
-4.0729,-0.34258,-1.9977
0.84736,-1.0413,-0.24101
1.5884,-3.6457,8.3356
-1.3639,-0.22904,1.4403
-0.10086,-0.57168,-3.1946
-0.401,7.129,2.4438
4.7789,-2.0873,-4.5061
2.5001,2.1353,0.44982
-1.3873,-0.45277,-2.0018
-0.34704,1.937,0.38017
-1.5508,3.4034,13.362
-3.0064,-1.4456,4.5289
3.6674,-2.4941,5.2294
0.83432,1.3718,2.4419
-2.326,3.2552,-13.347
0.56642,3.2402,-1.0729
2.8585,2.6238,1.5203
3.6248,3.0883,-7.8037
0.042623,1.5152,-3.9213
0.12452,-6.1389,4.1184
1.604,0.66075,1.7337
-0.54925,0.074664,12.046
-0.62571,0.82158,-8.1665
1.3292,-2.4011,-8.9746
-2.7136,-0.4788,-3.0137
-0.2006,1.8014,0.1888
-1.1123,-0.35152,7.154
-0.43128,-3.1617,-0.76117
1.7955,-6.5746,-1.3022
2.2912,4.2485,4.3158
2.0488,-2.7874,2.5725
-0.0066946,-2.3794,6.8226
1.0659,-2.1619,1.5179
2.0098,-1.0504,-1.4565
-3.2108,0.38338,1.8403
-3.6673,0.58599,-5.3993
0.37706,3.5962,-5.1812
-0.65129,-1.7284,-10.311
3.3224,1.8466,5.6493
1.8027,2.144,4.6285
1.3857,-2.175,-1.4931
-0.69208,-0.48658,-1.0365
-0.22256,2.7166,11.543
-0.73576,-2.7062,-11.246
-0.71163,-1.1604,0.35803
-0.91349,-3.3586,3.9647
0.77373,1.2713,7.4628
-1.587,-3.547,4.753
0.63283,-6.5603,6.8227
-0.7493,-0.75322,-2.6094
-0.62711,0.53947,6.1712
2.5918,0.54331,3.8497
-1.6435,1.0277,-3.0066
-0.099455,-1.3745,1.5399
-0.46082,0.27043,-1.5728
-4.9377,-0.60616,2.2081
4.0508,0.30014,4.0228
-1.8639,2.7598,4.0413
-0.38691,1.7403,-1.7214
-1.2538,1.7022,7.3532
0.051565,-3.3744,0.4928
3.3355,-0.65762,2.8104
-2.2991,-3.5565,-5.9074
2.2688,3.3231,-9.2383
-3.762,1.5015,-6.153
-0.42511,-0.30034,4.4785
-0.84683,3.0541,2.7885
3.3159,0.51746,1.5428
-0.4697,-0.18823,5.4964
1.8873,-0.68294,4.1364
0.98988,-3.923,5.3383
-0.49509,-4.8913,-7.8995
-1.0418,7.3605,7.6745
3.3973,0.025034,-11.098
-1.7045,-1.7332,-0.69456
-0.39117,2.2256,9.9194
1.0571,1.4007,4.9995
-1.7081,-0.46601,-4.7879
-2.9957,-0.66385,-0.82684
-0.4516,2.6088,1.6744
-3.1286,1.0863,8.6237
-0.32233,1.7601,1.2034
2.4099,-1.5889,7.1743
-3.0303,0.58738,3.8684
0.46032,-0.089054,5.986
3.0788,5.5979,1.7958
-2.7314,-6.4987,8.9844
-0.83927,0.64472,-5.8866
-0.11433,2.4241,8.9773
-1.4335,3.1633,7.1108
2.5817,4.683,7.9729
3.0011,2.9581,2.1997
1.447,-1.8929,6.772
1.4155,-2.1663,6.6841
0.55537,1.1437,3.8896
0.039641,-1.2813,-6.6179
1.6144,1.4469,-5.1244
3.0152,-0.73282,4.5907
0.054824,-3.0489,-12.599
1.1972,1.1572,4.0271
-0.85188,0.14361,8.3903
-1.2986,-1.1078,1.8671
2.6527,-1.0421,8.9633
3.4426,-0.52862,12.012
-3.2892,-3.3048,16.139
-0.41619,2.7162,-5.7756
-1.981,3.6246,11.609
-2.6367,0.86429,-5.8986
0.58283,3.1695,-6.5663
0.30644,-3.3022,-3.6447
-1.492,1.116,-2.3826
-1.0878,1.3995,-7.1045
1.8076,-0.46386,2.0821
0.23992,-5.617,10.411
0.2138,-3.998,2.3237
1.583,5.0867,-4.5166
4.8332,-1.1691,0.27331
-1.2045,5.0289,-4.7371
2.6715,2.2408,2.3894
0.92536,-2.7641,-8.3227
0.24407,-4.3593,-3.5753
-1.8804,0.84275,2.1632
0.52845,-0.31893,-6.0632
0.45646,0.31201,4.4889
-1.5375,0.94228,3.6026
-3.9776,1.6308,9.1935
-2.4456,-4.3742,9.7839
-0.25294,-1.8469,7.9283
-0.47725,-1.4568,0.61003
-2.0908,4.2399,3.4693
-1.8317,1.2854,-6.5511
0.76793,2.1609,-2.0973
0.89623,1.2619,3.9775
5.2842,-1.0518,4.2439
-0.42926,-2.4477,1.0993
-0.93549,3.5876,5.2787
-4.6663,1.1897,7.0722
-1.1095,2.8632,-5.2395
-0.62663,5.2351,1.7845
-1.1284,-1.5518,0.29883
1.8233,-1.5025,-0.64693
-0.51158,0.68841,-7.5781
-1.7264,-0.10058,5.0489
-0.71651,2.912,-5.4639
0.30436,-5.7,5.7963
3.4269,-2.3993,-7.8758
-0.53816,0.45859,0.9329
1.2115,5.6409,-4.8908
3.2317,3.3594,3.3072
0.13161,0.78496,4.9841
2.0364,-2.2091,-1.9319
1.1658,1.2628,-2.5778
1.3064,4.2982,-3.252
0.27518,2.5548,1.6591
-0.77417,1.5936,-2.0801
1.3578,4.0481,0.60034
-0.06465,-0.12855,-0.56543
0.40132,1.2374,-7.2062
2.8106,-0.59861,-4.4122
-1.2327,1.2097,-5.3392
-3.3278,4.4138,11.086
0.72883,-0.85732,2.048
-2.0196,2.7003,5.6304
-5.2724,-2.237,5.1814
-2.8405,5.862,1.2249
-0.67426,-1.0698,-9.0782
1.1866,-1.3784,3.4342
-5.5854,1.6268,4.8272
1.6077,-2.4968,-1.5901
0.32129,5.7382,3.2126
0.46724,-2.3668,7.4391
-2.1752,1.4059,-6.34
-1.4744,1.5065,0.12203
-0.23363,-3.274,3.0314
3.7834,3.3406,-0.98968
-2.0698,-4.2904,-5.5794
3.2473,0.92859,7.1457
0.63069,-4.3357,-6.4072
0.92979,-1.4108,0.97795
2.6622,-4.3714,-2.1474
3.0572,1.5173,0.4819
3.1205,0.30241,5.2118
4.0015,-0.53239,9.7137
0.084799,-1.92,1.731
-2.2611,-2.831,2.278
0.60316,4.8632,-6.5838
1.9289,-2.6602,-2.1408
-0.53265,0.49805,-1.686
3.4243,4.3651,-2.5485
-4.398,-1.6243,6.4428
-1.0739,-1.4079,9.2285
2.0996,1.9384,-0.34475
-2.7286,-2.472,-1.3686
1.7943,-1.7118,2.3864
2.2354,-5.2358,-4.0744
-1.4075,-2.0451,-5.45
-1.4163,2.2228,0.0034218
-2.5942,1.8207,-1.9706
-2.4122,-0.89552,-2.0597
1.257,3.5065,-4.1518
-1.9957,-1.4771,1.9489
-1.4716,1.176,-0.69542
6.6158,3.4682,6.2903
1.9704,-1.9711,-8.0403
1.4345,-2.9875,-8.6694
-1.9264,-1.6175,-8.8304
0.68169,-1.8969,-2.0374
3.0231,4.8376,1.2955
-1.4761,-1.5823,0.81684
-1.6173,-2.3129,-1.4499
-2.3215,-1.0887,-1.1683
1.7937,2.3585,-9.9831
-5.1701,-2.194,6.787
2.0758,3.2024,-1.0996
0.74538,5.1569,-5.3347
-1.0366,-2.705,-8.172
1.8263,-1.7559,1.5445
-0.60012,-1.8408,-1.0667
-0.32933,-0.31565,0.54033
-3.0526,1.4931,7.8036
-2.1092,-3.0076,1.4885
-1.6654,-3.2468,-0.062659
-0.60798,4.0777,-3.511
-1.6413,-2.7839,-10.952
-1.5004,-2.4367,1.3414
-3.5506,-4.4257,-5.0472
-0.56225,1.1557,11.729
1.3766,-1.4307,3.3087
-1.0307,-2.1508,7.5132
2.516,5.3993,2.6451
0.68823,-3.5942,-2.0829
0.33416,-0.56055,-2.1772
2.8436,2.4629,-7.6483
-0.97513,-1.6406,5.5982
0.15783,1.2999,5.3347
1.782,6.6342,11.648
-1.5153,3.6903,-11.311
1.2993,2.1606,-5.2079
0.25207,1.7954,4.0528
2.5445,0.31766,-10.151
2.254,-1.5439,-6.2068
-2.4969,-3.6561,1.0458
-1.272,-2.4115,-3.5462
-3.1844,0.22977,-5.049
-0.28055,-0.93091,-9.0298
3.3278,1.8532,-7.421
-0.13929,-4.3915,-3.0396
0.77042,-0.60605,-2.1539
2.7323,-2.9063,0.69963
1.7388,7.0541,-5.1801
0.70632,1.8024,17.772
0.69472,-0.22365,-10.115
0.89768,1.1685,-3.8954
-0.82577,2.5992,0.635
0.31779,-2.0738,0.44334
1.46,2.9488,7.8965
-1.5485,-1.3516,-10.513
-2.2338,4.8323,4.5553
0.44229,4.2813,-8.1331
-1.4948,-0.79739,0.22304
0.48,2.0905,-6.0588
-0.91375,1.4071,0.62416
-1.0705,5.4228,0.31301
1.7861,2.141,-5.0789
1.4537,-2.3541,7.9157
1.5159,7.6901,2.9319
0.7761,-1.773,9.7276
-3.2201,1.2076,5.8923
1.6376,2.4958,5.379
-1.3051,2.1001,3.5704
-0.34668,1.1835,-2.2879
0.10212,0.71271,-4.646
0.75265,-0.38589,5.1104
0.64535,4.7364,8.5835
0.87667,-0.42498,1.472
-2.5068,-3.2313,0.87635
-3.2865,-3.0267,0.58815
3.4978,0.19313,1.3381
1.1414,-0.65237,-2.6128
-0.26372,2.2083,-2.0235
-1.0702,-0.56142,2.3729
-0.43221,-4.1533,4.9722
3.0301,3.1968,-0.87483
-1.1806,1.4944,-8.1946
-0.83742,3.1626,-4.6036
1.8249,2.3987,-15.975
0.66829,-2.8405,-4.9407
1.2625,1.0768,3.3036
0.45749,1.0428,5.6474
0.9108,1.9281,-5.2914
3.7821,0.43817,3.1302
-1.9742,-1.7624,2.563
2.4733,0.83845,-0.97607
-2.3585,1.3997,-3.2028
-2.069,-5.2281,1.8719
2.9996,1.3476,3.2627
1.032,-1.511,-3.9555
-0.72047,0.88355,3.5886
-1.6137,3.4815,-2.4293
-1.4473,2.1315,15.055
0.43956,5.0743,2.0173
-1.8808,-1.8414,-10.817
-1.6045,-0.47858,7.3127
1.3337,-2.1044,-2.3204
0.66345,0.97897,10.404
-1.8931,4.7346,-5.0099
-2.432,0.22649,-4.3222
1.1252,5.4972,-6.0808
0.85607,-4.3051,9.0111
2.2032,-0.2769,13.025
-0.35408,-1.6193,0.81663
-1.8068,-0.30085,1.4161
2.4705,0.39339,4.044
-3.0901,-0.13244,-0.84763
-0.39441,0.94507,2.2489
0.77479,-1.0036,-5.9033
0.3288,4.7853,1.2097
0.58723,0.94402,2.3523
-1.1979,-3.0819,8.5838
2.1907,-2.1475,-3.0597
0.032046,-2.3437,-0.85487
1.6661,0.81977,-6.0788
-3.6316,1.0477,1.5723
0.53564,-1.9268,-10.182
-1.2262,-3.0375,7.8955
-1.3655,-2.5019,2.8305
-1.2042,-2.0753,-5.9534
0.63041,1.1013,-9.6254
1.3041,-1.2818,0.70655
3.0785,1.6018,1.5429
-0.98668,3.8428,-3.5473
-3.1419,-1.6903,0.097387
1.9896,0.53417,4.5123
-0.78368,0.5062,-8.782
4.5933,1.2929,-1.4986
-0.096754,-2.0745,6.8145
-4.8166,0.24074,0.57186
-0.96184,-0.28596,-9.9351
-0.18746,2.9446,1.7542
-0.42848,1.4939,5.7582
0.7768,-1.5057,-6.2244
4.8121,4.0985,-2.1523
3.2213,4.4477,0.87314
-1.7025,1.4831,1.3316
0.67955,-0.85543,1.5181
-0.75982,1.5254,3.751
-2.4692,-0.68097,9.3771
-2.1894,-2.7588,1.6002
-0.66582,-1.1936,5.2729
-1.4989,-6.0689,9.596
1.3287,-0.54023,-0.7176
4.5602,-2.009,2.2983
2.1326,1.5589,-6.767
1.4921,2.8184,4.8172
2.9141,0.025721,-2.1077
-1.2397,-3.1746,1.7092
1.9422,-3.3313,2.0711
1.1022,1.1397,0.40059
0.85432,4.7815,-1.8359
0.74454,4.2495,-3.3962
0.47978,0.29147,-3.7104
-3.1901,-4.3407,15.297
0.099651,0.2867,8.1454
-2.6191,4.0916,3.2462
-1.7968,-4.5272,-12.833
-3.6075,3.075,13.405
-3.0477,1.3732,1.0902
-1.1855,5.4338,-6.3917
-0.063659,-2.2945,-9.5935
3.274,-2.6454,2.966
-4.4583,0.61137,2.4821
0.038828,1.4472,-1.2752
-0.53228,-0.33364,-0.95679
3.3634,-3.9226,6.7526
2.807,1.1045,4.2779
-3.7178,-2.1966,-11.84
1.2589,-2.0153,-5.5941
-0.57318,-2.416,15.28
-0.51981,-1.6614,3.3812
-1.1762,0.52293,-0.40806
-2.4722,-3.2125,3.9741
-0.12426,-0.15027,-3.1174
1.0044,-0.72334,0.055295
-0.64661,1.8222,1.6295
2.1861,1.87,1.4155
-4.4622,3.2394,-5.336
-4.2702,3.8264,-0.74662
0.60703,-2.9483,-1.7342
0.41135,-1.4643,-6.0555
1.7115,-3.66,-10.112
0.42269,-2.3697,-1.9959
0.53311,2.9945,7.4092
-0.063072,3.5369,-5.6882
1.1191,-2.8249,0.17744
0.12552,-1.8287,5.9213
-0.89648,-6.6241,-1.2842
-0.40831,-0.35426,0.74824
-0.14166,-1.4221,-1.4828
4.0783,-1.4373,8.1726
2.789,1.5874,-1.7588
-1.2405,-0.45851,3.7905
1.0835,0.016876,-7.6851
0.72698,1.4326,3.0251
0.96657,-2.92,-8.1694
0.45741,2.807,-0.42594
1.2382,0.74852,6.8692
1.2863,-1.2646,9.7166
-5.0848,-2.2608,4.7933
1.6499,-2.8596,5.5953
0.3415,1.4212,7.1609
0.23533,0.10266,-3.4179
0.6155,-1.3475,-0.11648
0.26352,1.5443,-12.855
3.4379,-3.8016,0.43916
-2.3161,4.99,0.41676
-3.1052,-3.8808,-2.5991
-1.7104,-5.3862,7.5931
0.14321,-4.0978,2.9453
-0.93177,2.7668,9.177
-1.2125,-4.5537,-3.253
2.4663,0.70668,2.46
-2.4761,-3.0038,2.3089
3.7697,-3.4352,-4.7801
-0.95196,0.1782,-0.95223
-3.7779,0.76632,7.3883
-2.1311,2.9049,-10.244
3.1605,3.0545,-4.6809
0.34996,-0.23529,-5.1706
-2.0488,-2.8739,-3.6174
-2.5486,-0.5706,1.0823
2.6309,0.16721,-6.1178
1.3552,-4.2584,-4.0191
2.9377,2.8121,-7.759
-1.1772,-5.4462,-2.6246
-3.8891,8.5036,-11.809
0.78863,-0.34614,-3.4018
-0.36056,1.7575,3.0046
-3.1447,-3.1996,1.3416
-1.5964,-0.068301,-0.097011
-0.48167,1.8977,-2.0001
0.60814,-5.4289,4.0599
2.0669,-0.39414,4.2321
3.9017,-0.069481,-3.7684
-3.8367,1.0542,8.7315
-2.7409,4.2059,-4.5683
-1.3699,-5.3743,2.9571
2.1681,1.8838,-2.3793
1.6836,3.3214,-6.1799
-0.065403,-0.78891,-0.37816
-0.1325,2.809,1.8767
2.5069,0.19993,-2.3659
0.93481,-3.8954,2.1707
-0.86524,-4.3949,-8.7422
-0.40893,-3.1221,1.466
0.62795,0.69385,-4.2619
-0.19308,4.5486,5.6068
0.58882,5.1115,3.9844
-1.7007,0.75906,8.1983
0.95337,-0.19899,2.5773
-1.0568,-0.44516,-0.39497
-2.2466,4.0105,0.43537
-3.9337,-4.1482,-0.67025
-0.58991,-2.174,-14.187
-0.57692,3.8264,10.899
-2.9056,2.7963,-6.6705
1.6403,2.4146,-4.1648
-0.72439,-2.5973,-1.9665
-1.3269,2.8549,-10.389
-2.5944,2.4795,4.6371
1.6672,6.501,-0.40083
-0.92414,-1.4762,-2.2543
1.8576,1.6919,1.5588
0.051898,-2.898,-11.52
4.2917,2.2502,-7.6428
1.8933,-1.9371,7.8943
-1.1119,-0.38625,-15.017
0.3885,-5.4548,2.9666
5.8594,-1.6809,6.1975
0.36438,0.62261,-1.7513
-2.8562,3.6192,-2.041
-1.9568,-1.5888,5.8154
3.3982,0.68082,-0.94948
-0.94841,-4.8378,-7.2942
-2.1198,-1.0417,-0.2626
-0.036884,-2.2585,1.7917
-2.3119,5.3693,7.2512
0.74446,-2.8652,6.325
0.20913,2.9055,-0.59975
4.6873,4.2085,6.9465
-0.94778,4.2311,-2.8218
-1.3308,0.62323,1.9981
0.99605,-0.55323,-2.8626
2.1365,-6.3869,-8.6606
-0.2754,-2.5493,-4.5457
1.749,1.1304,8.8589
0.93482,3.8903,-0.98756
1.1974,4.1212,-9.7018
-1.6445,-3.3,8.8509
-2.6184,-1.792,-2.0602
-3.5617,-3.5203,-6.0044
2.1618,5.3952,8.6827
1.5999,-0.84622,3.0065
-2.062,-1.2333,0.14819
-1.2682,2.0337,2.7827
0.36119,1.7328,-1.426
1.0632,-4.4474,-4.0312
-1.1445,-1.0301,0.73819
-1.6088,-1.3339,4.4942
3.1979,-2.8764,-6.1466
-2.3275,-5.3825,-11.501
7.6037,-0.29395,-2.349
0.167,2.5431,9.0303
1.2636,2.9155,-0.091572
1.6561,-1.0319,-9.7963
0.50702,5.1782,3.0843
0.54008,-0.35404,-1.798
-1.5668,-0.97054,-6.8298
-1.3752,0.41945,11.357
0.52118,0.49132,-9.163
1.7905,-0.79441,4.7254
1.5091,0.8623,-3.6909
-2.6829,0.90411,-3.7683
-2.1721,0.2688,-10.385
-3.3107,-4.9346,1.7213
-1.1528,-0.98208,-11.689
2.6562,2.8948,-1.8313
-4.1168,-3.0065,4.8247
1.8,-2.969,-2.5981
1.4182,0.25206,0.59647
-0.98586,1.4518,-9.4849
2.6676,7.8738,-2.8081
-1.101,1.2573,4.5453
-0.44959,-3.3158,4.8255
2.3917,6.4955,-6.9742
-3.3333,6.8094,3.7592
-4.0718,0.91146,1.2562
-3.4362,-2.5343,2.9546
0.11218,4.5964,10.412
-0.25075,0.22007,-9.2493
-0.67859,-2.2586,-12.135
-0.48468,2.1444,12.219
0.69274,-3.3447,-5.0855
1.1999,2.2467,1.1633
-1.6327,-1.6608,-13.784
1.0274,-4.567,-4.4306
1.2988,-2.165,-5.5838
-2.501,-2.4779,10.85
-0.90203,3.6609,-1.1713
0.062099,-2.1212,-3.949
-2.1965,-1.345,-1.818
-1.6794,-0.092751,2.8731
0.8192,0.42671,-4.6597
-3.175,7.2234,-1.4051
0.26549,4.6561,2.7106
2.0637,4.7104,-2.3148
3.9956,4.3709,-1.4079
3.4386,-0.44478,-5.5898
0.73253,-5.4425,4.7527
-0.52704,2.2944,3.1207
0.75764,-2.1718,-5.0709
-1.1113,2.7822,-5.089
1.3206,4.4939,-2.1353
0.70451,0.9992,3.1
-0.48484,2.5567,-9.4858
-3.5492,-3.7823,6.5252
-0.26379,-0.29093,1.0976
2.383,5.422,3.1426
-0.37057,0.61984,-8.9392
-1.4178,3.0782,-5.237
-0.249,-2.5163,6.6068
-1.9044,0.66947,0.73318
1.2668,-2.5102,-11.489
0.068137,1.1576,-1.5695
-4.6653,-4.1804,-1.2554
0.67351,2.5204,0.73631
1.3602,3.1343,-2.0929
0.23761,0.091675,-6.9157
1.8417,-8.2702,5.9077
0.46061,0.52268,4.4405
1.9746,2.3423,-1.734
3.2311,2.3205,-1.9576
-1.2965,1.4466,-5.831
-3.0019,-4.3183,2.156
1.267,-1.6306,-2.9212
2.3416,-1.2901,4.1065
3.4994,-0.56846,-5.5915
-0.50557,1.6368,10.124
-1.0918,-2.3917,6.8272
1.5664,0.88443,6.6199
1.0668,-2.9824,5.1104
-0.80088,-0.77013,-1.0853
1.3856,1.4065,7.5715
-0.45767,-0.15009,1.9804
-0.88164,1.6185,-1.3914
-2.226,-0.10922,0.64429
1.2187,3.4429,-11.977
4.2409,0.89881,11.775
1.4329,4.8495,5.0423
2.8186,2.8958,2.3668
-2.5363,1.2775,20.489
0.95647,-1.5093,7.082
0.87464,-2.3148,2.9785
-0.88916,-3.2302,-7.8173
-2.1408,-2.7463,1.2893
-2.1266,-0.53595,6.9287
-0.75039,-1.8162,1.7658
-2.9867,1.673,6.007
0.2776,2.5726,8.7031
1.1875,2.7912,-2.3183
1.5332,-3.1797,0.26007
-0.34961,0.46104,-8.4173
2.8855,4.9077,-8.1913
0.38753,-0.20887,1.6217
-0.35467,-0.63632,10.107
0.012459,-5.8472,10.262
0.66635,-4.4294,0.81038
-1.3338,0.018883,3.9913
0.90417,2.796,1.023
-1.7199,-2.4299,4.3684
-1.6422,0.83823,1.8017
-1.8492,3.9103,2.6374
0.87022,1.1779,3.6199
-0.24917,-8.9448,4.7802
-0.726,6.9243,4.443
0.2823,1.7956,-4.2627
-0.051577,2.568,1.4166
0.35281,-6.7294,20.913
-0.5309,-1.7448,0.42649
-3.4851,3.4362,8.3727
-2.5347,-0.58724,-6.6038
0.65587,-1.4601,10.767
1.4759,-2.8579,7.1076
-1.7602,-1.153,-0.055721
-0.2772,7.4318,12.513
-2.5293,-2.0325,5.0536
2.093,0.92524,0.16573
-3.1964,-2.7321,-5.4377
-1.4424,4.7039,-3.3345
-0.73893,3.2468,1.7027
-1.5561,-1.6237,-5.4774
-2.4961,0.56201,-2.3326
-0.35446,3.1466,-6.9409
-2.4936,-1.8205,6.2183
-0.61522,2.8738,10.488
0.23932,-0.34725,-0.51054
1.9263,-0.43022,11.185
0.97204,-4.2431,0.023247
-0.36208,1.7895,5.4165
0.52717,-0.96118,-2.3995
-1.6763,-0.94839,-1.6536
-3.9589,-0.74416,5.6194
-1.9115,3.0395,-6.557
0.78477,0.047278,-4.4607
-0.69483,0.23748,-2.6348
-2.2037,-1.9805,-0.89554
2.0461,0.092982,-9.057
-0.67369,0.42781,-2.0734
0.1383,-2.016,-4.5323
-1.2135,0.4931,0.78625
-3.1791,-3.1053,7.8526
-0.26035,1.0932,-7.1891
2.0801,1.4606,5.2796
-0.55023,0.71835,14.635
0.21816,3.8182,6.6221
1.5269,1.8292,-6.6969
3.3919,-1.5809,-0.5392
5.3622,1.923,5.6273
-1.4379,-0.39632,9.5178
5.1277,-2.784,2.5197
-0.77257,-1.6084,-8.8891
-3.0859,-1.6709,4.9559
-1.8485,1.9379,-4.0667
0.51075,2.8436,2.9549
4.4414,-5.5832,6.0198
0.33853,0.76,9.5143
0.2862,2.2865,12.218
1.9888,-5.4129,-1.3143
-2.4915,-0.044109,5.3782
-1.8047,-5.5337,-1.1202
3.0141,2.4429,4.4365
3.5253,4.0677,-9.0659
-0.53774,-0.25372,3.3969
1.2101,0.57865,3.95
2.4237,-2.7045,0.040158
1.12,0.99592,1.75
3.6594,3.8004,-0.9652
1.3323,2.0818,2.6944
-1.4431,2.1539,1.9456
-1.6435,1.6588,-1.6279
-1.9333,0.42498,4.2674
3.4065,4.8843,-6.4475
-0.71101,-1.8886,-4.8339
-0.77618,0.3613,9.4449
-1.3595,4.0681,-3.3505
-2.1308,-0.89483,-9.6911
-1.9942,0.11315,-6.9904
-0.44249,-4.3548,-8.1644
0.92843,-0.65159,6.3528
1.5243,1.149,5.6356
0.22003,-3.4012,1.4592
4.083,2.8608,0.75565
-0.45084,0.21221,4.6632
0.79294,0.81642,1.7534
0.46756,5.4842,2.0436
-3.4223,6.4118,-5.0705
-3.1567,-0.51745,-0.58658
-2.4069,-2.0509,1.9117
0.4405,1.0783,-9.8639
0.43038,-0.71343,2.0348
0.56285,3.2587,0.98565
-0.3056,1.0003,-1.5686
0.14743,0.79591,-3.1812
1.6653,-4.0747,-1.4777
-2.0521,2.5465,0.32215
-1.9057,4.9487,8.9455
0.30872,-0.34478,2.906
-3.9321,-5.1038,4.1976
0.86819,0.53761,3.2733
-1.7466,0.93309,-0.45018
0.18749,0.80759,-2.929
-1.8778,2.1783,2.4414
-2.3343,-1.2336,-1.2388
2.4686,-4.331,-0.91068
2.3327,4.1434,12.953
-2.0247,-0.51808,-12.595
-0.68391,-0.029408,-1.6121
-4.8323,-2.2391,9.919
-1.8406,-1.0347,0.27272
-1.0571,2.1531,-2.7567
-0.61594,-1.2625,1.7763
2.7196,-2.1637,-6.4268
-1.3862,1.9827,2.3627
-1.401,-3.0345,-1.0207
-2.2387,3.4843,-5.4684
0.026028,-0.65212,-6.0903
1.2717,3.8943,9.856
-0.48544,-5.4216,-0.13193
0.50026,4.1306,8.3311
-1.2685,-0.0031779,7.8343
-1.1279,-1.251,-4.6518
0.61098,-1.2689,-2.3383
-4.3137,2.0235,2.1051
2.478,-0.64419,7.8518
-2.3994,-0.41861,1.2942
1.4307,-2.8679,-4.4303
1.0702,-5.5771,5.9748
-0.73585,-0.88094,2.717
-0.88381,4.3933,-2.6148
-1.8265,2.1899,8.0929
3.1807,-0.2342,8.3208
0.14568,-2.1934,8.3633
1.2132,-5.9557,6.6519
-3.4915,-2.6462,1.1777
3.911,-1.688,12.44
1.8929,-1.8686,0.65627
-0.48877,-5.8626,2.1211
-1.2469,-0.33949,2.1778
2.0985,1.1343,-1.9131
-2.9957,-5.7933,10.883
0.97378,-0.42799,-3.8604
0.67685,-3.3654,3.0466
1.8091,4.8569,4.4964
2.2138,1.0799,7.1157
-0.017224,-4.4115,7.257
1.7554,0.87115,-3.6309
-3.0723,1.0972,5.3675
4.4611,2.685,6.1984
1.9668,-2.4321,12.368
3.8376,-4.6697,-5.4362
-1.5449,-2.13,1.1525
0.11592,-3.2595,-4.6988
-0.72342,0.39143,8.29
0.75232,-1.859,-2.3225
2.546,-4.2136,4.5792
-4.7837,2.4414,-3.2901
-2.17,0.16714,-1.3968
2.0434,0.54448,-6.1947
-0.96932,-2.963,-6.7319
-1.0807,-3.6795,2.2094
0.28815,-1.4334,-3.4064
0.18749,0.48503,-6.0243
1.1152,0.73577,-0.36784
-1.5771,-5.2459,7.2967
0.63881,2.333,-8.8665
-0.1001,-0.35881,2.2479
-0.95235,-0.61802,-7.1578
0.58144,-2.8524,-1.0472
1.5991,0.061426,-12.896
-2.3459,1.7057,-7.0199
0.068713,-1.0122,-2.6233
0.24304,-1.7613,-6.3504
-2.1024,0.31446,-4.6077
0.58064,0.77097,0.44359
0.52312,-5.5996,7.2563
-1.1842,-1.202,3.8453
3.0584,-2.3867,1.2647
-0.90939,1.3566,-3.224
1.2123,-2.8967,-3.1475
-0.95354,-0.06253,-1.7052
-0.70234,2.0572,11.041
0.64857,-0.55808,4.3812
0.069081,3.523,-2.5954
-1.5978,1.7061,2.9432
-0.45997,-1.5275,12.17
1.4171,1.8772,-1.1388
1.4967,-0.53007,5.4099
5.2653,4.3352,3.3579
-1.394,0.62072,0.76731
3.8994,-0.17066,-0.13963
2.6125,1.3893,0.18045
-3.6736,0.43761,8.5936
-3.2064,3.9538,-12.971
0.1617,-1.7441,1.4993
0.80196,0.93514,3.5154
0.036173,-1.5614,3.7892
0.65798,0.42831,-0.77536
-1.6973,3.4443,3.0202
-1.7611,1.4925,4.7933
-1.7245,-0.31394,-3.7296
2.287,-2.3542,8.5203
-0.8071,0.41632,7.5203
0.46033,0.96861,-5.4135
-4.9127,-0.28519,-1.2538
1.5962,-0.55538,0.42906
-1.9485,-1.4834,-2.4084
-1.2144,-1.7256,2.4152
1.0996,-4.8166,7.7661
-0.40618,-1.7404,-5.8908
1.2075,0.14812,-2.9406
-1.9412,1.6252,1.8956
0.07294,0.1093,3.8576
1.6003,3.1257,-1.4855
-0.22852,1.6353,-6.6247
-1.1484,3.4786,3.7427
-0.93583,0.10228,-6.0412
1.5948,3.4507,-4.1626
1.1396,0.0038431,-3.0849
2.237,-5.4136,2.7834
-1.4548,0.23309,5.3207
1.5347,1.9361,1.1759
-0.50932,6.4098,-8.9006
-0.55001,2.7201,-8.4497
-0.85838,0.60783,1.9903
-0.79579,-4.4424,-4.462
1.6865,1.3274,-0.95989
1.5714,1.1874,-9.7694
1.5241,-4.6926,10.644
-1.497,0.10086,4.4599
0.26147,4.0448,6.5931
3.9953,-0.51426,0.58302
-2.4799,4.0994,-11.32
-3.5143,-4.0024,3.6382
-1.4371,-0.52683,-5.9433
3.1465,-2.2992,6.2107
2.6758,-0.070556,3.9993
2.8854,-0.68563,0.073417
1.8964,6.1929,-0.70248
2.5234,1.1225,-8.067
-1.1647,-0.16566,-12.753
3.3137,-1.5566,-3.149
0.43404,-5.5355,6.3283
2.7521,0.81794,3.7722
-0.40931,1.5177,7.7845
0.81153,0.99225,-2.8421
-1.487,1.05,0.12541
3.3994,-1.8084,0.12588
2.8177,-3.4693,2.7435
1.7446,-0.74769,10.121
-0.76288,-3.6863,-1.9823
2.1002,1.39,5.0419
-4.0952,3.0102,-2.5386
-0.61111,0.52922,-5.2748
-2.0258,0.93829,-11.622
-2.8274,1.7164,1.3709
-0.45741,0.57652,-1.3343
-0.30147,-4.538,8.6139
-1.3178,-1.4242,-7.2239
-3.7856,2.3074,-4.7864
-5.467,2.5316,8.4845
-1.4017,-0.49712,5.7096
-0.53866,-1.7126,-3.5146
3.1713,-1.447,2.7407
1.3287,-0.11646,-2.7243
1.8373,2.4768,-9.5344
2.1589,-5.3761,6.7668
-0.92261,2.1917,-5.765
4.0441,3.1771,-9.2806
0.76228,0.45005,-0.59478
0.9509,1.1731,-5.0975
-1.181,1.0827,-5.8754
-1.7105,0.64724,-6.47
0.78751,-5.8107,-7.7784
-0.56401,6.343,4.3533
1.7198,5.1183,4.4129
-0.41959,-0.35564,7.8135
0.32423,0.61225,-4.5275
0.95011,-2.8868,0.032082
3.6859,0.44091,9.0417
0.77121,-1.4468,2.5316
1.6805,4.0356,-8.1687
1.8493,2.0847,-3.0827
-0.12278,-2.6364,-8.4446
2.7515,-3.993,5.9614
2.6135,2.1324,6.8875
0.35892,0.67198,9.7712
2.9256,-2.9339,2.259
0.28809,-3.4734,6.0403
1.1045,2.4215,6.5043
-1.064,3.4932,-4.55
-2.8701,-5.2711,-3.0794
0.95769,2.4892,-5.6052
-0.28835,-4.385,-2.9313
-0.58746,-5.7579,1.1654
2.1206,3.9874,-3.919
0.87369,-1.269,-2.7801
-2.477,-7.6619,1.5101
-2.3853,2.2672,-0.7207
0.98829,-5.5579,-2.97
0.80417,1.4715,13.937
-0.88452,4.03,12.346
-0.64395,1.4697,7.4851
1.0127,-4.0378,13.694
-2.1516,-3.7115,3.8954
0.67752,-3.1275,7.8252
-1.0147,1.2497,-4.4092
-0.51699,-0.58884,7.6904
-0.22383,-0.19436,-7.2609
0.54213,1.4041,0.78027
2.5697,-0.31921,-0.71114
0.63136,-2.1674,3.3456
-0.89946,1.8574,-3.0465
0.77975,2.7409,2.6084
-2.1191,1.2773,10.375
1.567,-1.2351,-1.7034
2.0258,-2.0601,5.2617
0.44921,-4.6806,3.8169
0.44721,0.72637,-6.3544
-0.08219,2.1239,-4.2022
-0.74173,0.7058,4.9008
-0.87381,-2.8642,4.8553
-0.51183,0.9913,-4.0541
3.6006,3.0846,0.8614
0.17224,3.7959,-1.8095
1.7139,-2.8306,-9.0869
-0.97096,-1.7482,-1.6175
1.5533,2.0072,1.7712
3.2535,-0.017293,-5.5394
-2.1299,-3.7764,-4.6099
1.2544,-1.5052,-3.2549
-3.098,3.2882,3.5281
-2.3323,-0.81589,-0.93597
-0.012957,0.026205,-4.0386
-1.6085,1.0697,-1.5493
-2.0636,0.32123,-3.4577
2.083,-1.7294,-8.5906
-0.27577,-1.6338,-0.75106
0.091802,1.3867,4.0715
-3.9536,-0.61279,-3.2258
1.3599,0.64631,-3.0295
1.6935,2.5994,-0.2487
1.2452,-4.25,0.96145
-1.3508,-0.36512,5.3682
-0.098154,-4.6503,3.7342
1.1586,-2.5515,-2.229
4.9508,-0.20096,9.0602
0.40592,-0.14388,-6.73
1.7825,0.29169,2.2792
-0.87862,4.1927,-4.6609
2.3146,-2.3813,1.3888
-2.0834,-3.1403,-1.8853
0.58112,3.6365,-5.2755
2.7946,2.5307,-7.1499
4.1691,6.4097,3.9948
-0.29005,1.2205,-2.1444
3.5992,4.0381,0.22203
-0.52227,1.0594,-3.4508
0.029979,-4.66,-7.6355
-0.037003,4.5342,10.045
-2.0727,-1.7243,-2.9911
-0.96551,3.0242,6.6699
0.18303,-3.6746,-2.2501
0.43409,2.9717,-4.226
1.6567,0.78954,14.547
-0.87514,-3.6973,8.0098
4.9049,3.4899,2.7642
-3.2227,2.3203,2.1678
2.1844,-3.1006,-2.951
0.64068,-2.6349,-11.55
-1.8096,1.4213,-6.0554
1.7135,7.2944,2.0699
-0.67264,-2.173,-6.3188
3.3832,-3.0823,0.7431
-0.97468,0.44464,-3.0022
-1.2049,2.3524,1.533
0.89061,-1.6981,-6.2091
-1.9367,1.5083,2.9209
-0.38198,-0.17936,1.8075
-0.26722,0.12221,-10.873
3.366,-4.8738,-8.469
0.16559,0.98384,0.63462
2.6163,-2.1144,-1.5063
1.6091,2.1212,-13.231
-0.97807,2.7568,-2.0346
0.17904,4.573,-1.4958
0.041007,5.1972,-4.2072
1.7195,-4.6571,9.7916
-0.98724,1.8738,1.3667
1.8503,-0.5466,-4.2178
1.2352,1.9861,1.105
-0.95211,-2.8947,-5.3256
2.1344,-4.4681,-5.4451
0.25467,-0.45869,-4.7441
-0.32294,-2.7425,-1.5225
2.3602,-4.0251,2.0851
0.16797,-1.4231,-9.1365
-0.42289,0.52345,11.148
0.019646,0.081483,-1.025
0.54237,4.9815,3.4537
1.7723,1.4208,15.284
0.16406,5.4053,-18.632
2.4201,3.3924,-6.3233
1.0338,-2.9979,4.3909
0.32656,-0.89365,-10.92
1.8952,-2.1302,-0.38921
1.4747,-2.0165,6.9181
1.3805,1.8092,-4.9601
-1.803,1.0145,4.3698
-1.6269,0.58621,3.775
0.39761,-2.3375,8.9555
-4.904,2.0151,-3.4822
0.73369,0.41269,6.6467
-2.6586,1.6679,1.9684
-3.5109,-2.0538,-1.4377
-1.3014,-2.7047,9.1468
1.3666,-3.7025,1.5206
-0.13115,-2.3697,-11.866
-0.26749,2.9602,-7.3402
-1.7841,3.1734,4.2917
-1.5688,-0.4005,-6.1857
1.9817,4.9187,-2.8299
-3.3721,1.683,1.7397
1.6995,1.3061,9.528
3.4721,-0.7395,6.3074
-3.1579,0.40533,-3.4284
-1.1455,-2.3304,-2.3602
2.4376,0.38216,-2.8152
-1.0546,4.7171,6.8713
3.4043,-3.9331,-3.9334
-0.6061,0.23856,-5.033
3.1096,-3.2571,-1.3362
-2.6903,-2.9177,-1.9105
1.1909,-2.7789,2.1602
-2.1959,1.9697,2.7143
-3.2394,1.9079,6.248
-0.59552,3.3352,2.0418
-1.9409,0.95399,-1.6
1.6979,-0.73516,2.8282
-4.7574,-2.0852,14.512
1.1729,0.031751,-4.1422
-0.99865,-0.91585,-1.121
0.90015,0.53963,-2.9706
1.4048,-3.2593,-3.7857
-0.95818,-9.3546,8.8076
-0.89068,-6.1161,0.78394
3.9558,-4.7209,9.7107
-0.92109,1.8392,0.84362
1.4031,4.0805,-3.2877
0.22385,6.6667,-9.967
2.9348,-2.0834,-2.0566
1.9208,-0.20582,-3.6949
2.586,4.5609,-15.484
1.142,-2.449,-4.6877
0.85393,-0.39363,2.9389
-0.14382,11.032,2.1666
0.34995,-3.9341,9.9966
2.1694,-0.10114,-1.2477
-3.5017,2.3415,-0.41767
-2.7034,2.5997,8.1287
-2.4043,-3.4287,4.5308
-2.9876,0.56862,1.6875
-0.80036,2.6782,1.2208
-0.13643,-5.1197,-6.9022
-1.9965,-1.5575,1.1691
2.3601,2.8841,-11.906
-0.34454,1.7774,0.72628
1.23,-3.4021,-2.1677
-3.1611,-2.2981,-3.3344
1.6786,-0.57682,2.7537
-1.8663,2.1571,7.1865
0.39685,0.47009,-2.7669
1.8638,-5.1299,-2.7372
4.0137,7.0773,7.9918
0.88073,2.3667,2.2431
-1.3342,0.46014,-4.3969
0.19048,1.1351,-7.4203
0.19606,7.5569,4.3558
2.9557,1.8913,4.703
2.6831,-1.4455,1.3109
-3.621,3.2096,7.0041
0.67487,-2.0328,-4.6813
-1.5791,-2.2559,8.9544
-0.92917,2.7659,2.5305
-3.4776,0.57728,2.8971
-1.0456,-1.1159,-4.4886
-0.43483,2.9871,5.0131
0.7809,3.4016,-0.75031
-1.5231,-1.6899,3.3254
3.2882,3.2753,-2.3729
-0.98734,3.0133,-7.779
2.164,-2.8961,3.2192
-1.8558,2.3647,7.47
-1.8665,0.10274,-9.0797
4.4611,-5.6508,6.9601
-1.7698,4.3834,11.754
1.1605,-3.1432,-6.0135
-4.1777,0.95016,-5.0994
0.66824,-1.6003,-5.2678
-2.4665,3.5302,-9.0878
-0.094695,-0.62557,-11.12
-1.2667,2.1211,7.9612
2.0931,2.9281,2.9918
-1.3586,1.5482,-20.422
-3.4335,-0.34351,2.444
1.299,-1.7685,10.049
0.95257,-0.13888,10.058
0.14184,-1.3885,-5.4265
3.8675,4.5533,-2.9836
-2.2004,0.3872,0.23865
0.94987,-0.54549,3.5852
-0.25192,-0.63725,-1.8836
-2.1801,4.5284,8.0826
-1.5291,-2.4076,3.0204
2.4799,2.5452,4.1102
-4.3435,0.30185,-4.6176
1.4545,-4.5359,0.72495
-1.4071,2.8848,-5.2439
-1.2119,-0.47261,5.4393
-0.96297,0.32038,0.17095
0.95858,0.37917,-5.0931
-2.4365,3.3626,-0.22541
0.41365,-2.9302,-6.5261
-1.4018,0.55435,-4.6439
2.5344,-1.401,2.6293
-1.4667,-0.61389,-7.0068
-0.0047369,-2.1395,2.9695
1.3452,-0.98377,-5.7845
0.61181,0.014986,-1.3382
-0.036105,4.3649,1.4158
0.90998,-0.024796,3.7223
2.9801,2.9908,6.2545
1.3452,2.4978,-1.8875
0.56915,5.5165,0.96317
-1.2888,2.9511,-3.8949
-1.4513,2.6632,-1.578
0.38378,0.88183,-3.4158
-0.47938,-3.4083,3.3319
0.3436,-4.4165,8.4562
6.7021,-1.1309,-0.45185
1.0737,1.2833,6.8821
0.14189,1.9677,-1.2702
0.70476,-4.1387,2.57
-1.6102,1.663,-4.7571
1.2089,1.7587,1.8839
-0.65971,2.7366,2.9348
-0.56951,-1.6803,1.3994
0.49391,0.7031,-11.332
-2.967,7.5801,0.31668
-0.2588,-4.8689,1.7744
-2.4313,-3.4377,0.45458
0.34366,0.61584,1.9359
1.9514,3.2828,2.6805
1.7472,1.8136,-13.594
-2.7602,-1.9674,-2.9156
-1.1367,-1.5486,-0.24485
-1.0863,2.47,-7.7152
-0.5564,-1.0229,-3.4929
0.96127,-1.9682,-3.925
1.0447,3.4716,1.6548
-0.90271,-3.2621,-5.2991
-2.759,-2.8717,2.8277
-4.3369,5.7581,-2.7198
-1.4254,0.95218,-5.3995
-1.1769,-1.0202,3.3055
-2.2276,2.499,2.8963
2.843,2.5484,-4.1751
-2.2161,-4.9089,-4.4985
-2.623,7.2848,-5.5459
-1.4957,2.9906,0.048772
0.10269,1.7234,-12.338
-0.29312,-3.2213,-0.087998
-0.5592,-0.84496,4.334
3.0421,6.1173,10.943
1.6344,-1.1019,5.1114
0.89835,-4.5375,4.4689
0.46991,2.4645,-2.2192
2.1353,3.7198,-2.0992
-0.80878,1.3173,8.9674
-3.2361,-2.517,-4.8195
0.60736,-0.4126,0.096286
1.2463,-3.138,2.5808
2.5876,-4.0941,11.197
-2.7635,2.0258,5.5211
0.70938,0.13534,16.11
1.8164,-7.1939,1.4471
-0.59454,-0.92826,-3.0972
1.0899,-1.5567,2.1974
3.313,-3.1505,-2.0519
3.1084,0.18707,-11.437
-0.30209,-3.3676,2.9278
-3.0022,4.6846,-4.7461
-0.7549,-3.1231,5.6209
-0.061935,0.19229,8.6688
-1.42,2.0209,-12.361
-0.4222,-1.1363,-1.396
-0.97429,5.1562,-5.3783
-2.7508,-1.3155,6.2258
-0.73028,2.7751,-3.9696
-1.146,-1.5931,0.081971
-3.1643,-5.4819,-0.86588
2.0575,-4.0978,-3.8167
3.7747,3.9018,-3.1598
0.65448,-0.87767,3.631
4.4435,-3.2425,4.3093
2.7366,-2.1284,0.33752
0.36535,3.0323,-5.7027
-0.19181,-4.032,-3.9703
-0.25424,6.5863,2.2812
-0.44123,-3.2147,3.8574
0.46513,-1.6294,-5.4082
4.4133,-2.6545,0.50843
-0.7405,2.6903,7.4085
2.0865,1.8236,-3.3372
-0.087582,-2.0829,-0.78759
0.70003,-4.0767,-4.6027
0.93473,-0.068994,-9.3982
-1.8519,-1.6155,-2.324
-2.44,5.513,-4.9098
-2.0946,-0.060982,-6.3007
1.8256,0.84464,-1.401
-1.2231,-1.0463,2.3447
1.4865,0.17088,-6.7766
-2.411,1.6626,7.3602
2.9594,2.1423,-8.4498
-1.6166,-3.1797,-1.5113
0.12372,4.7621,1.3156
3.7616,1.9953,-4.2349
-2.4578,-3.0418,10.507
0.47878,-0.024262,5.8494
2.3746,0.031402,-2.9443
0.04507,0.8697,-12.053
-1.0356,-2.3334,-2.4045
-1.7281,3.8578,-3.0529
0.50971,0.67499,-2.1322
1.161,-0.049554,2.1936
-0.99463,-1.5007,2.2027
2.7593,1.5274,2.7605
0.53912,-2.522,6.227
2.4888,-1.7671,-10.286
-3.4261,-4.5575,-0.40749
-1.1584,-1.277,-9.2911
1.3437,0.60138,16.352
-0.027232,0.60222,3.3196
-2.5729,-0.6086,-1.4328
-1.3491,4.3954,-2.3869
0.0036729,2.9926,-1.9407
-0.20512,3.3367,0.96415
1.5115,0.58239,5.1937
-0.0037355,-3.0111,-18.111
1.8037,0.5908,0.011954
3.0636,-1.9713,-11.249
0.29638,-1.1536,5.1742
1.5661,2.8308,4.6122
1.9866,6.6056,3.456
1.6279,-1.2992,5.4533
1.3778,4.045,1.5415
-3.166,-2.5938,1.1546
2.3395,2.4112,3.7821
-0.8295,0.12177,3.6422
2.5003,3.758,3.568
2.6114,-0.081908,-2.7228
2.5738,0.5928,-5.513
0.45603,-2.5654,-5.4491
-0.27108,-0.36665,5.931
-0.077396,5.0674,4.3439
0.50196,8.4203,-0.61635
0.96099,-0.99745,3.5476
-1.3985,1.1328,-2.6005
-1.2702,-1.3362,4.0798
3.3207,1.0717,11.066
0.38136,0.29516,6.7387
1.4984,-5.9414,-4.1731
-0.67113,-0.37104,-0.36424
-4.22,2.0638,5.4725
-0.22606,0.91733,-8.6379
1.409,-5.873,-0.12019
-3.8881,-1.4059,2.3007
-0.025261,-7.748,0.54065
1.5011,2.9206,2.4599
1.3585,-1.819,-3.3141
0.8397,-0.53232,-2.3282
0.91009,1.3799,1.6239
-3.2357,-1.7843,-9.8658
2.7454,0.95891,0.18555
-1.1624,0.62474,8.1805
-2.254,-3.1109,0.2231
3.3022,0.78345,7.4817
-0.087633,2.8933,-1.3682
4.077,-2.0596,-3.5346
0.2378,-4.2892,4.7045
-2.9925,-0.25227,3.6191
-3.4728,2.8032,-9.0358
-0.93532,-2.1796,0.27646
-3.5723,2.0341,1.6064
-2.2462,-3.2906,6.5024
-2.5433,1.0275,9.7547
2.0941,-0.22368,-5.8102
2.7181,-2.7495,-0.81324
1.7608,0.59924,-0.49582
0.63511,-5.9261,-5.0036
-1.9798,4.9056,-6.8579
-1.2235,-1.84,10.767
2.918,-6.631,4.2444
-0.081359,2.8175,-1.2599
1.2686,0.88731,1.9456
-3.885,1.0859,-10.47
1.9774,3.6194,4.5363
0.26326,-2.4285,-1.7456
2.9463,5.7546,1.9372
0.83391,3.4217,0.67741
-4.6674,5.571,3.6727
-0.63571,2.5142,-5.4201
2.039,-2.6782,-9.8351
-2.9731,2.8786,-6.9533
0.32994,-5.4398,-3.4505
1.1085,-0.23467,-3.9234
0.55253,0.30413,-2.3964
-2.5294,0.22218,5.7346
3.986,-1.7749,-0.22329
-2.4988,-3.0297,3.4286
0.33058,-1.6254,7.6705
-2.1716,0.22632,-1.307
3.8168,-0.26336,-2.615
2.7044,-2.7645,-0.17452
-0.82821,5.4917,6.8886
-1.7803,1.2345,-1.5589
-3.7382,2.1271,-1.3577
-1.1333,-3.926,3.5703
0.58654,-0.66767,6.3102
3.678,0.6796,-6.6765
-3.2833,2.5019,-1.5784
0.24809,-2.4839,-5.4662
-0.6033,-0.2257,0.87056
0.72726,-0.052983,-2.9544
1.262,0.72284,-5.6581
1.3721,5.4241,3.4911
2.2143,-4.4639,3.0141
1.3502,2.8704,3.2619
-2.654,1.728,4.6051
0.35523,1.6256,4.2415
-1.9914,-0.34238,-2.2442
-0.39062,1.251,-3.6025
1.4889,-1.4518,2.9074
2.1523,4.4412,-12.111
-2.2134,0.22315,-5.0839
-0.10645,6.6424,-3.1848
-0.17193,-0.41912,-0.50646
0.24516,-3.2872,1.4961
-1.7382,-1.5052,7.4993
-2.3375,-1.6556,-0.85538
-0.1907,1.5518,18.555
-3.5378,-2.4393,-1.0319
0.73745,-6.8473,9.5612
-1.0231,2.0582,3.3048
1.2999,-0.50842,5.1183
-1.0148,-1.5483,-0.2732
2.7142,2.1217,-5.1903
0.32068,-0.49305,-6.0498
2.5782,5.3713,-0.57567
-3.5838,-0.87731,-7.9607
-1.5553,-1.5579,-2.0155
-3.5939,1.3935,-2.5937
-0.80588,4.2588,2.6344
1.7872,-4.4873,-6.5211
0.95734,3.0038,-1.6173
0.24756,1.3907,-0.44185
1.1367,0.29087,-6.2312
1.2661,-5.3338,-0.055158
1.1332,-6.6425,-1.995
0.36588,1.8208,1.2576
-1.9997,1.1995,-0.88569
-1.4416,0.50591,4.2622
-1.935,-0.64408,1.9201
0.22661,-0.86608,1.4567
3.4424,2.4718,3.7128
-1.7683,-1.5184,12.322
2.1957,-1.1252,-4.1437
-2.0155,-3.6211,1.7404
-1.1189,-1.9902,0.55128
-1.3763,-2.3798,6.861
0.95394,-0.2235,-3.465
-0.433,1.7965,5.9724
-1.4035,2.3745,5.125
2.0596,1.2456,9.3753
2.4018,1.6697,0.82402
3.7564,2.054,3.9211
-0.96153,0.42237,-4.9907
0.88499,-3.197,-4.0339
0.44069,2.4051,4.4909
0.12876,-0.78128,7.2028
5.2135,0.55145,0.89913
2.689,-7.052,-6.1307
0.68881,2.3161,-5.8376
0.5892,3.2779,15.966
-0.33135,-2.6626,1.0359
-0.16021,-1.2422,8.2622
1.4473,1.381,-8.2113
2.161,-3.8233,-0.94415
-0.44399,-1.1205,-5.4968
-0.35071,0.0016111,6.5838
0.1861,0.87635,3.4062
1.5655,1.2368,1.6281
0.65707,4.4984,7.485
-0.43903,-2.1257,-9.2574
-3.7029,-1.4346,0.76958
-3.8762,-0.24066,-6.7833
0.013636,5.3406,12.79
-0.096673,-0.68572,-8.07
1.6889,-4.6415,3.855
-0.43445,4.6593,-9.1238
0.80699,1.4532,-4.4144
-1.7952,3.4893,-0.99499
-2.2516,6.8955,-0.5832
-1.3416,-2.7306,-5.9578
1.2587,2.1483,-2.5023
1.8357,-0.38009,4.2065
3.9083,1.1004,-8.6337
0.91983,-1.7111,-8.239
-0.33709,-4.1593,-1.0353
-0.27876,-2.3039,3.4487
-2.7693,3.1984,4.7382
0.087868,2.8593,13.716
2.2264,5.7311,2.5542
-1.0435,-4.5971,-4.3432
-1.777,-5.9019,11.841
1.5046,-1.9656,-8.8737
1.6893,0.2413,-4.3642
2.4145,1.4615,-2.3991
1.5665,1.1239,5.7387
0.062383,-2.3352,-0.38155
-0.40301,6.7367,-0.42598
1.8012,-3.302,0.19475
-1.3925,-0.81659,5.634
3.4418,-1.1715,12.345
1.3845,-2.4469,-0.018706
-2.6071,-1.5131,11.719
-3.2036,0.20117,-5.17
3.2902,-2.8348,-0.36509
-2.6854,1.9067,1.0911
0.72776,4.8285,9.7632
1.0498,-1.8229,1.6724
-2.0624,-3.4302,-3.5688
-3.8279,-1.9731,8.6302
1.1084,1.9,-4.0852
-0.50348,0.3639,-5.1275
3.5423,-2.1222,11.234
0.76067,2.726,-4.2504
-1.1774,-2.4198,2.1348
-0.51971,-2.2256,-4.8484
-1.9576,0.56161,4.9825
-0.51268,-1.4499,-6.1565
1.1896,-2.8804,-5.527
2.7316,-0.01211,2.6018
-0.16105,4.6006,2.2967
0.74592,0.047974,-15.021
-0.92392,-2.0327,-7.3057
0.92483,-2.86,0.53247
0.17981,1.8195,4.3958
-1.7729,-1.252,7.2532
-1.2046,-3.5067,-2.6968
0.74155,-1.678,5.3413
2.7625,2.5382,-0.29805
-1.5158,0.81581,-3.2938
-3.3958,-4.9986,-0.79494
-1.4125,1.3792,-13.458
3.0547,1.2384,7.0566
-2.089,-3.0248,-6.158
1.1524,5.5319,1.7098
0.11211,3.0021,-3.1627
1.6498,0.68057,-0.47301
2.0568,5.7502,1.1331
-1.2887,-0.20969,6.4272
2.5804,1.6756,-2.56
-6.2627,-1.3183,13.852
-0.84542,-1.598,-6.487
1.6629,5.5008,-0.90712
-1.2014,-1.1544,-1.8043
2.4546,-2.5232,-6.58
0.73929,-2.0585,-5.2897
-0.90879,-4.321,-4.3199
-0.41425,-3.0162,-6.4529
-3.9684,-3.7801,0.88172
0.53982,3.3058,-5.3353
-1.1905,-2.0822,-6.1128
3.3606,-4.341,-0.19068
1.0194,-2.7526,-0.75375
1.8108,-1.9284,7.8408
1.0856,4.2815,4.9584
2.3283,-2.1892,7.5741
0.70537,-1.0096,-8.1102
-2.4709,-1.3447,-0.50738
-1.8067,-0.83529,4.3799
0.85699,3.6619,17.93
-2.2362,1.7535,0.35523
0.99731,-0.88273,5.6968
-0.97042,2.6404,2.2767
0.91535,1.0915,0.021205
-0.95286,-0.11861,-0.29176
-1.4625,2.1157,-5.8715
0.87487,-1.519,-12.636
2.0941,-1.3473,-10.142
-3.538,2.8794,5.6308
-0.83468,1.0179,-3.31
0.6018,1.6013,-5.9275
-0.72747,-3.6581,-5.9331
1.3708,1.0553,-8.9114
1.7705,-2.5617,3.1114
0.89217,-0.35499,2.374
0.55478,-0.2378,-7.8951
-2.285,-3.4716,-0.92982
-4.5089,1.186,1.5122
-2.0022,1.2404,3.9271
-3.3927,-8.4702,2.0704
0.39947,0.71511,10.832
-1.9748,-1.0871,-5.3795
1.9938,-0.98564,-8.1983
1.6135,-0.41749,0.63644
-2.4226,0.98636,9.9215
0.57367,-0.08466,8.5941
1.361,5.231,4.3427
0.77593,2.2193,8.3074
-0.11857,1.547,-2.365
-1.9456,0.20161,-3.6437
2.7742,1.1418,0.42884
2.7852,-1.7125,0.41844
5.8739,-4.4733,1.1681
1.3077,0.43953,9.4435
2.4084,-1.1535,10.693
-1.0214,0.56589,2.1211
-0.73947,0.75831,8.3057
-1.2101,-1.0374,-7.2684
1.8861,0.15242,-6.5689
-0.90722,-0.73448,-4.294
-0.6553,-3.1536,9.15
3.3166,-0.4451,-0.7412
-0.08399,-1.4782,3.259
-1.705,1.278,4.1307
-0.79816,4.6482,-6.7606
-2.3258,-5.7115,-7.3033
1.3916,-0.76444,-5.2231
-0.21062,0.79142,2.9926
-2.0661,0.55116,6.0211
3.1028,0.11553,0.53402
-1.5634,-0.10323,16.149
1.9357,0.64232,5.7533
-0.32864,-1.9496,-4.6086
2.3568,-1.501,9.7845
-2.2082,-2.4773,-7.8446
-4.1992,-0.26117,8.0901
0.45566,0.42064,3.5001
4.3885,0.34325,15.427
2.6875,-1.3186,-1.4269
1.6853,4.8876,4.8469
2.3609,1.5221,-3.9505
-2.3692,2.0897,-1.6168
1.8874,-0.70026,4.085
1.976,-1.0398,-3.8098
0.65559,-2.1235,7.4974
-0.094047,-2.2524,2.4457
-1.382,2.0146,-5.0524
-2.7443,1.3884,4.5714
-0.80495,-1.3869,2.8954
-3.6188,-0.87541,-0.98887
2.0202,-1.25,-2.372
0.20998,1.6818,-2.6071
-1.601,-1.2828,4.1935
-3.0992,3.2542,-5.7354
0.71078,-3.1497,9.0735
-0.55451,2.8188,0.95089
1.4859,-0.14873,0.88091
-1.7374,0.31871,0.091309
-0.6312,4.2161,-10.235
-0.63403,-1.9086,-1.7158
1.0175,-6.4431,-4.222
-0.5714,0.1423,-3.2311
-2.2742,0.633,4.5704
0.88706,-1.879,3.882
2.5882,3.9577,4.1443
0.52149,2.6564,4.4982
0.41676,-1.1555,1.9979
1.0492,2.1595,0.73774
0.10426,2.4468,-5.0621
-2.7445,-1.7968,0.28047
-2.4945,-5.574,0.4134
0.29483,4.2874,-2.8396
-4.156,-2.7849,0.63435
-0.60711,-2.2001,-0.62711
0.019873,-0.30761,-4.3491
0.42482,-0.71722,1.5776
-0.20106,-6.9573,10.562
-1.3998,-0.81983,5.6246
-6.8342,-1.2489,2.6891
-2.6537,1.2638,3.0141
0.12149,-1.687,-6.3402
0.030138,-0.89816,-8.6866
0.084946,-1.8891,-12.938
0.64535,4.9717,-1.3834
4.3512,2.5327,-3.0855
4.3551,3.6324,2.3564
-0.61532,-2.1822,3.8113
0.95207,5.9949,-7.2714
-1.0581,-3.6251,3.8746
0.49918,-1.7896,-2.7711
1.8235,4.295,1.47
-0.47692,-0.27289,4.9654
1.3979,1.8081,5.2697
1.0129,4.3847,9.3979
-1.1879,-2.0451,5.5838
-1.2704,-3.3511,-3.5081
0.79626,0.82696,-1.1673
-1.1486,-1.6744,-6.4668
-3.8584,1.5989,0.70964
0.57549,-2.6379,-7.7228
2.4136,-1.6153,8.9705
2.1188,1.6288,-2.5117
-3.0283,0.54895,7.7133
0.036398,1.4188,-11.86
7.1592,-4.248,-2.9799
-1.6246,0.64195,-2.7736
2.6821,1.1141,2.5643
-2.8668,-2.6166,-1.2298
1.1359,3.6159,0.078244
-0.88413,1.0327,5.6484
2.8668,-1.8473,0.51581
1.2204,1.0249,5.925
0.33213,0.48279,1.1185
0.16923,-3.0689,1.513
-6.127,-0.29333,-9.7775
-1.7573,7.0335,-5.8987
0.4413,3.3978,-8.1671
-1.3652,5.018,8.476
3.2983,-0.62644,-1.6306
0.76366,0.69114,-1.9572
-2.0299,1.3,-4.8592
-3.8232,1.4545,-2.9209
-0.53107,-0.67544,-1.9619
-1.4242,-0.29644,6.3599
-0.547,-3.4676,-6.7718
-0.93865,-3.3988,12.103
1.0943,0.1676,13.555
-0.3321,-0.3273,-2.5305
1.5075,-0.072451,-5.039
1.3201,-0.20355,2.4298
1.0648,0.39928,-8.6585
-2.1378,6.1232,-0.85121
-0.19146,0.6685,1.2005
2.3859,-3.3615,-8.3007
0.85749,3.7425,0.96574
2.6608,-1.5593,0.1719
2.8246,-1.8932,1.756
0.33094,-0.7355,-1.9564
0.50418,-2.977,0.30017
-1.2589,-2.8292,4.5224
3.0192,-3.7601,-2.565
0.73929,4.4338,2.9809
1.3438,1.6367,1.0795
-1.0359,3.9092,4.3522
2.5164,6.9279,1.9819
-0.7883,-0.85637,-2.4796
-0.94755,4.4547,2.4476
-2.382,1.8172,-9.2782
-1.1919,3.288,9.6398
0.51211,-0.46092,0.69536
2.0379,2.936,-8.305
-1.581,3.1435,-4.4296
1.2609,-3.3207,1.1378
3.1327,-0.5292,3.8589
0.28649,-0.20263,3.7583
-1.688,0.91401,-10.833
1.0076,0.4512,2.7926
-1.5975,2.3115,11.76
1.6986,0.96215,0.70883
-0.95595,-7.8571,-1.1132
-0.50247,-3.5026,-0.19678
-3.0632,0.29824,0.18496
-2.5886,1.3366,-6.1495
1.3599,-1.3324,-9.3515
-0.37362,-1.4448,-5.2617
-0.13558,1.527,3.667
0.25919,1.9917,2.6908
0.84648,3.0759,4.1957
0.76596,-4.1695,-1.5939
3.5158,-1.3491,2.9349
-0.40964,-1.9284,11.67
-1.2191,4.7737,6.024
-0.10081,3.8214,-9.7219
-1.5785,-1.5674,0.30228
-1.7413,1.8469,-8.5406
0.67919,7.7329,5.0478
-0.017407,1.4685,5.2629
0.88506,-0.6636,3.771
-1.9211,-2.1007,-1.2405
2.5508,1.7222,-1.1561
2.2019,-2.6402,-5.1457
-4.2589,-0.52383,1.4266
2.9772,1.7496,0.8688
3.0741,-3.4543,0.93651
-1.9306,0.28765,15.152
-2.8879,-0.83353,2.685
-0.43161,2.9526,0.99909
1.1744,0.73601,-5.3687
-2.4404,5.8907,4.6902
3.3529,1.094,3.3396
0.054154,-0.08314,-6.492
0.86938,1.6047,9.3515
0.03565,1.0046,-6.2616
-4.4642,-2.0456,0.30807
-1.0527,-3.3497,1.421
2.1428,-5.4368,3.6967
1.6516,-0.36915,0.95771
1.9944,6.6968,4.831
-1.1839,-0.51429,-4.243
-0.15678,-0.28317,4.3066
-1.506,1.9229,-1.1481
-0.44116,-3.2489,3.9986
3.0397,-2.8405,7.9211
-2.53,1.8623,-1.5192
1.7227,5.7735,-11.826
-3.099,0.053707,-4.3484
-0.94983,-1.5798,-2.4469
-2.3904,1.5567,-9.5108
1.5448,-1.8841,-5.399
0.33414,-0.01879,-4.8347
-0.43652,0.64697,1.8788
-2.0454,-1.5966,9.148
-1.4965,3.443,8.6012
1.8194,3.1175,-1.3437
-2.1929,4.1413,-5.1745
-0.59162,0.15606,-9.6229
1.0512,-1.7077,-2.8942
-0.4268,2.5202,-2.3814
0.62376,3.1654,-3.6771
0.45636,-0.098574,0.33256
-1.9604,-0.87853,-2.6403
-3.4645,-1.2061,1.9544
-2.0619,-1.6588,-10.358
0.86303,-0.57561,10.998
1.4033,3.4229,-1.6299
-0.18833,-0.30979,1.8468
1.6944,2.0994,0.086368
1.0953,-3.2061,3.6728
1.1047,-1.6761,1.0197
-0.44914,-3.8049,7.7582
-2.0966,1.8337,-16.402
-0.39908,0.25618,4.3852
-2.3572,4.7567,-4.4235
0.24275,1.2399,1.8919
-1.4886,0.48573,3.7877
3.7201,-0.21782,0.91986
-2.2317,1.6497,-11.346
-1.0879,6.1715,0.15397
1.8424,0.4917,-8.6609
1.1818,0.09494,-6.9378
-1.8135,0.14233,11.347
-0.4616,-1.1859,-8.6971
-1.2581,-2.3291,0.10586
2.1944,2.7172,5.4744
-0.028654,-1.9011,4.8665
2.1867,-2.0891,2.4416
2.8646,-3.8402,1.3339
2.9478,2.2816,12.721
2.8089,-0.55012,3.9852
-0.87676,0.36006,-7.4367
-2.4792,0.49286,-1.7686
2.3411,-2.0774,2.4974
0.39532,1.7473,-0.53497
-0.21476,2.3045,-7.5484
-0.25187,-0.69564,0.6892
1.5006,2.1905,4.6643
-2.5066,-1.6607,4.5767
0.99642,0.81989,0.52255
-0.4121,2.6748,5.7461
0.79405,-2.3606,-3.0987
-5.0278,0.84874,-9.7975
1.3975,-2.1116,0.50524
0.17578,2.2172,-1.436
-0.074407,-8.0942,-14.099
2.5194,-2.7569,-4.6945
-1.4113,-3.6,2.2895
-3.516,5.0038,5.8652
3.2886,4.7509,-7.6556
2.7532,-0.088098,-15.674
-3.3578,1.6985,1.32
1.9005,3.9291,-4.6914
-4.5331,1.4463,1.8276
-0.14634,2.0351,-6.5262
0.019197,-3.1962,2.9144
-5.5031,4.4136,7.9086
0.71436,-2.5354,-3.6371
-2.1365,0.47815,-0.66664
1.5178,5.723,11.598
2.6215,-6.1731,-0.94532
-1.8772,-0.49768,3.6827
1.6802,-1.7458,-0.31431
-0.39048,3.3013,-5.288
-1.1378,-1.4981,-7.7269
-1.9347,5.8893,-1.1941
2.0765,-1.5051,-2.708
1.6023,-0.042938,-9.3778
0.13798,1.9338,-2.7668
0.20242,-0.50638,-4.0184
-1.431,-1.3471,-10.243
0.9009,0.77497,-2.5325
-3.7881,2.3667,-0.57858
2.9568,2.9215,11.562
-1.3409,1.3958,12.833
-0.46938,1.4631,1.4874
-2.8446,-1.8145,-6.6167
-1.1394,-1.4554,8.4259
-0.3699,-0.43507,-0.10079
1.9326,2.005,-3.0529
2.9601,0.71691,4.2012
0.45956,-2.9891,-3.9631
-3.3253,2.3498,2.1657
-1.1948,-0.1811,-5.0207
-0.077216,-3.3721,5.7764
2.17,2.1913,3.7909
0.92665,-3.9095,0.75166
1.4584,-4.4003,-2.2701
0.52403,2.4499,-9.7599
-1.9378,-0.96869,-1.1642
-0.93863,-3.095,5.6741
1.1462,-9.0276,-5.7333
0.51368,-1.9025,-6.5122
3.2033,-1.3951,7.9859
-2.5363,2.843,2.7639
0.87553,-0.19558,-5.2184
-1.2431,0.56357,-3.0226
-1.9549,-1.1853,-7.4926
0.2665,4.6712,5.6034
-2.3124,-2.9167,-6.5786
0.13182,2.2015,3.6245
-2.2423,0.36099,3.2602
-1.3784,2.5185,4.4011
0.83928,1.9268,-6.9124
1.8187,0.38121,-8.1829
5.2607,-2.4263,-1.0183
2.0757,-2.2706,-5.0379
1.1571,4.131,4.251
1.0359,-0.17516,-1.7186
0.36532,-1.6257,5.468
-3.3142,-4.9819,-2.9571
-2.4162,-0.90309,4.3375
-1.3216,-2.6916,0.12827
-1.685,2.6498,-0.03996
2.8103,5.3384,4.7983
-0.7092,-0.86641,-3.8546
-0.9581,2.0503,-17.16
1.4411,2.585,-4.2277
1.1852,-0.32738,9.4967
-0.45542,2.314,-5.4952
-2.4266,-3.7259,7.766
0.78561,-1.3618,11.21
0.95721,-0.5061,-7.1093
1.1237,-2.9246,4.4401
-2.7101,-0.82433,4.3333
-1.0087,4.1444,-1.8636
-0.20569,3.7333,2.7217
3.5542,1.0742,-2.8558
-2.847,3.2535,12.718
-0.73589,-0.51945,3.8848
-1.1516,6.682,7.5075
0.58222,-4.0991,-1.2792
1.488,-4.5255,-5.2017
0.72858,2.6718,-0.42174
0.72117,2.9421,2.1246
1.5453,-1.3211,-8.5643
-1.3504,2.313,1.7454
-0.039356,-0.40782,-5.622
-0.68469,2.9273,-3.8955
-1.3192,3.7213,-0.73177
-0.91928,-0.92325,-4.9019
-3.5375,-1.9125,2.9149
-0.61292,-5.6478,2.9837
0.51537,4.4823,3.5368
3.3294,2.8887,-8.75
-1.96,0.45561,7.6831
-1.4991,-7.738,11.639
0.69161,-3.4267,-5.5318
3.7054,4.0332,11.204
-3.5321,2.3526,1.9583
-0.9493,-3.7406,-11.018
0.086896,-3.0836,8.6578
1.2132,1.6597,4.7573
0.80831,5.1242,-11.393
2.3258,0.79869,-0.0059075
0.48032,-3.1553,1.5304
-3.8575,0.36447,4.1591
1.7065,0.051883,-0.90198
-1.1461,2.7093,-5.4761
2.8588,7.0027,-5.2615
-1.0251,-1.4957,2.1637
-2.1091,-1.4523,0.090957
0.99499,-2.773,-3.2067
1.0007,-4.5203,-7.8335
-0.75199,-1.8755,-5.4475
-0.053179,2.0723,4.7971
-2.0274,-0.44169,4.0165
-2.602,1.2495,-1.6323
-2.65,-2.2888,16.042
1.6734,-0.028074,1.8882
0.51004,-4.0316,-4.0144
-1.6518,-0.93388,-13.351
-0.3181,1.3979,4.3527
-1.7674,1.6637,3.6162
-3.2585,-4.0163,-10.707
-0.62814,-2.0395,-5.4685
-5.5835,-2.7169,9.2207
-2.2986,-2.729,9.0881
-1.7871,-0.81975,1.3713
1.5487,3.7782,-4.6059
-5.0533,-1.3747,6.4061
1.8184,-2.4919,-0.8472
-2.334,2.9592,-7.5213
-0.3744,0.19207,6.0856
4.7595,1.5933,2.3615
-1.391,-0.032469,-9.0689
-0.49305,2.401,-5.117
-1.1316,-0.42083,-0.35948
0.66827,-0.6586,-8.0762
2.36,0.4396,2.1148
2.2294,-3.8257,-5.8634
-0.15285,1.3091,-4.4669
0.26639,1.1203,7.8288
-1.8901,3.6535,4.546
1.223,4.0504,-0.85225
0.18312,-0.77076,-11.349
0.9671,1.4007,3.5608
2.9352,-0.40444,-1.48
0.99893,4.9567,-0.55457
4.3636,1.5492,1.4745
0.46624,6.0713,-0.61172
-0.90531,-1.9448,-0.48716
-2.1015,-1.1355,0.94624
0.04097,-2.2569,-0.017985
-1.2511,-1.8034,-3.4076
-2.8888,-0.59761,7.7887
0.39961,-0.79949,-5.5094
-0.89011,2.7703,-20.744
-4.41,-3.3854,5.1861
-0.90348,-3.5506,6.9223
1.1321,-3.7172,-0.60971
2.3667,-6.7777,-5.8378
-2.8267,0.4852,2.0939
1.9847,-2.201,6.6547
2.3779,-3.7463,1.3725
-0.038515,0.80596,-9.2536
0.035227,4.8806,5.1093
-1.3669,0.86118,-5.8326
1.1255,0.2605,0.83199
-1.6979,-3.0477,-0.92084
-1.6337,-0.27395,-2.7919
1.9662,0.43783,-3.4914
-4.1719,0.20657,-0.4603
-2.6918,-1.0431,2.9337
0.32372,2.158,0.26564
4.908,-0.69792,-3.2795
-0.0027045,-3.2921,-4.2852
-0.84685,-2.2398,-3.5474
-1.4526,-4.1969,-17.836
0.90412,2.2035,14.333
-0.37825,-0.061906,4.5256
-1.9481,-4.0246,3.8266
1.146,1.9911,0.053988
-1.8747,-1.3326,6.5735
-4.9347,-2.4662,-5.5913
1.2143,-2.5155,4.8372
-0.43555,0.78756,7.2001
-1.6164,0.81312,-6.5699
5.2857,1.52,5.2607
-5.5386,-1.6049,-9.7863
3.7279,2.5465,-8.0474
0.47198,-1.74,6.1578
-2.681,3.7584,5.6954
0.77001,-4.4036,9.1906
1.3025,4.0725,6.9126
-2.595,1.0486,0.22632
5.7105,-3.817,-2.3664
-2.3671,-1.1465,0.39982
3.1204,-1.21,-0.046793
1.1402,3.4382,-6.0419
0.9185,2.7953,0.83302
3.3645,0.56999,-0.80628
-0.36782,-2.7349,1.8076
-0.418,-2.4036,-2.8043
0.28223,1.769,0.68451
-3.3273,2.5151,-1.9066
-1.773,-1.1057,1.3761
-1.1943,-1.0318,1.0032
-1.3561,1.9858,9.1846
-2.3516,-0.7104,8.0051
0.57504,-1.8588,-0.3604
-0.18989,5.4977,6.5024
-3.7736,-1.4937,-2.347
-0.96764,4.7448,0.10576
1.4119,5.2507,7.5081
1.7588,0.38404,4.7021
-0.87653,0.46563,-9.953
1.7833,1.3374,0.05247
-1.6988,0.37172,-1.3938
-1.5578,-7.6134,-1.8623
-1.0317,-6.5567,6.4826
-1.6098,-6.1666,8.085
-2.1428,2.5238,-1.9909
-3.1046,-1.7274,-0.74754
1.0887,2.5361,-5.9224
-0.30262,-2.1351,-7.0434
-0.27828,1.8517,-1.4591
1.5179,-0.26145,6.0336
-0.18936,-4.1635,-7.5787
4.6469,-4.2111,3.6771
0.36106,-4.8398,-18.076
-2.0384,-6.4869,-3.6951
1.7026,1.7939,7.4273
-1.5454,-0.18233,-0.24678
-2.6957,0.035593,-8.2064
2.4317,-3.2742,4.8229
0.31227,0.44829,-2.6311
-0.47621,-0.4094,8.0611
-0.55981,-1.3656,-5.6207
-1.2197,1.6407,-4.7943
0.51688,-1.1402,-11.518
0.30791,3.9912,15.152
1.3202,-1.0329,-8.1369
-3.8055,-0.4938,2.8587
-1.6141,5.3664,-9.7002
-0.8134,3.6235,7.3339
1.1636,-4.0772,-0.31392
-0.76296,-2.854,-6.9497
1.3176,2.7228,-5.6648
1.0784,1.1329,1.7617
-2.5467,2.6684,2.1554
-2.1011,0.86503,-0.15973
-0.57237,-2.4309,4.7996
0.40866,-3.5078,7.0408
3.1005,1.4923,2.2822
-2.3478,0.70449,-2.8343
1.0286,6.0619,2.9937
-0.22496,3.6592,10.713
-1.727,-0.51569,-8.9299
-0.61475,-1.3124,-9.869
-0.9952,-5.1229,-6.8647
2.0855,2.3587,-7.8574
3.9027,0.54018,-8.9423
-0.83519,-0.85387,-3.1659
2.4773,-0.3889,2.9712
-2.9557,0.86548,-2.3319
3.8111,-0.96865,-6.9958
0.87356,-5.4197,0.47752
-3.785,0.73262,-0.38277
2.2099,0.13471,0.68908
-1.4365,-3.1874,5.6895
1.3853,-2.7607,-5.2181
-0.082959,1.0179,1.3955
1.7968,-1.9252,-10.54
1.819,2.4264,-3.6628
-0.20453,-0.25643,-5.1047
-1.4599,-5.5588,6.8443
-2.1965,-0.72369,-3.2791
-2.4643,-0.031992,0.93346
-2.1719,-5.6497,-7.3899
5.1684,4.747,6.8131
2.2654,-0.16981,0.26081
-0.24876,2.6265,2.9564
-0.26267,1.1458,6.1655
-0.56992,-0.30745,5.4053
-0.072268,-1.7744,-13.527
-0.98568,1.2257,-4.5448
-3.1084,-4.4056,-5.5882
2.2651,-1.3798,12.052
-2.5658,1.8476,-12.842
-0.16329,-1.7507,-3.4615
-2.2317,-0.10384,-3.0804
1.4926,-0.29336,9.3665
2.5828,1.4767,-0.1941
-1.2575,-0.55696,6.2679
0.48493,0.92474,-1.5584
-1.9887,0.10165,-4.8683
-2.3431,-1.5965,5.255
-1.8382,-1.3043,-1.2709
-2.2393,6.6505,7.1848
0.97687,-2.9883,12.842
-1.0689,-4.2049,-2.6154
0.52882,3.5156,6.6355
0.47598,1.5693,-9.544
1.8242,-5.6582,-3.4075
-1.0417,-0.79902,-1.603
2.6433,3.1694,-3.4404
2.5724,-0.60193,-2.8834
-0.29782,7.5293,7.5247
-2.0825,-0.45257,2.9376
-1.0995,-4.4666,3.3207
-1.1078,-6.2896,-3.4271
-4.3317,2.979,5.1287
-0.93074,0.0043817,-0.61793
-0.61445,-2.9027,0.40159
-0.62979,1.4026,5.3851
1.2649,-4.02,1.6417
2.7476,2.1655,-5.5649
2.9205,-1.4793,-1.1116
2.2902,1.0782,10.141
1.0104,4.7265,-5.6937
0.94429,-2.3569,1.8158
3.1749,-1.4692,-2.092
-2.4763,-0.15033,-5.4426
4.9256,-0.1726,-0.36079
0.53095,-2.2766,0.19679
0.52907,5.2501,8.6164
1.284,-0.87168,3.524
0.55814,-3.3523,-1.5491
-1.425,-4.8239,-4.9005
1.3341,1.8591,2.6909
2.0878,4.1236,-11.235
1.4678,-3.5772,-6.8944
-0.51473,0.81775,-0.58874
0.32662,0.39233,-2.3763
-1.2,2.1532,-0.56028
-1.8428,-0.98634,-2.5902
-0.3945,-3.4196,2.1026
0.093643,-0.21552,4.5231
-1.7873,-5.0573,4.0513
-0.035731,0.78864,-5.3179
1.7594,0.30912,-0.49813
-1.4063,2.3169,-13.553
2.6655,2.8066,-2.1036
-0.2393,0.74781,5.8284
-0.29619,-0.44767,3.3076
0.04128,-2.0802,-0.62066
0.75216,0.82021,-4.1878
-1.3277,0.34997,-2.4132
2.0061,-0.42158,-0.15962
0.32358,1.3367,-6.3995
-0.78728,2.054,-6.8704
1.9145,-1.9492,-3.6174
0.53325,4.8747,-0.80886
0.99609,1.905,-1.2211
2.4949,-0.27753,-2.5371
0.84057,0.41472,2.119
-0.68312,-3.4176,-6.3097
-1.4598,2.1068,-1.1834
-0.065373,-5.5825,2.7548
2.4956,-3.8623,-2.8571
1.1692,4.8106,-3.7576
1.8725,-2.8408,-0.28745
0.16717,0.10557,10.355
2.4468,2.2046,-6.9446
1.5211,2.4879,-3.9522
0.7588,0.57009,-5.7377
0.41858,-3.3921,3.8186
-0.17089,0.54653,-7.8881
0.96233,5.2765,-5.8044
-1.1044,-2.4093,-3.5659
-4.8148,1.8472,7.5672
-2.2959,-3.8509,-2.5665
-3.8651,3.2149,5.8875
2.3617,-6.1402,4.9694
1.9925,3.7747,-4.1553
-2.0494,-2.0422,-1.9272
-1.0549,-2.0082,-2.991
0.30021,-0.89956,-7.0609
-0.91015,-1.3852,7.4029
3.1527,-1.4836,-1.0336
0.00017973,0.064831,-5.0233
-1.0551,4.9459,-0.36914
-2.564,-0.15713,6.6601
-4.3756,-4.1467,-2.7341
-5.7429,-1.5628,-3.8666
-1.4044,2.6738,-13.046
2.3359,-1.9567,10.416
-0.73806,2.926,-3.7924
1.7705,0.42639,4.356
-0.52031,0.87089,-13.894
-0.8512,7.4536,-6.7552
-1.0742,-2.4972,-0.42706
-1.5443,1.1267,2.5452
-2.2774,-2.7301,0.0088604
1.9303,-5.7619,-7.8742
4.647,-1.5394,-7.1925
1.9394,3.3947,2.7569
-1.1159,1.2465,-5.9351
-0.94919,0.57459,-7.7427
-0.72583,3.4705,9.0361
-0.60696,0.59711,-7.9056
-1.7778,-6.9026,17.713
0.51682,-0.40529,-10.157
2.6768,8.2404,7.543
6.2503,4.5693,-3.5535
3.1376,0.83617,2.8425
-2.7032,-0.15349,2.2812
3.1584,-6.8457,-9.6224
-2.0339,-0.51719,7.1146
3.5611,-5.0418,-5.668
0.41311,1.3729,-2.2096
0.35551,1.025,-4.5562
2.3595,6.0859,1.5929
-1.1172,-3.787,6.0156
-2.4449,-2.0774,7.0619
0.7164,-3.2439,4.0412
-2.7235,1.1136,1.3864
3.7339,-0.63911,6.9506
0.035026,2.752,-0.78574
-2.081,-1.9401,-11.919
3.5665,-2.9642,0.015169
-0.53636,5.6911,8.2836
-0.23088,2.8089,10.784
0.30059,-0.6513,1.7454
1.8924,0.052125,-1.2997
0.53601,0.25525,-6.6368
-1.7203,-1.3915,0.0024686
-1.5958,1.087,-7.7671
-2.4924,2.8686,-7.5889
-2.4137,-0.063767,1.7914
3.4758,0.2345,3.3807
-3.0082,-5.221,-9.7882
-2.9622,-0.64273,9.8246
-2.2437,-1.0482,5.1948
-2.3105,-0.72042,-6.4458
-0.35718,2.6618,-0.76091
1.7677,-1.5339,0.56816
2.5389,-2.4474,2.3857
-0.74734,0.43104,-3.1054
-5.5766,3.0429,0.058917
3.4391,2.8977,-2.1051
-2.373,0.72561,-3.379
-3.1909,3.1236,-2.8861
-1.9454,-5.8978,-1.1122
-0.99879,1.8642,-6.2362
0.47924,-3.2191,-1.8971
1.6739,-3.0988,-1.9391
0.051077,-4.0079,9.1333
-0.39768,2.1073,4.9057
0.32116,-2.9206,-1.1476
-0.60969,-0.76759,-4.029
2.6711,-0.79607,-0.5446
-0.69197,-4.1998,0.78554
2.2384,-1.7498,3.4321
-2.8988,3.743,3.605
0.93087,-1.528,-5.1882
4.2057,2.3489,10.654
-2.0295,2.5372,0.99003
0.93209,-1.01,-7.5308
1.5014,3.8503,7.2884
1.3319,-0.25413,-3.9268
-2.0935,2.0934,0.4362
2.5155,-2.5341,-11.063
0.65873,-0.96366,-1.4134
-0.06273,2.6846,3.2668
-0.76586,-5.0636,-3.7053
4.1106,1.4045,-5.5567
-1.8613,0.99468,-6.7446
1.863,-1.5219,6.6706
-2.1862,1.664,12.121
0.56605,0.9602,3.9192
0.78399,0.09042,7.427
-0.58912,-0.28049,-4.3622
2.0852,1.9819,-7.9344
-2.3756,0.63899,-4.0065
3.4808,-0.50116,0.54292
-0.14756,-1.1486,-1.5529
-1.2569,-0.38966,-5.7504
-3.0159,7.2224,-10.779
1.4169,-4.2198,-4.0957
-0.26948,2.3364,-3.2629
-0.36013,0.83712,-3.9843
-5.6019,6.3589,4.3988
-1.1032,5.7864,9.7821
1.3449,-4.4066,-3.243
-1.9939,0.20416,4.448
-1.4624,1.3501,-4.3458
3.6878,-1.7375,-0.463
0.86965,-0.011632,6.4198
-0.12254,-0.0029965,6.9
0.42691,-3.5894,3.0887
0.97619,-1.8152,-5.9499
0.70761,-2.3403,-2.0123
-2.1065,0.14908,-0.53041
0.12253,-1.71,-5.1668
2.7093,-1.4564,-3.0157
-1.515,0.25776,3.0966
1.2952,-3.075,-4.1029
0.61165,1.4776,-4.4728
-5.8281,-2.4152,14.251
-1.494,-1.1905,9.4274
-0.48552,-3.0644,4.3159
-1.4327,-0.41114,5.8067
-0.67095,0.52942,5.2659
-1.0262,2.8203,9.3391
-1.4435,4.4583,-6.343
-1.6483,3.5489,-1.4956
-1.7746,-0.98225,5.3974
0.10232,-2.8493,-9.6989
1.7075,2.935,4.5361
1.0734,-1.7935,4.3135
0.35137,-3.1022,13.622
1.1702,-7.183,-1.6143
-4.462,-1.3647,8.9849
-2.9212,0.84795,-1.0336
-0.57482,-0.84683,6.7837
0.73894,-1.5819,1.4755
-1.1323,2.9051,7.0355
-0.75327,-1.0869,-3.1304
0.19178,-0.74493,1.3048
-2.1832,-0.4743,-2.9983
-0.66743,2.322,3.2071
-4.1257,1.6744,2.001
1.5362,-2.3766,-9.0287
-1.0743,1.406,1.5002
-1.4471,6.6651,-5.7235
0.68381,-2.1564,-2.4223
-4.053,-5.4613,-2.2971
1.2916,2.619,-11.813
-1.166,1.4841,15.743
-0.90639,2.689,8.8354
2.1064,5.5498,-0.74267
-2.4596,2.6321,-7.7642
0.7435,3.2097,-2.1434
-0.70336,-0.43459,4.5833
2.5653,-0.58604,6.6121
-1.6505,-1.9648,-5.1367
0.26199,-3.8891,-10.375
-1.4856,3.2566,15.832
-2.8727,-3.5487,-7.7859
-1.4397,0.00097266,5.6289
-4.3748,2.9754,0.26241
-1.3125,2.6646,-7.7978
1.8235,3.1346,3.7874
2.8248,-0.50724,-2.1807
3.5524,-0.81649,0.84422
2.0682,3.5192,-7.1023
0.56518,-2.0351,-5.8602
-0.48831,-2.4046,-1.6414
4.6831,0.7222,-4.3811
-0.70932,1.8559,-0.6158
-2.1684,2.3168,-4.7474
-0.78492,-0.47611,0.30445
-0.12528,-1.2945,6.5456
-2.9031,-2.9342,7.5184
-0.10029,-4.43,-1.0007
1.622,-0.31295,-4.4809
-1.7299,-0.30033,-10.205
-2.4823,-3.6165,-14.167
-3.6373,-3.7974,-11.4
-1.338,-4.6382,1.623
1.934,0.9443,2.8421
1.7954,-0.36289,6.0015
2.6171,-0.57982,5.9628
-1.8262,0.44928,-6.378
-0.43831,2.7389,15.329
2.2587,-1.0347,-1.596
-1.1425,1.645,1.5593
-1.7377,3.105,4.3332
1.6623,1.1466,8.1981
0.89154,3.4988,-3.4271
1.1375,2.168,3.8229
0.11534,2.1274,0.47976
2.4718,-3.6051,8.1538
-1.7856,-0.74143,-5.6415
-1.3057,4.3635,2.0149
2.2823,-3.5378,10.155
2.478,7.633,-9.1668
0.76075,-7.3624,5.6657
-0.43059,2.2792,-4.1312
2.5948,-5.4594,5.8227
-1.2163,2.295,-4.3206
-0.17882,0.68126,-3.0889
-1.4093,2.3799,-11.792
-0.90365,2.341,-5.496
-1.3292,1.7908,-2.6942
0.4965,-1.59,-10.455
0.97491,-0.35847,2.212
2.2275,2.9363,-4.5851
1.2035,-4.9329,0.80877
-0.59345,-3.6288,7.3443
0.13997,2.0974,6.8278
-2.1933,-2.0114,-4.3271
-2.1089,1.6401,2.2152
0.97245,-2.2817,-1.334
1.1921,0.048503,6.6547
1.2646,-2.2434,-10.664
2.8083,-0.82268,-3.954
-1.6813,-2.8696,9.3895
-1.1622,-4.1329,-5.4625
-0.4034,-0.87378,-4.1308
-2.567,3.4287,-3.9964
0.47928,0.10124,-10.881
-0.52546,-2.6978,2.9306
0.7408,-1.1718,2.7706
0.29011,1.9137,6.606
3.8158,1.2352,5.1598
0.12916,-5.0833,0.86473
1.6776,-3.7024,8.2228
-0.25991,-3.5178,14.773
2.1583,1.7104,-0.58391
-1.4796,-0.41002,-4.0197
-0.30075,-2.9679,3.2667
3.029,1.9144,0.74043
-1.1276,-0.32544,3.5392
-0.80893,4.4177,1.0054
-2.6192,1.7177,-9.0338
-2.277,-5.7895,-14.359
-2.0672,0.10033,-0.86098
0.82499,-3.5536,-2.3255
-1.8509,-2.3347,-5.5687
0.15319,-3.1762,-3.1109
0.64355,-0.95638,-7.1559
-0.90938,1.16,-1.391
-3.8812,6.3759,3.5591
2.0934,-2.4721,-9.7925
1.2665,0.0037199,6.4834
2.5013,-4.7816,10.505
0.92936,1.4226,4.1705
3.1745,-1.7249,-0.25478
-0.57669,3.9997,-4.7188
-0.14406,2.2365,-3.0921
4.8303,-0.40517,-0.20294
0.52847,0.78182,-0.85105
2.4916,0.50212,9.328
1.7011,-0.92356,2.0391
-0.8837,2.6312,-2.2282
0.026814,2.6768,-5.2654
-1.5669,1.3697,5.7414
-0.93774,4.8315,-3.7775
0.42796,-0.28373,-4.7023
-1.1072,-0.34274,-2.3102
1.7478,5.4904,5.3849
4.6426,5.6399,-10.563
0.051409,-7.0143,-0.47967
2.8456,-0.10533,-5.701
1.0258,2.888,1.6681
2.3739,1.4656,-9.1034
-1.1954,3.7171,-1.8071
0.72805,-3.5194,-3.6312
0.61291,2.8603,5.083
0.9781,3.0798,-0.34688
0.86349,-5.1832,-5.4335
2.2277,1.7677,5.391
1.7999,1.6561,-0.83693
-1.4176,-4.4778,-1.478
-2.7621,-2.8539,8.2252
-4.5589,3.9671,12.528
-2.9153,-0.75042,1.564
-0.54676,-4.4524,-2.8042
-0.23217,1.982,2.6061
-5.1026,5.4804,7.8206
0.8604,-0.2971,4.2969
0.47391,2.2929,6.4551
2.2964,-0.013253,-3.9015
-4.4168,3.5756,12.457
0.59871,3.3867,-17.311
-1.4183,0.93306,-1.0045
3.2988,1.7501,-2.38
-0.85181,0.099335,-4.5962
0.61126,-3.6346,0.47773
4.881,0.28835,-0.75935
-1.3995,-2.6518,2.1567
-2.0257,-2.0694,3.4126
1.4671,-3.8413,8.4
0.16617,-3.6398,-6.016
-3.1483,-2.7394,1.67
0.47756,1.2612,-6.9483
-1.9074,-1.9009,3.4738
2.1322,-0.18284,-6.2338
2.5619,1.3049,-4.0771
0.62526,-2.2041,2.412
-1.595,7.2649,2.5213
-1.8941,-0.9258,-1.3038
1.8404,-4.5141,11.443
1.6698,1.2019,0.90984
2.8999,-0.99177,2.8841
-2.5384,-2.7686,-2.7689
0.26929,-2.2591,-6.0934
0.15785,5.4995,-10.615
0.19502,-2.3933,3.4302
0.96473,0.075293,8.1856
1.9436,3.1969,5.494
-1.1115,4.9511,3.0926
-0.08632,-0.96377,12.808
-2.37,-2.1891,-5.7734
-3.0411,4.5077,-5.6308
2.7412,0.80439,-7.9445
0.94955,-0.15447,5.2683
0.78574,-0.61077,-5.7957
0.34146,1.5931,-6.9391
3.2065,2.9622,3.3995
1.2576,2.1544,-4.9759
1.5297,-3.5084,-4.8189
2.5316,-0.82268,5.8112
0.91926,2.7216,-11.15
1.6857,3.2969,-7.4736
-1.1751,-2.0318,-0.7182
-1.2711,1.7957,5.2533
-0.9146,-2.7584,6.5377
-0.51839,2.981,-8.4667
-1.8237,1.2893,1.7543
2.0282,-1.8859,-3.4484
-1.9185,-2.6293,-1.3555
-3.8602,0.85048,5.0399
3.9165,1.715,5.1588
-2.5668,2.6596,1.9476
-4.0408,-0.2763,-6.7964
-0.64708,0.48898,-1.5603
1.6902,2.9788,-5.9514
-1.1987,1.5389,-6.6773
2.0074,-0.45549,-3.4633
-0.91528,-2.9324,0.95574
0.67453,6.98,5.446
-0.26451,3.6874,4.4424
-2.1639,-3.4904,-4.611
-5.1384,-6.8085,3.1297
1.4197,-6.885,-7.3062
1.1569,-0.99508,0.23396
1.881,-0.89748,-0.030328
0.083558,1.4326,-6.2597
-2.4329,4.2446,1.4702
-0.0872,-0.092081,-8.1082
-2.3953,0.15857,-8.5359
0.50565,-2.2491,2.6243
-4.4435,0.26017,6.4011
-1.7528,-2.3231,9.0684
3.0047,-0.56781,8.3459
-1.9468,-1.5128,-5.4626
-0.6855,0.3852,8.6732
2.5936,-2.4447,16.668
-0.56496,3.1868,3.0397
-1.3005,4.1867,5.5565
2.9395,-0.70387,-7.4582
0.52214,-1.5002,1.0623
-0.79736,1.0423,1.2405
-1.0808,1.171,6.7295
0.16301,1.9152,-7.7032
-1.0361,-2.3265,9.8102
-0.48865,-3.0731,12.606
0.50389,-1.2019,-5.3635
0.4811,-0.9878,13.582
-1.2695,3.7668,5.5526
2.4057,-1.7103,3.3449
0.77356,3.5519,7.0641
0.8198,-2.0342,3.1239
1.8451,5.2662,-7.5693
-2.5214,-3.71,5.8003
1.4681,-1.075,1.228
-0.53926,-1.3889,-0.86062
2.4273,-2.2807,-7.997
1.7419,-2.8188,-1.4917
-0.9837,-2.9091,1.9537
-0.32151,-1.8891,6.0248
0.17863,-1.3439,0.64008
0.99379,-1.6346,-6.2691
-0.58836,5.2887,-2.2718
-0.41902,-0.16285,-0.054294
-0.1382,3.0344,-1.8174
-1.6158,1.063,-1.0814
4.4905,4.0523,-6.7487
0.23621,-4.0329,-5.4468
1.3383,3.2087,1.5441
-0.89308,-2.2643,-3.9319
-1.4059,5.7838,3.4394
-0.76237,1.249,12.899
1.5822,-0.11939,-10.068
0.77004,-0.79168,-3.9406
2.0504,-3.3449,3.1237
0.5219,1.0842,-7.4713
2.0871,4.097,10.365
-0.3891,1.5834,7.2436
-2.5112,1.3257,5.1174
1.0894,1.7994,-0.14673
1.052,0.53753,-0.14108
0.36981,0.86183,5.0634
1.3921,3.2257,5.7074
0.52463,0.86832,11.775
-0.17364,-2.0589,-3.4139
0.64838,2.8447,-1.2837
-0.34004,-0.92159,9.6761
0.73377,-3.5762,6.065
4.4288,-1.3016,-6.4762
-2.1208,4.0426,0.9172
-0.54854,0.43098,2.8406
0.074415,4.5301,1.7914
1.993,-3.0089,2.7754
-4.2337,-0.84977,-3.7225
2.533,-3.1213,6.3903
1.5224,-3.8893,2.1871
2.3026,1.195,-0.74567
-1.6119,0.94579,-1.3408
-1.9926,-1.0264,16.434
1.601,-0.58266,-2.7278
-1.5349,-4.6579,0.64217
-2.1885,4.4124,0.33288
-0.15022,-0.010148,7.9919
0.05456,0.53923,-18.214
-0.36131,-3.2446,7.4991
-1.0283,0.45047,-8.9472
0.98279,1.4139,10.715
-2.0272,-1.9499,7.5963
-0.72733,-2.3033,2.4533
3.2521,2.0035,6.2003
0.81056,-2.4813,-0.36949
-2.4208,0.42777,6.175
4.4196,-3.0597,-2.3253
1.4614,-0.48483,4.1117
1.7832,-2.0524,-0.88109
0.15024,0.23829,-3.6095
0.23809,-5.0941,6.6967
0.66955,-0.17454,8.2335
0.10785,1.792,-4.5915
-2.1518,0.25767,-2.4145
1.2491,0.76637,-12.125
-2.338,-3.2262,-3.4717
-5.2636,-5.1417,-0.65365
0.75165,-0.14875,1.4994
-0.36521,-1.2628,-2.6289
-0.14772,0.068677,7.6844
0.59046,1.8769,0.27484
0.77658,2.8407,1.1895
2.2473,3.131,5.2095
-0.49358,-4.5521,-1.9074
2.6367,-0.23517,10.777
1.8492,1.3134,5.1409
-1.0284,-1.6252,2.7301
0.34799,2.0003,-0.96559
-4.4395,-2.1131,7.2268
1.9711,-2.2672,1.4565
2.9127,0.24111,0.48897
-2.2591,0.82206,2.2755
0.95726,-1.7401,6.2601
-1.2903,1.6424,11.253
-3.0963,-2.728,0.7808
0.53699,-0.51793,4.0353
-4.2297,3.1824,-9.1371
-1.1768,-0.074185,-4.5169
-1.6391,-0.55981,-10.928
-0.77717,-1.6896,-4.673
1.0295,-1.0613,2.2506
-2.7533,4.4991,-7.0445
-0.81758,-2.1159,0.42653
2.1229,-1.1727,0.025133
-2.6166,4.3909,-4.0031
0.34692,-3.2599,0.28652
0.84064,-2.7355,5.2579
1.3167,-5.6442,-11.742
-2.0477,-1.0865,0.21323
-0.19699,1.6194,6.0493
0.65305,-0.19415,0.031345
-1.5832,2.1462,-0.87381
-0.72666,0.037526,6.8666
-3.6801,-2.4528,-3.5636
1.1007,0.49807,-2.4303
2.1107,-2.3928,-0.75654
0.31712,-3.7229,-10.461
-1.4878,-1.8428,-9.5072
-0.85466,2.7532,10.757
1.2262,-4.8786,-0.96085
-1.9556,2.2089,-1.1399
-2.1906,2.672,-3.9276
-1.6637,1.3442,6.6347
-0.2623,1.6901,3.9559
1.5759,-1.3191,4.3849
-0.82776,0.55927,2.7739
3.9736,0.75848,6.8273
-0.63487,2.0575,-4.344
1.8799,0.23216,6.9487
-2.2503,-3.7363,0.55992
1.4835,1.6237,-10.963
-1.9316,3.1991,0.91823
-0.28746,-1.2216,1.6016
-0.90062,2.4271,9.6451
0.11479,-2.4357,1.7039
-1.4288,-0.22776,0.1916
0.0084337,-1.3856,0.64539
2.8457,0.4688,-8.3408
0.78562,1.2636,7.3544
0.1078,0.52527,-2.2714
4.7454,-1.2169,-5.6462
-3.1181,-3.2517,-8.0268
0.67559,-0.50037,9.1233
3.7639,1.2609,-1.3201
0.8153,0.56461,-3.3226
1.122,0.48678,9.6185
1.2643,-1.2716,9.7179
1.4969,-0.64031,-5.7232
-0.37094,-0.69849,0.3245
0.90334,-0.89061,-4.9363
-0.33374,-4.0583,10.439
3.744,-0.21658,10.421
1.9613,-4.1636,0.37235
1.9846,4.1615,-3.6164
2.6127,-0.64981,6.1171
-0.091193,-3.7445,4.2803
-3.8731,1.2865,13.153
1.1805,2.1969,-0.45308
-1.245,1.2178,-9.0053
-2.0128,-0.74859,3.5106
-2.0194,4.8951,-2.5956
-1.7092,-1.6036,-0.91634
0.42518,0.66389,-1.4776
-1.3127,-1.7089,-2.6695
0.73546,-0.96339,-2.8523
0.26755,0.25618,0.70379
0.57983,0.88812,-1.088
0.64129,1.0473,-1.255
1.4552,1.3729,2.2376
0.97725,3.1233,14.634
0.875,-0.8679,5.3422
4.6625,-0.52504,3.6276
3.1432,-0.55447,5.0029
0.44661,5.5188,-6.1409
-2.2983,-1.6434,-2.7258
-3.0479,-1.8258,10.061
0.57914,2.9672,-1.5222
-2.5167,1.5677,-10.266
1.9803,6.5392,-1.3684
1.5671,3.3495,-6.3542
2.4069,-2.0411,7.8846
-0.96472,-0.76994,16.382
-0.29849,-3.4023,3.355
1.3196,0.89301,-0.41989
-1.0806,-1.0198,5.8517
1.4623,-4.7353,0.82277
0.30022,0.68762,-6.5911
2.2958,-0.77408,2.9285
-0.52815,-0.51859,3.9327
2.4791,-1.4593,6.6431
-0.016244,-1.1734,3.0458
-1.7963,5.5461,2.4167
-3.5411,-3.4813,2.1566
-0.3528,2.3741,-2.1928
1.1259,1.6089,-1.7929
0.80573,-2.4319,1.6747
-0.052168,0.14256,-9.1143
-0.45577,2.8111,6.1693
-1.859,-2.2508,-0.32075
1.2644,2.7264,0.92819
-0.25108,2.2247,-5.7185
-3.5144,2.1736,0.35171
-0.49365,-0.77296,2.0464
1.3571,0.82653,-7.1927
-2.9795,2.8583,1.3285
1.8806,1.8715,-0.84871
4.4515,-3.357,0.44508
2.1662,6.9601,7.8872
0.41594,-4.5995,6.1089
-0.63171,-1.903,-5.8498
0.98288,-3.5827,5.1165
-0.011876,-2.3489,-5.0056
0.27183,1.8805,0.98426
-0.030299,-2.6874,4.8752
-2.0271,-0.92574,-2.9408
-1.3522,-1.939,-0.57649
3.2652,-2.6746,4.856
0.76124,5.7291,0.61705
1.2236,2.7832,1.3078
1.5618,1.9022,-5.3768
-1.8314,2.5558,0.70458
0.12805,-1.4069,-4.2627
1.6561,4.9775,0.73561
4.3978,-0.6337,-2.0183
1.3659,3.5596,-0.35241
0.9984,4.2139,3.4237
3.0247,0.41042,-14.132
-0.3026,4.1412,-10.367
0.22439,-3.5372,0.66727
4.7805,3.472,-1.8829
0.63579,-3.9238,-8.0592
3.5528,7.3224,-6.3719
3.9117,-1.0157,-11.621
2.0919,3.8309,7.8538
-1.955,-1.8907,1.2185
-0.96468,-5.6727,0.82722
2.4446,0.77737,1.8145
-2.0688,-1.5707,-8.2638
2.1901,-0.23218,-2.4787
-2.1374,-0.9912,0.95466
-1.2344,3.5951,2.8049
1.2581,1.6683,-14.898
0.83084,-0.61409,8.9502
-1.5256,1.3145,-1.8649
-3.0233,-6.1578,-1.6936
-1.0691,-3.3546,6.9391
2.0164,-0.83039,6.1944
-2.0283,-4.2832,8.8047
-1.9206,2.4311,0.99796
0.97233,-2.9058,1.7815
-2.7531,-0.099221,5.315
-1.4968,2.68,-6.5517
-2.579,-0.4072,-0.19536
0.26006,2.11,10.305
-1.0234,-1.4256,-4.9757
0.64636,-4.9861,7.9018
1.778,2.2376,1.8879
-1.2772,-2.0601,-6.2676
-1.8772,-0.42484,2.0373
-0.38926,0.78462,-3.0225
4.5021,-5.8256,1.289
-0.32796,3.3133,-6.8615
-5.4666,4.5807,-2.8034
-1.0227,5.5687,2.0977
0.83064,4.0831,6.9537
-0.74332,0.14572,4.1726
2.9811,2.0382,0.53569
-1.7737,2.0916,-2.6476
2.6719,1.4499,-14.081
1.6988,0.71426,8.6482
-0.35435,1.4001,5.9627
-3.172,2.6616,-3.327
-1.8587,-2.7012,-1.9171
-2.6006,1.3493,-8.2309
0.19296,2.285,-5.0488
-0.27198,-4.6124,-3.6747
-0.78363,2.0499,1.832
0.9532,-3.4847,4.5226
2.867,3.3478,8.2361
0.65941,5.9019,16.021
0.59761,0.70313,-6.1388
1.2784,2.1186,-3.9105
0.38954,1.419,-2.7188
-0.31353,0.54329,-12.043
0.8813,1.7598,-2.8369
0.92274,-0.85376,7.0205
0.24721,1.018,6.3936
-1.3696,0.20942,5.1219
0.6957,1.1895,-0.041982
1.2369,-0.84151,-7.7654
-1.4803,-4.6939,10.277
1.6266,2.4232,-3.8996
-0.24614,-4.2228,2.1276
4.388,4.9227,-2.4345
-2.1849,3.1397,-1.3612
-1.7813,-1.1611,-11.933
-0.41956,2.1909,-1.6661
-0.22653,5.5486,0.02334
-0.44287,-0.21215,0.45269
-5.5404,-3.2162,0.2128
-2.5492,-1.8089,4.206
-2.6039,-2.1062,3.1526
-0.39136,-3.4247,2.8047
-0.83795,-2.4881,8.2321
-0.89712,2.3635,2.7151
-2.8249,-5.1149,1.6619
0.22547,4.8093,3.1266
-2.5822,2.239,4.3161
-0.93835,-1.7789,1.7914
-1.248,2.367,1.9963
-2.7544,-3.0663,-5.4706
2.0142,0.055616,6.2147
0.16563,0.74555,-3.0943
0.0030061,0.71573,-1.9092
2.4,0.43934,-4.7122
1.4055,2.1766,2.476
-1.2594,2.7693,4.8951
0.2132,-3.0902,-0.36496
-0.51627,-1.7097,2.6423
1.4015,3.9284,2.7681
-1.2656,-4.1393,-9.1096
1.9849,3.0456,-8.7368
1.9993,2.5426,1.6989
-3.3262,5.4141,-10.253
2.3822,-1.3902,-3.7861
-1.5256,-3.4009,1.5242
-0.83997,-2.5689,-6.8228
-2.2694,1.0477,1.5108
-1.269,-1.577,-2.0476
-0.39553,3.4204,-4.8427
0.71988,-1.5013,8.588
-1.4858,3.38,-3.3794
-2.0832,-0.53598,-7.9024
0.35707,1.8732,1.8006
0.04349,2.6183,2.9943
-2.1521,0.86691,-6.215
-0.45847,-3.8785,-4.126
6.2884,3.4012,1.315
-0.67982,-0.72536,4.253
-0.48132,-0.72458,-1.4007
-1.5721,4.1927,-7.0279
0.027492,-1.7837,-2.3704
3.2746,-6.3592,-2.6749
-0.44894,0.45653,-4.0557
-2.3444,0.65799,3.9188
2.3471,2.8163,1.8975
0.70122,0.4129,-5.495
0.18726,4.2019,3.6529
-1.3468,0.91227,0.91705
0.45507,-0.44662,4.9499
2.5406,-0.62305,-2.6057
-0.077085,-3.581,-0.64526
1.0702,-1.5014,5.8776
0.050867,3.1154,-5.5915
3.432,0.66871,2.4166
2.0331,1.2681,7.8341
1.4502,-2.0429,-17.452
-0.56327,-1.3803,-3.1413
1.6502,3.4017,0.60632
-0.094027,2.1073,-9.2479
2.6463,1.8138,5.486
-1.9827,-1.2227,-1.5726
0.42302,2.3812,-3.3163
-0.94209,-0.38729,-0.66687
-1.2778,4.2063,-5.8807
0.39914,-3.7113,-1.257
-1.7172,1.3343,3.6502
-4.1061,-2.5359,1.4083
-0.87413,-3.3654,-4.8907
2.093,0.48549,-11.239
-0.1131,4.5973,-7.083
-1.0879,0.69303,5.5223
1.1388,-0.54161,4.3392
2.8837,-3.1935,-3.0005
-0.66692,1.5666,4.4665
-0.54762,-4.1026,-6.0999
1.6241,-0.62728,9.3623
1.8628,-0.7068,-6.6659
-1.3896,-3.0622,6.5665
-1.2457,-0.14971,-3.5312
0.77745,-0.7741,0.89958
1.3559,3.6993,-3.6148
3.1556,1.6422,2.8283
-2.8011,5.403,-4.2164
-0.58171,-4.5258,-18.585
-0.95932,-3.0906,-2.0576
-2.2977,0.69422,-5.5413
-0.1991,-0.11312,-4.257
-2.2149,-2.3312,9.3514
1.4242,0.11268,7.6481
-1.7769,4.5263,7.9598
2.2764,1.7799,-1.0494
-2.0527,1.4181,-6.5693
3.9118,3.9114,-3.8054
-1.9877,0.14651,5.9648
-1.317,1.8963,-2.8491
1.3023,-2.1306,-7.6922
3.0173,4.1221,-9.1407
-1.152,0.48312,18.047
-1.9808,-0.0065223,0.55722
2.5364,-2.8275,-9.3437
-1.3068,-4.0503,2.5822
0.92028,1.5931,-1.0001
-1.8519,2.2367,-6.8151
-2.4012,1.4014,-3.1229
-0.30258,2.7951,-7.6632
3.5271,-3.0271,-7.5723
-0.89181,1.6168,-0.95856
1.1599,3.97,-4.4072
1.0884,-1.3525,-10.471
2.5334,3.9061,-1.7564
5.5161,4.5865,-0.64484
0.45025,0.49305,14.925
0.89228,-0.42554,2.9363
-2.1715,-0.3467,-3.1952
-0.49948,-3.6937,5.6778
1.8752,4.0528,7.2867
1.7762,-0.28298,-3.6528
-3.2636,-1.1899,-6.3206
1.382,2.4552,0.1903
-1.7877,2.4323,-1.3046
0.43184,-1.6935,0.98568
3.4938,-0.90317,-0.59625
-1.0746,-0.33268,-5.5088
-3.7841,1.2434,-1.5065
3.2993,3.0553,-2.0802
-0.94362,3.4061,3.4234
-2.0402,2.6101,-6.1782
0.42431,1.6998,2.2333
-1.7859,1.0897,-1.8069
3.824,-5.4641,-4.1971
2.026,2.5773,-7.3544
0.3112,-0.10068,-3.0101
-1.5411,-1.2491,-8.4251
3.5963,1.7928,-1.4855
2.0057,-0.30092,14.47
3.7441,1.0268,-14.241
0.17692,0.23075,-3.1451
-1.829,-0.08641,-5.5508
0.124,1.0987,0.097851
-0.26126,2.7334,5.5876
-2.3289,1.1563,-0.82198
2.4907,1.8222,2.4265
-1.5991,-3.7534,2.8341
1.6994,2.5361,5.7249
-4.253,-0.60827,-4.5263
-0.33134,1.6008,-0.54724
-1.1572,2.1864,-8.3338
-0.85798,0.8151,0.53049
-1.7292,2.1922,-1.8176
-0.6171,-3.7676,0.43926
-1.4313,1.5589,-6.0795
0.11058,-0.76287,-7.5852
0.91102,-3.0088,-5.3973
1.5094,-0.34803,1.8525
-2.2923,-1.7946,-0.27782
1.0259,0.86406,5.6349
-0.90638,-4.3069,3.8707
-4.2097,-5.0089,-2.8915
-2.4765,1.1463,2.8262
4.383,1.8082,0.15188
-1.6785,1.5051,-6.9979
-1.1091,5.5944,-5.6662
1.9043,0.09386,-8.1211
-0.10646,-0.37284,-1.095
1.2617,-2.8657,1.9301
1.5014,-1.6208,-7.2136
1.261,0.30494,-8.8716
-0.27968,-1.4218,-9.7462
0.62867,-2.2527,4.0009
-0.14036,-3.1469,0.78303
-0.84023,-4.3944,0.43731
2.3273,-0.14676,6.1608
-0.77485,1.9932,4.7726
2.0209,-0.74324,0.31454
1.1287,0.11968,-9.7165
2.014,0.81575,6.3063
1.6907,6.3115,3.5523
-0.34248,-0.2531,2.4274
-1.1553,0.13154,-3.7763
-1.7274,-1.6999,-5.785
1.43,4.9457,-7.0538
1.6148,-0.98417,8.506
-0.92779,-1.0532,11.417
3.5053,3.2969,10.996
-0.3721,0.95219,-7.6089
-1.0473,0.39872,4.2515
-2.4813,5.0443,3.5955
-1.2468,0.44515,3.0952
-2.4708,-2.6015,7.9706
1.1654,-0.41976,1.8191
0.80854,7.0053,-0.79257
-0.67403,-2.9536,-14.468
-3.1777,0.098817,-5.3442
3.0576,-1.7492,2.7965
-1.9008,-0.36383,-0.83458
-0.82275,-0.94192,-11.024
4.8834,-3.0402,-14.526
0.6595,5.956,0.35944
3.5998,-2.3301,-1.5919
-2.305,-7.5272,0.8122
3.7784,-1.769,5.9452
3.7521,-2.6345,0.056544
-0.97929,1.1312,6.3172
1.3423,0.31248,-0.65041
0.66053,1.3554,-7.5392
2.857,-2.4502,2.2638
-0.93941,-0.82292,-7.2016
2.0214,3.4832,7.5866
1.1192,3.7947,2.2649
-0.60031,-6.3636,-0.57381
0.36231,3.7417,10.253
-1.3328,-1.494,2.4287
-1.3455,0.88706,-5.3896
-1.2663,0.75165,-6.5208
1.4806,0.80493,-3.7247
-0.97468,2.2066,4.7885
2.2431,1.7722,3.2897
0.85471,4.6157,4.7443
1.5699,-1.4144,-1.6079
0.28534,1.7929,-2.1995
2.3981,1.9915,11.212
-2.2404,6.2601,4.046
0.38583,-1.7546,3.2145
-5.7319,1.812,-3.8503
-0.044714,2.8834,-2.7118
-1.2629,3.9501,-2.4284
-3.4572,2.2365,0.77823
-1.212,0.71337,4.4979
0.18287,-1.2093,2.8376
-1.8164,-4.093,-9.2631
-0.50122,-0.74156,-10.345
-2.0696,1.7341,-3.0001
-2.7423,0.30699,2.6834
4.3248,4.3969,-3.3784
-0.3752,-3.0531,3.1751
0.77724,-0.54634,1.934
1.2546,0.69908,-2.6533
1.1877,-0.73846,-3.9078
-1.9603,2.5562,-6.1628
-1.6898,2.0594,-0.14719
4.8975,3.4101,-7.0684
1.1139,-0.52099,-8.547
0.049494,-1.32,23.293
-2.9772,-3.3568,-3.6053
-1.1241,-1.7853,-1.371
0.61905,2.4427,0.082103
-0.92314,-2.1322,-4.8475
-2.7293,-4.7695,-5.7662
3.5271,-0.71208,1.0708
-5.7796,0.82798,-7.9187
-1.617,5.3028,1.4524
-2.2646,-0.11645,-2.3019
0.80374,0.61392,-10.776
0.77444,-0.2727,-2.9753
0.33662,2.0868,-6.9906
0.1774,-1.0243,6.0823
-2.5464,1.8174,-3.3115
-3.0965,-3.5597,3.1098
3.6307,3.3033,-0.69802
0.56258,-2.4797,3.2758
1.247,-0.89014,-7.4867
0.48489,-6.513,-1.1129
0.51405,-4.6586,-6.3458
0.32309,-0.45573,4.6634
-0.2868,0.012572,9.3954
-2.9208,3.6274,-3.15
1.0599,4.6593,2.4613
2.6412,-0.6496,-7.7811
2.7587,2.9696,-3.1457
-3.5327,-1.4162,0.50889
1.7143,-1.0365,-7.8458
-1.4172,0.98478,-4.9539
1.3981,-2.8664,-10.745
-1.3364,1.0452,3.3992
2.5054,-5.5212,5.0236
0.44201,0.22928,-4.2848
1.0784,-1.7876,1.9251
1.9163,-2.2577,10.394
-0.33281,-2.7424,-4.3415
0.45917,2.0532,1.0026
0.98885,0.34678,-2.0399
-0.03008,-0.34975,-4.6157
-0.83922,-0.26989,3.6524
2.5567,5.6858,-1.3147
-0.98895,0.89963,-4.8228
-3.7067,0.029312,1.5851
-2.3962,0.76669,-0.53378
1.4361,-1.4618,1.5721
3.9539,-1.7516,2.3608
-3.9457,-3.5864,-2.6261
-1.1868,2.3673,-2.9809
0.38159,-0.59445,2.4118
1.6604,-1.3902,-2.1165
0.75795,0.18866,-2.8343
-1.806,-4.7706,-3.4979
1.3065,-2.8956,5.9581
1.308,-1.182,-5.1931
-5.3888,3.2352,1.9312
0.79896,4.3207,7.2838
-1.6061,-2.466,13.42
-0.87755,-6.4932,-0.5584
-0.91856,-0.24239,0.49759
-0.65993,-4.7155,3.6511
1.8699,-1.491,4.8087
-0.80362,2.308,-5.5536
-0.056114,0.62459,7.7995
0.46654,-0.065575,1.6177
0.38446,2.5945,0.45595
-1.1383,-4.549,-7.2569
-2.7142,1.9622,-0.7857
0.020357,1.6017,9.5726
2.082,-0.2372,6.2964
0.15496,-1.7149,7.8191
1.3727,-3.2468,19.982
-0.42516,1.1174,10.939
-1.8941,-0.096962,-4.4181
-1.8321,-2.0602,-0.0076552
-1.0469,3.0951,-5.5626
1.8864,-3.9311,1.2754
-5.2531,1.5144,-1.7422
0.086505,3.562,6.1808
3.7522,-3.559,-6.1113
-0.55916,1.3693,4.0887
0.59428,-1.6542,-2.9935
0.61566,-1.3734,0.8146
-1.4893,2.1172,1.6585
-0.32352,-0.5108,-10.158
0.054242,-0.21178,-3.9547
-1.5777,-0.50258,-4.5676
1.7163,-0.20996,-3.6896
-2.7975,0.45469,2.742
-2.2591,3.8066,5.612
-1.7387,2.4063,-10.015
-2.0859,-1.5741,-0.17804
-1.3981,5.3647,0.69707
-0.12534,-0.033721,-5.3067
3.7764,4.4685,3.4322
1.9866,-1.0391,-0.11515
-1.7006,0.71003,-2.3403
2.188,-2.5126,-1.4028
1.2703,-2.1669,-0.25127
0.76746,-3.3204,-1.2112
1.9047,-2.1456,-2.8565
2.4737,2.4501,4.315
1.0239,0.88838,-0.06078
-3.014,-3.5871,5.357
-3.301,-2.8432,0.56399
0.36732,1.2256,3.6333
-0.2454,-0.96792,-3.917
1.5146,-1.5332,4.1438
0.61596,1.0939,1.1173
0.94792,-2.7405,-7.7576
-2.8157,-0.73001,1.9082
-1.2267,0.38227,3.1366
1.3387,-0.57151,-5.2776
2.7189,-1.1777,-6.6029
-1.5212,1.3651,0.54776
0.11006,-3.4414,3.6828
-0.38614,-2.3603,0.45205
-0.53014,-2.153,-0.22487
2.1802,-4.6906,-2.3797
-0.029269,3.9073,0.098788
1.594,1.2392,-1.6515
-2.8238,-2.9037,-2.178
-3.4791,-0.35126,-11.286
-0.41566,-3.4708,2.756
-0.64273,-1.5349,-0.18055
-4.8511,2.4716,-0.080018
1.6911,-4.5385,4.1381
1.3421,2.4511,4.9036
-1.6069,1.8471,7.712
-1.397,-6.8897,3.8921
0.90439,-1.0751,-8.1249
1.6712,-1.4287,0.64848
0.5937,2.7464,-0.7812
-2.3529,-2.7009,-6.7425
0.77113,-0.64592,-6.3952
1.0189,0.75529,2.5756
0.98918,-0.62475,-0.8719
1.3104,0.72405,5.6594
2.6273,-0.88488,-6.7347
-3.1385,1.2198,-4.6037
-2.9712,0.20463,-1.1589
0.26293,2.2111,-0.89448
1.6119,1.1682,0.35743
1.923,-2.2179,10.748
-1.6666,0.2698,-1.4121
-0.87874,-1.3008,4.3161
0.59719,0.77354,5.2613
0.95503,-0.57193,6.7383
0.67711,2.7261,-3.0331
-1.21,2.592,1.7891
1.6524,-0.56249,-6.7255
-3.7507,-3.1173,0.37848
-3.1357,2.0711,-0.064652
-0.70802,1.5072,2.0774
-0.35889,-0.8992,-3.5551
1.3828,0.9378,4.8916
-3.6934,3.7232,-10.089
1.1517,1.3268,4.7642
3.5359,0.1984,-5.2415
0.0092888,-0.64298,7.304
0.53085,0.33813,6.9086
-2.8588,-4.1877,-5.6007
1.7174,1.5759,8.378
1.8213,4.2693,7.8098
2.953,-4.9089,-1.8211
-1.9394,-2.6701,-0.92824
3.6091,7.1103,1.7435
0.56243,-1.9942,2.6393
0.22348,-3.5396,5.1348
-0.066413,-0.11895,-4.6853
3.4237,-1.5978,2.5278
-1.6268,3.6474,5.3943
-0.033699,-1.283,-1.8041
0.015298,2.6021,-1.1857
2.5525,1.1789,-4.9651
-1.0891,-1.2943,3.0878
0.44319,-0.13858,3.3471
0.69824,0.52957,1.873
-0.11843,-4.658,6.2705
0.39791,0.74989,8.2729
-1.3482,-1.0557,1.4212
-2.6011,1.9552,-0.19558
-3.6226,-0.59793,10.947
3.0857,-3.516,2.8409
0.0084038,4.4342,2.5741
-0.53196,-4.2267,5.4001
-1.5282,0.020965,-10.378
0.78809,1.1138,-1.391
-3.8278,-2.7167,1.0552
3.5242,-4.7366,11.683
2.0605,1.6591,1.369
-0.05514,-1.2184,-7.335
-0.5405,4.8925,-7.5242
1.4953,5.3025,6.238
6.2083,-3.5738,7.5745
0.58359,-0.69628,-9.0978
2.3114,-4.6162,-3.1455
4.7419,0.7165,3.3876
2.975,0.36376,5.8467
2.3264,-2.7627,0.5148
-0.73058,-1.7847,-5.5848
0.21649,-7.4167,-0.1915
-3.1941,-3.6236,0.22183
1.6977,0.19806,-7.4173
-0.84149,1.8658,10.292
-0.7983,-3.4752,8.3829
2.3844,-0.8261,-9.7059
0.55257,0.89467,-5.6811
4.6489,5.6513,-6.9628
0.70334,4.0572,0.67538
0.59935,2.5587,-5.8642
1.1013,-3.1832,-9.187
-1.0546,1.8608,8.7373
2.7103,-1.924,1.0777
-0.76623,-2.4432,2.7975
-1.2163,1.6028,-1.5319
0.49247,0.16378,4.9719
2.5654,3.2182,-5.4886
0.711,-2.031,-8.074
1.4569,1.4201,1.683
0.077597,2.5485,5.245
0.11577,-2.6653,0.69838
-0.5137,0.40101,0.51028
-4.1533,-1.4907,-7.1583
-0.29427,3.0083,-4.5067
2.3124,2.2608,-3.8898
0.86361,-4.9523,10.782
-0.69384,-3.2168,-11.16
0.8893,1.5025,5.2909
-0.55336,0.44557,-11.615
0.11888,1.1995,-5.0378
2.19,-2.0021,-4.7029
-0.89131,-0.96638,4.9961
-0.76384,0.42473,9.7529
0.96364,2.7801,-0.35188
2.1101,1.6893,0.17812
1.693,5.4476,5.2288
1.3954,-2.7726,-6.0737
-0.32805,-1.171,-8.2443
0.53996,3.9663,-6.1303
0.60791,0.76515,-0.30411
3.3068,1.1216,2.734
-1.1074,-1.5442,-4.6603
0.79205,2.3485,-3.9978
0.22114,-3.0885,1.296
-0.83979,0.34714,-1.2743
-0.89883,-1.4398,-5.8181
-2.6219,-2.862,-4.5237
-2.1649,0.42979,2.422
-0.60172,-0.78308,-1.7195
-0.017778,-5.6163,-2.0474
2.9609,0.44957,2.0538
4.3559,0.23275,-3.4474
0.18053,1.3505,5.1049
3.4408,1.1475,0.71544
-3.5297,-3.819,-1.9458
-1.7827,2.0121,-1.4821
4.7517,1.4737,-2.7833
1.0671,2.3798,-4.1436
2.9923,-0.18279,11.761
2.2137,1.5354,-4.5317
2.7896,-2.4926,7.7346
0.3085,-1.5363,3.2015
0.054925,3.6503,4.5239
1.1765,5.042,-1.534
-0.021187,-1.8319,3.9938
0.98666,-1.549,3.6528
-1.0383,0.93701,10.849
4.0185,3.729,3.5857
0.12317,1.678,-1.7607
-2.2518,3.4004,-3.2638
0.49903,-1.8811,-4.3503
-3.7584,4.6175,0.537
2.2064,-2.9765,6.571
0.18394,-0.066859,6.8048
0.75103,1.7739,-6.2157
0.3291,-0.11441,-1.8804
-2.2468,2.7566,1.3996
-0.28321,1.1495,2.4988
-1.4527,3.8467,7.2991
-1.4524,0.58876,-8.4301
4.2581,-1.451,-9.378
2.4205,-0.20831,-4.6568
-2.1014,1.8822,1.6711
-0.8218,4.9194,-1.3263
-1.7914,4.4785,-10.494
-0.016935,-0.2771,-7.2667
-3.703,1.645,1.604
1.9781,1.2283,-10.343
1.254,-1.5979,2.5913
0.46526,-4.8702,1.1867
0.51462,0.54791,-3.6005
-0.25417,3.7914,9.2248
0.5886,-3.2015,0.38751
0.5532,-2.4543,4.7448
-0.28435,-5.9288,2.0371
1.22,1.1935,4.6388
-0.78346,2.6613,-2.332
0.93798,-0.74841,7.1721
0.30522,-0.34493,-0.44216
-0.40075,-4.2785,-7.3593
-1.2367,-1.0554,7.8868
2.7746,-1.2341,-1.6293
2.3182,-0.021501,-10.487
-5.0205,0.32362,10.074
-3.1346,-1.7845,2.9317
0.020265,2.8002,-15.825
1.6097,3.0307,-0.63474
-1.0773,-2.2504,5.5446
-1.5369,1.6408,-3.0165
0.43135,-1.868,7.1281
3.8132,0.75951,-2.1195
-2.3186,-0.60829,4.9709
-2.4104,0.9877,-12.02
-4.1533,-4.4664,-0.46879
2.6516,-0.1245,4.8126
2.1838,1.4183,2.425
2.2409,-0.068659,-3.7401
0.99036,-1.3635,-5.8041
-1.4542,-4.1697,-5.1987
-0.3674,-2.4603,-1.0196
-2.1697,-3.3502,2.5833
4.4708,-2.7403,5.0337
-1.8631,1.195,4.0768
1.7468,-3.3105,-5.3194
-3.9494,2.3354,-10.9
-0.11795,-2.0137,-5.7718
-0.10124,-0.2737,9.0576
-0.7241,2.7785,-4.5038
0.96978,-2.017,-2.1629
-0.067508,-1.1061,6.5276
-0.93837,-3.5346,-15.399
0.73294,2.7989,-4.8795
-2.7957,0.086455,1.854
0.6098,-3.1612,-0.2824
0.46585,4.4348,-2.2248
6.2056,0.39557,0.53
3.5754,1.5917,1.4451
-0.45427,-0.62867,-10.537
-0.64811,0.76949,-1.658
0.40419,0.44415,2.0798
0.19599,7.2039,8.1689
-4.8037,-0.43653,-4.1547
0.060244,0.49534,8.194
0.043633,-1.8899,4.436
-0.34108,-0.18321,7.1323
1.4882,-1.4268,12.133
0.3759,-4.465,7.9391
3.0126,-0.70048,-4.7944
1.9017,4.1954,2.9303
-3.618,-1.9273,0.50638
-2.6647,-2.9383,1.114
0.95933,1.7458,-9.4753
0.024318,-1.898,-5.5006
2.3281,-2.3804,-8.3717
-3.3928,-1.4144,-4.5329
-1.3581,3.6717,-6.1193
3.3037,-4.8369,2.4404
1.1842,3.3102,2.5653
-1.9626,3.4149,3.1855
0.78687,-4.1184,-2.2925
-2.9667,4.9262,-1.9442
1.0201,1.45,5.2921
2.0789,0.15197,0.73941
-0.25496,4.0728,4.5693
2.4035,2.6615,3.2889
0.87068,0.76667,6.3772
-0.90278,-0.75643,4.5409
3.7348,-1.1091,-5.6599
-2.8382,-3.3187,2.9537
-0.75518,0.54588,-1.0745
-2.32,-6.8004,-5.7116
-3.1364,-0.71911,15.952
0.86871,3.2021,-9.7862
3.543,-1.0109,4.2871
2.1858,-0.34942,-2.698
1.3748,0.63224,-5.5855
-1.0347,-1.9842,-2.0006
0.049921,-0.034165,12.978
5.2104,0.32855,-8.0457
4.2586,-4.4822,-12.338
0.060035,1.7734,-7.0179
1.9187,-2.2532,10.501
-3.257,-2.4417,-6.7124
0.54864,-0.59496,10.144
1.1766,4.4393,-10.91
0.86068,3.7164,-4.1887
1.7848,0.099669,0.13246
1.9213,-2.3737,3.213
-1.0623,0.19473,9.1964
-1.1073,-6.4141,12.197
0.81078,1.2664,3.0289
-2.342,3.2761,0.19454
-7.0478,-3.804,6.9821
-2.6321,-2.2261,0.38985
0.69356,-0.84601,-1.8142
0.26224,1.6293,0.82681
1.4011,-3.7701,-3.8403
2.6988,-1.263,-4.7794
-0.27473,-1.2953,0.97263
-1.1091,-2.8815,-3.6058
-0.43146,-5.385,-4.5828
-1.6797,0.63123,10.844
-2.8534,-0.079421,0.20038
-0.41069,3.1035,13.464
1.0525,4.4436,2.2794
0.26547,7.5321,-3.4895
2.0498,-3.1328,1.8054
-2.3283,-2.3687,1.4134
-0.033797,-0.095468,3.1539
-0.43067,-1.8473,-2.6818
2.324,2.1007,-0.80046
-1.7466,3.4747,2.9045
2.6625,-0.8925,-2.4442
0.92042,-2.8679,-5.7153
-2.21,-1.3521,5.1654
2.3955,6.1194,6.3956
-2.2184,3.0104,0.25858
-0.46366,-6.1471,2.1751
0.58848,-0.8297,-4.6707
3.5275,-3.152,-0.71287
5.1258,-1.4967,0.78767
-1.0282,1.2195,-2.2527
0.11355,-0.041622,-3.1201
1.9027,1.5892,-6.7521
-3.737,-0.63378,1.0665
1.3446,-1.265,-4.4035
0.32441,0.66832,6.3677
0.14284,2.0696,-2.6565
-3.297,2.4296,-2.0108
1.4594,0.036293,-1.9322
2.8134,-1.8269,1.4859
2.2228,3.8183,2.8507
-2.8727,2.797,5.7486
0.17116,-4.722,-2.7742
0.7924,2.6284,1.9797
2.3175,-0.78771,-1.6323
-1.8863,-1.6073,11.534
0.50634,1.9765,2.5234
0.86435,1.8217,0.37744
-4.4237,-1.0979,-5.0207
0.27862,1.6998,0.85857
-1.6869,-0.43488,6.0691
0.79554,-0.32577,6.0849
-0.65406,2.1879,6.4672
-0.70579,2.5748,-8.7569
4.3823,2.5382,-2.6951
-2.3793,-0.86588,3.617
-0.92658,-2.5497,0.12779
5.8786,2.7097,-5.5264
0.53066,-5.0928,5.4729
-0.050778,-7.0304,13.197
0.83262,-0.58081,1.1029
1.1042,4.6683,-5.2257
-4.4551,-3.3238,3.018
2.1764,-3.4079,-12.289
-3.4446,0.24754,10.156
-2.53,-6.1654,-3.7603
-1.2864,-0.936,1.6347
1.9166,-2.156,-7.3608
-0.4363,0.22451,-2.053
0.24479,-5.0294,6.6576
-1.2204,-2.5303,8.2594
-1.4815,2.2043,-5.8444
-1.7614,-0.72587,5.4018
0.81772,0.75031,10.017
-1.5538,0.14716,0.13847
0.19632,-0.7936,-6.8682
-0.66372,3.9466,1.1381
-0.22468,-1.1601,-4.1432
-1.8663,1.78,7.1823
1.7431,-2.6095,1.873
0.60192,4.2331,4.1064
2.9947,-0.55767,-2.2924
3.2898,-8.1328,-8.0088
-1.0678,3.877,-3.9931
-0.50609,-1.0055,-0.55641
0.050154,0.7954,7.0831
0.24483,4.7577,-1.1906
1.6507,-0.95563,-0.90182
-3.2065,-2.288,-1.0777
2.7224,-2.5741,-2.629
0.53015,1.6285,-9.4896
0.87871,0.70119,-3.1706
0.0069131,-1.8345,-3.7599
-5.0143,1.163,-6.8359
0.51361,-1.3989,2.9154
0.82295,1.3491,-9.4246
1.2535,4.475,1.7274
2.9515,-0.79391,-0.3564
4.8841,1.345,3.1626
2.2143,-1.7173,-0.44791
-0.51961,1.7939,6.4377
1.8717,1.1673,2.0896
-0.77913,-0.69218,3.3743
0.25381,0.7957,4.2481
-3.8519,1.5928,-8.229
-0.85857,-1.4582,1.9022
-1.0307,5.3731,-2.5433
-1.3858,2.8954,-9.1062
-3.8333,7.0497,-4.07
5.3139,-2.3562,2.2439
-2.7641,1.3017,-0.12083
-1.3237,-0.27078,2.2925
-0.81493,-1.1606,-0.70135
-0.66469,-0.81495,1.1628
0.45369,-5.2826,-4.8191
-4.012,-2.5999,4.6539
0.63653,-0.14857,11.982
0.40812,0.7586,0.94752
3.5361,3.9156,10.519
-2.1682,-3.6895,-15.255
0.27672,0.51661,6.5559
2.0174,-2.6578,-4.5603
0.66961,3.1315,8.7198
1.4801,3.8388,4.6075
0.34725,-0.85511,-7.9177
0.58662,2.5087,8.275
2.371,4.6189,8.6972
-2.9633,-0.56802,-9.7059
0.99223,-1.5941,-4.3547
0.93977,1.0396,-2.8092
-1.7911,3.4833,-7.8668
-0.046274,0.096336,0.77701
1.434,1.4466,0.36834
-2.8258,-2.5134,11.705
-1.6715,3.863,3.0479
1.7701,-0.66492,-1.0316
0.59416,-5.3624,3.649
0.83332,4.4399,11.799
2.1262,3.6378,-7.9502
2.8205,-2.1723,-9.1437
0.72629,0.87522,-7.6244
-1.8339,-2.35,-4.6217
1.2451,1.2434,5.927
2.7948,2.3197,-1.4617
3.5531,-4.0613,3.0999
2.1817,-3.3383,1.6225
-1.6795,3.5688,-1.511
-1.1826,6.0269,-2.1759
1.5311,5.9854,1.9349
-0.79921,-2.3872,-5.4233
-2.7023,0.70398,5.1475
-4.0023,3.913,0.56154
2.0269,1.3606,3.1176
0.98192,-5.2438,-2.4431
2.7841,4.6299,-4.7523
1.7637,2.7659,1.1485
0.13976,1.8836,5.3628
2.2553,-4.5442,0.15705
0.38686,0.38461,-7.0135
-2.3159,-5.5805,-10.563
-2.8038,-3.1141,6.4749
-1.9365,0.37171,1.2219
3.2812,2.1358,-9.4953
-2.7713,0.68091,0.97364
1.7138,5.2895,-4.9658
3.4227,-0.95011,1.7256
1.1222,2.6096,-6.2147
3.9921,0.34238,-2.8443
0.98962,-0.78416,3.0698
2.6432,-0.18661,4.9753
1.4326,8.4358,-4.2474
0.16715,2.4644,6.1813
4.4073,-2.2958,-8.6776
-2.434,3.6264,1.1757
1.9124,-0.9111,15.326
-1.8746,0.05238,-0.88741
-3.9971,0.23981,5.1831
-1.5255,-3.3454,10.185
0.061469,-1.6017,-5.9418
0.52021,-4.337,6.6994
-2.9488,2.0408,3.1866
0.68311,-1.0161,-0.80254
2.4667,-1.812,8.7467
-0.79138,-2.0868,2.7945
0.47536,-3.3025,-2.8827
-0.69834,-0.92453,17.148
-1.359,-2.1069,-5.3238
0.11593,2.0718,-5.2135
1.3988,3.2952,-15.392
1.1878,4.772,-5.7689
-0.48499,3.6324,-4.3345
-0.63461,-4.5419,4.9083
1.0611,-3.3128,1.7595
-2.7852,-0.93557,-0.3719
0.90931,-0.22363,-0.50731
-3.625,0.74836,-2.6631
1.8214,0.45265,-2.4009
-0.66676,2.3046,-3.1788
-0.60299,0.30841,-0.19065
1.4468,-0.21832,-1.7877
-2.1928,2.5355,-5.5352
-1.6063,-0.84725,8.2184
-2.8246,5.084,3.2047
0.52312,-1.9397,2.2123
-0.076593,0.43615,2.539
-1.4447,3.4298,-3.3075
0.62526,1.5151,-1.0159
-3.496,-1.6068,2.3206
-2.8316,0.7995,-6.7258
0.79767,-2.1307,17.057
2.9484,0.68033,3.3141
-1.2956,1.5701,0.77803
5.4246,-4.2649,-1.6236
2.3672,-4.0846,1.6909
-0.68305,0.2239,3.2393
0.1064,-0.67268,0.13656
2.9736,1.8551,7.2372
-0.0044509,-4.1468,3.1832
3.5531,-1.1692,-3.975
1.8595,-2.0469,2.4165
2.6534,1.5615,7.546
5.0672,-3.388,-4.6631
0.029294,1.4972,3.4109
1.0235,-1.5013,2.3206
0.4572,-1.5911,-17.563
0.53571,2.5349,-4.1042
0.6395,3.5003,-3.6073
1.0026,-5.9919,-0.93349
-2.721,-0.73602,2.4727
1.0384,0.55727,1.5603
4.9972,2.762,8.126
0.15385,-1.5239,-0.39876
0.68033,-1.3758,-5.7644
1.1269,-0.62352,-7.742
0.7326,-5.7954,9.4743
-0.94471,-3.6497,4.3278
-1.1253,1.2661,3.4469
2.5762,1.9699,-9.2805
0.95823,-0.55623,4.1451
0.44422,-1.2081,-6.6713
1.0909,1.4661,3.9552
-0.10127,-3.2946,-9.9212
-2.1682,-2.0837,-1.5013
-4.9139,-1.1371,1.2346
-2.3003,-2.4626,1.8132
-2.2041,5.1322,-0.77543
-1.0886,1.0609,5.0223
-1.5081,-2.624,-2.4087
-2.8195,-3.2888,5.0247
1.2514,3.4294,-10.421
-1.6928,-0.25644,-6.0293
-0.15423,0.66029,-1.3922
1.9302,-0.95991,6.1951
-1.4331,-0.13418,2.2787
-2.5152,-0.34306,-2.7221
0.88322,0.021374,6.6816
-3.6984,0.019132,4.0764
-2.3447,0.52418,-6.4115
-4.223,2.3977,-1.8542
0.031371,-1.1923,2.9788
1.312,2.6261,11.479
0.9248,-4.003,0.98546
-0.7896,-3.01,-6.471
-1.738,-0.12226,-2.6944
-1.6552,0.69476,-4.0462
-0.27493,-1.6953,5.6488
2.7163,1.2519,-5.42
0.42991,-1.5651,-3.3009
3.4932,-1.867,5.9075
1.3115,1.4492,3.2766
0.50117,0.94517,-0.26152
-0.24631,-0.07205,-8.343
-2.1676,-4.4627,-3.4088
1.8419,2.6106,9.1804
-0.7512,3.7774,8.5569
2.7609,2.6288,10.556
0.89273,0.75567,-2.5752
-1.5723,-0.34284,-4.7285
1.7908,-4.0857,7.9153
-1.6389,0.7764,9.102
1.6549,5.7906,6.4093
0.33286,2.0307,-4.3126
2.4981,1.1748,1.0506
2.5334,-0.12027,-2.3095
0.54913,4.2881,1.9105
-2.0909,-0.14536,-13.597
1.4406,1.5903,2.5506
-0.47157,-6.5123,-3.9897
1.0917,6.1547,6.7374
2.3018,-4.4644,0.83514
-3.3927,-0.21072,6.4066
-4.4964,2.8401,1.2129
-1.5436,0.37735,6.1627
1.4273,-3.645,-6.7728
1.3192,0.71152,-2.3035
1.9155,1.1607,3.6085
0.21264,-0.96691,2.1128
1.2349,-2.4558,1.1872
-4.388,0.065027,-3.8358
0.11653,-4.8073,-2.9808
-2.1649,-5.237,0.96214
1.4061,2.2027,-7.9872
0.91738,-2.2031,-1.5431
0.99224,-1.378,3.9639
-0.085394,-0.025604,3.8979
3.0868,-3.5939,6.4613
1.2313,4.1444,1.3912
1.1108,-1.0053,-4.0301
1.182,-0.05787,-4.3656
-2.8182,0.49709,-8.8523
2.2839,2.2336,12.753
0.29853,3.3175,-1.9829
3.1266,1.4339,4.9993
1.4898,0.724,2.1388
-0.93079,0.74751,-3.1331
-2.2648,-2.8989,0.30181
3.5144,3.8302,-3.4701
0.82203,0.97095,8.3204
-1.041,-1.9532,-3.5503
-2.6975,-6.3991,-6.0962
1.4324,0.12223,11.209
1.6485,-1.1868,-13.92
2.6201,0.095931,-4.1734
-0.40616,-0.83787,-2.8992
-2.653,0.39485,6.4734
1.2241,-6.5991,-3.7804
-3.8131,3.6095,-7.8038
0.23618,-4.0319,-0.6026
-0.093163,5.4365,-2.6369
0.076549,-2.0731,2.3783
0.81521,-2.0669,-11.046
4.2861,0.16423,8.3876
-3.2541,1.7791,-2.7527
-3.7923,3.7092,-1.1902
-0.18074,2.7838,-5.2381
-0.77728,-3.8822,1.3985
0.006139,0.56623,7.553
-2.5138,-6.2456,-4.9612
-0.058197,1.0014,-7.4902
2.3086,2.4971,-12.699
1.3539,-3.1735,-6.3929
-0.30987,1.8346,-8.204
-1.063,3.4543,-4.762
0.9402,-3.4006,2.5402
-2.562,0.18119,-3.9567
1.6016,-0.1567,7.2825
-0.99107,0.90175,-14.514
-0.91677,1.4288,5.314
-5.1262,-4.9193,-7.4686
3.1042,-0.47558,-5.6687
1.1602,-0.71387,5.1118
-2.1155,-6.5487,-3.6446
-4.5901,-3.8106,2.3427
-0.39589,3.7981,-5.3006
2.9902,0.015341,-7.1528
-0.20453,0.89447,-0.54431
-0.59584,-3.3463,0.75182
4.1398,4.3087,9.5819
4.1364,-2.0812,-0.76718
-0.94365,4.0885,2.1443
2.0956,0.87154,0.19721
-2.8556,2.9157,-2.5959
-3.8819,-0.80899,-3.3932
-0.88386,-2.571,-4.1315
0.84231,1.0079,-6.7946
2.0327,2.0867,-1.9213
2.296,-0.19737,3.1822
1.3924,-2.5678,-7.4029
-1.9682,2.5099,2.2646
-0.79621,1.4602,7.5009
-0.6799,-3.0244,-0.63573
-0.32851,4.8848,10.211
1.4092,1.8872,1.2171
0.89763,3.3875,-10.63
1.1847,-1.9589,-2.0015
-0.2295,2.8961,1.7203
-1.7051,2.2636,-5.4687
0.20973,-5.0972,-1.4107
-1.4452,-2.1031,-1.3035
1.5051,1.1383,-4.843
-0.015263,-4.1809,2.4212
-0.86862,0.53547,9.4061
0.41273,6.0182,11.341
-0.73672,-1.8323,5.3645
-0.35807,1.6943,-4.5975
0.28582,0.98537,1.8366
0.21215,3.7661,-5.6507
-0.6011,-5.9498,-10.419
2.1232,1.8578,4.5443
-2.3407,3.1591,-5.6864
-1.7963,1.2646,-14.076
-2.0741,4.7527,1.5701
-3.1699,-0.53254,12.478
-3.6242,-0.6941,0.33137
-1.7058,3.2928,3.034
-1.5295,-3.209,-2.0807
1.7458,0.20056,-1.3854
0.21151,-0.10112,-2.9424
-0.67497,4.9145,2.3176
-3.1067,-2.9685,-5.2306
0.5708,1.156,3.2564
-3.6879,-4.8613,5.5198
-0.50995,3.7284,-2.3863
1.3241,0.58067,0.94246
-2.586,-3.4795,-9.6447
3.9653,4.2256,3.2821
-1.7862,-4.8168,2.016
-0.071607,1.7221,-4.5497
-4.6228,0.77308,1.537
-0.1449,2.272,-1.0245
0.17278,-1.0919,-1.192
-0.56655,-6.7816,7.7262
-2.3724,1.6259,-8.5001
-2.3417,2.4339,8.0982
-1.5485,4.7622,-12.56
-2.4291,4.9617,4.1025
-2.6638,0.25684,5.474
0.64611,2.2824,-8.016
4.6719,-0.31001,4.9799
1.9155,4.7034,8.3103
-1.9544,2.4683,6.3478
-0.94745,-4.4918,1.4613
-2.9234,1.8294,-7.4635
0.32457,1.2047,5.1416
0.87366,-2.7947,8.8652
-1.3292,0.59177,6.322
-0.66475,1.6231,5.81
-1.6578,-2.2453,7.2078
1.1603,5.6142,-1.9508
1.328,-0.32006,-4.1564
0.67792,-0.054361,-4.1965
-3.089,0.37507,-3.996
0.85951,-1.744,-2.8804
-0.29915,0.734,-0.63789
-2.4583,0.80154,-8.9196
-1.3169,-1.9874,10.087
3.548,-2.3882,-10.357
0.050111,-1.6455,5.2058
0.33157,1.8279,-13.891
-0.010779,3.4564,4.2816
-2.3282,-0.95585,-8.0486
-0.053434,2.3913,4.7012
-2.3167,-0.76733,-4.2044
-2.6739,1.3432,6.4148
-0.75391,3.0496,0.93467
-2.4049,-3.3527,-10.947
-0.269,-0.66927,5.4745
0.35711,-0.52414,-2.0565
3.8936,-1.5558,7.945
1.8556,1.5776,1.4224
1.6436,4.1235,2.0821
-1.9665,0.26453,3.3524
-4.3878,1.7032,-4.5727
-1.2806,6.8064,-2.7298
-3.7849,1.6699,1.7485
-1.6612,-7.3751,4.4083
1.1651,0.41538,-0.34494
-0.42901,3.7617,-1.4412
4.355,0.92569,4.1822
1.2129,1.4893,-1.0159
-0.77665,-5.2823,-12.523
-0.46645,-0.63298,-3.4831
5.1229,-0.63116,1.9943
-0.10894,-0.49153,-5.8765
1.4039,0.74515,4.2253
-1.5069,-4.3865,-2.8497
0.82099,0.049647,1.4261
0.28621,-0.68295,-6.5063
-2.4445,1.7146,-2.1714
-1.4557,-1.9872,-4.0762
-0.65207,-0.95575,2.4857
0.12378,0.63947,-2.876
1.4285,2.2079,1.4692
0.71228,1.8874,-2.3859
0.25258,-2.1273,-4.7655
-0.72745,0.54747,12.179
1.894,-0.82783,-11.335
-1.9976,-0.1049,1.0657
0.25976,-1.8751,-4.2677
-3.0345,2.8424,-5.3239
2.8259,1.7482,-0.30135
-0.096338,0.99177,-4.7221
0.22852,5.5102,-7.2534
0.36484,5.8746,6.5948
-3.1661,4.3211,1.5194
2.7231,3.3971,-5.0797
-2.5326,1.1623,-2.5591
-1.7805,-0.26387,8.0973
-4.0752,1.2724,6.6878
2.2803,-0.14824,-5.1923
0.66876,5.0544,-10.958
-1.7236,2.8401,10.659
-2.4264,0.35624,-5.5202
-0.97721,1.6917,-1.3671
2.0739,1.7406,-0.020653
-2.3197,-1.214,6.0783
-1.3045,-1.466,7.9436
-0.73004,0.83765,-2.1658
1.1464,-0.58494,-4.2707
-1.0839,1.8075,-0.96421
1.0325,-5.0625,-2.8483
-0.38729,-0.87953,-2.9141
1.3361,-0.57465,-1.064
1.6056,4.5712,6.7813
-0.23799,3.3646,5.8744
-1.7797,-2.2083,-5.4416
-2.7307,-0.32311,-2.3118
-0.33821,6.4938,-12.176
1.7541,2.2936,0.6298
-1.0208,0.80152,2.9647
-1.8872,-0.17583,-10.13
-1.4708,-1.0077,5.7044
-1.6704,4.2246,3.1688
-0.51986,-1.9426,-5.1825
-3.9493,2.0768,0.56686
-2.5644,0.69636,5.1942
2.0878,-0.48662,-10.372
-2.465,-2.99,-7.1003
-1.271,-2.4978,-16.447
-0.41469,3.6866,-5.783
-1.1587,-4.1737,7.375
0.16455,0.34338,-3.7464
-3.8697,-1.9055,-1.1155
1.8223,2.1722,-9.274
-0.76543,-0.76934,9.161
1.8459,-0.21721,5.6219
-0.60366,-3.2767,8.3665
-0.94779,-0.063337,4.7817
2.2044,0.56819,-0.58753
2.5083,-0.56653,1.7541
-0.15734,-0.72119,-0.38253
-0.91852,-1.7258,0.17385
0.70928,3.1218,-9.0292
-2.4555,-3.0828,-8.1945
-0.12028,-2.3854,-0.76252
2.4916,0.14363,-2.7935
-1.07,-5.1151,-0.42267
-0.26579,0.2274,4.66
0.99202,1.4855,-0.991
-2.3892,4.1469,-12.548
-2.3916,0.53752,1.7522
2.3748,-5.6951,-2.4726
0.63788,4.1263,-4.1899
3.8299,3.6783,-2.7695
-0.044333,-5.173,2.6121
2.4992,-0.41091,7.2586
1.7263,-3.4849,7.9927
-0.42093,-0.15598,3.2413
0.14714,-0.41328,5.2458
5.0626,-1.1594,10.071
1.2288,2.6338,4.659
-2.1328,-6.1541,8.0159
0.42817,-2.9458,-2.6408
-2.2204,1.4277,0.089171
-2.3285,-1.0105,1.9097
0.30815,-1.3606,-0.2035
2.7875,2.8811,-4.8749
2.5264,0.66666,0.028114
-2.5211,3.5046,16.212
-2.2521,-1.7948,8.5028
-0.16637,2.8102,-3.5792
2.8288,2.3414,-8.6301
-1.3639,-5.5645,-7.5411
1.4199,-1.8444,2.0024
3.5965,-1.3159,-9.1999
1.158,2.8306,11.23
2.0805,-2.9475,1.5244
-4.8728,3.7616,-7.1292
-4.0119,-0.16952,2.1961
-1.612,-0.42022,10.777
-0.25455,0.4127,-2.9707
-2.5516,3.4075,-0.2126
-0.105,-0.17065,4.4595
-2.5974,1.9169,6.9094
-0.10092,-3.2078,-3.9377
-4.3737,2.8673,-0.44955
3.8225,0.81104,1.0182
-2.2045,3.8558,13.557
0.84629,4.6956,9.2923
1.3602,1.898,-2.7052
2.8572,1.3781,5.3795
-0.66252,-1.0394,-16.464
0.97191,-6.4766,-9.6572
-2.7458,3.512,-1.6443
-1.3768,0.10251,-9.2218
-2.4229,3.0626,-2.5147
0.41897,-3.4267,8.8145
1.9834,2.6395,6.0861
-1.8791,-1.1306,-2.3197
-0.62559,-1.2968,8.3663
2.0072,-4.0337,4.8946
0.6211,-0.67227,1.1917
-1.6541,0.073284,1.1758
1.6304,-1.356,7.6745
3.1094,-8.0748,-11.13
0.66493,-0.53553,-8.9706
0.19715,-1.0779,4.7757
2.3696,1.2414,-2.7548
1.4069,4.0114,-5.1842
-2.1616,1.9041,-6.5768
0.13166,-0.31147,5.9668
-4.1953,3.7836,-0.0020803
-1.4338,-4.6964,1.1784
-0.3358,4.1315,-14.921
-0.97503,-0.86854,-9.0413
-0.50814,2.3445,2.4386
-1.9532,-4.8279,2.7465
0.31653,1.9357,-8.7463
-0.74447,-1.4067,-0.48423
-0.4332,-4.8265,0.59482
0.19001,5.7487,1.8015
2.7132,1.8529,-0.96783
1.1457,1.9697,-3.6429
-2.9684,0.14592,2.3459
-0.29996,2.6039,-3.8445
3.4331,0.95679,7.598
2.2806,-0.83727,2.0529
1.8678,4.5667,-11.313
1.194,1.5598,-2.369
3.3083,-2.5007,-2.2146
-2.3244,-0.02633,-3.516
-0.57054,0.81152,-11.572
3.5402,5.303,1.8646
-0.85891,0.9079,-4.4447
0.030897,-2.6735,-5.5493
-0.3442,-3.2362,3.5363
1.5172,-3.8684,5.9177
2.8053,-3.0137,8.3135
-1.5474,-3.3778,6.8801
-1.4585,0.5895,10.111
0.49057,-0.92761,-0.26488
1.7731,-2.5662,-12.274
-0.081852,3.9286,-4.9573
2.0097,-0.71649,1.774
1.5211,2.597,-2.2726
1.5123,2.3452,2.1386
-0.46393,2.9516,-2.732
-2.5822,-2.1203,-0.54312
-3.5142,4.0521,-2.8925
0.85633,-4.1841,1.7753
0.84321,5.7842,11.4
-6.0816,0.84787,-3.9498
-1.7686,4.461,5.2999
-3.8949,-0.40833,-0.44403
0.50805,1.3375,-5.8607
-2.2706,-5.5736,12.953
-1.3301,-0.33009,-1.1467
-3.1006,-1.3559,-0.724
0.065328,5.12,3.0502
-2.309,-3.5564,-1.7399
3.1437,-4.9008,8.3393
2.0232,-0.051202,1.2581
0.53379,0.91081,-3.4152
2.5223,-3.4692,-0.11081
2.3093,-1.9941,10.267
1.167,1.9447,-0.66407
0.56465,-0.71667,-3.946
-2.8478,0.19267,-1.4497
1.6694,5.8327,-5.2009
0.13962,-1.6903,0.10367
1.9963,2.8356,-11.999
-4.952,4.1486,1.1903
1.4537,-1.7592,0.47848
1.2177,4.5506,-2.0811
1.6678,1.3863,-6.8405
2.0766,-0.27278,3.3143
-0.2319,4.4094,4.5239
0.72166,-1.2312,4.095
0.30924,-1.4462,2.036
-1.0275,-0.65703,5.0662
3.4561,-3.1296,9.4892
-1.9212,-3.3886,-12.301
0.21247,1.6256,8.6452
1.7426,-1.3854,-9.8458
-0.28734,-2.5951,0.95885
0.21378,2.5993,1.898
-0.80237,3.907,8.8016
0.70385,0.82255,-3.1071
1.7021,3.3691,-2.7559
-1.1842,-2.2159,-0.55042
1.9855,-2.6749,-7.4915
-0.2207,-7.0862,6.9563
0.087012,-4.7113,12.349
2.8806,1.6157,-0.72579
-0.95642,-2.113,-5.295
1.6671,-2.9702,-2.0106
-3.8282,-1.4327,-4.8674
0.077584,-3.2167,-3.4309
0.14085,-0.71104,-4.2415
1.4231,-3.0862,-2.7614
0.10101,2.9268,4.8931
0.74579,-2.1045,-2.4936
0.22455,-0.9019,8.1348
-1.4067,0.84823,0.44704
-1.4823,-0.55924,-12.571
2.7895,0.64672,1.3174
-1.7128,1.1806,-5.8133
0.21649,-3.519,14.907
2.2344,-1.5173,-2.1649
5.8092,-1.336,-0.61276
1.9933,-3.929,-3.2996
-0.48307,-0.51524,-4.8977
1.9181,-3.1826,1.8392
-6.5943,3.7336,-0.68088
-0.87531,4.6541,-4.072
1.4161,0.70749,2.5837
-0.16288,-1.0336,-2.2993
5.3759,0.8444,6.0088
1.4775,-1.3716,-7.5468
-1.4233,-5.6607,0.95898
-1.8028,2.28,-2.6649
-0.6361,1.1392,-1.1574
-1.0193,-1.6875,-0.50223
0.47264,0.85451,-1.9266
3.4657,1.7207,-6.1271
-1.7437,1.9894,0.54475
-0.48892,0.8175,3.9309
2.0039,-0.43017,3.6017
1.451,-1.7703,6.2362
-0.83032,2.9607,-3.8394
0.63197,-1.576,0.5062
0.82977,0.035699,1.8786
0.59576,-3.8785,-1.9321
-1.1075,1.5211,3.6739
2.2038,-1.2144,1.1827
-2.218,1.4081,2.55
2.7252,-0.91904,1.3983
0.83281,-1.8265,2.5033
1.3849,1.1519,4.8637
0.29115,7.4556,3.0376
0.60883,1.804,0.49182
2.3483,-2.1643,-4.9356
1.9584,0.60798,4.9646
1.9256,0.95214,-0.18911
-0.4174,1.8996,-5.0101
-0.72936,2.9144,4.9516
-0.010971,-0.36363,-0.91029
-2.3478,5.1613,-6.6882
-0.99115,-0.85255,-3.1345
-1.0218,-0.35599,-2.2234
-2.3054,-2.9582,6.9473
2.4004,-7.5072,2.3383
-0.40569,-3.28,-2.4774
-2.0179,-1.0892,-2.8207
-3.3909,-3.743,10.481
2.971,-1.6343,7.605
-1.3939,-1.7604,-8.1071
1.5834,1.4386,-11.512
-0.35875,-3.7023,-1.5531
3.8226,0.34316,-4.2507
-1.5903,-0.54648,-6.017
-1.5427,-1.7575,-9.2715
0.75873,1.0161,-5.5649
-0.8687,-1.5162,-5.1212
-1.3511,0.95644,4.1274
-0.1347,-1.916,-1.0983
0.59367,-3.0983,-6.9117
0.047535,3.3339,-1.8352
0.81645,-0.24744,2.1531
-0.49994,-2.5528,-16.641
-2.0733,0.97751,3.6043
0.18568,2.7038,2.3777
-0.98108,4.9954,6.6874
2.5644,1.4824,0.65024
0.16003,-4.7468,4.8313
-1.8857,-2.4839,8.2657
-1.765,0.92196,-0.099103
0.48544,-4.288,-3.4723
-1.7422,-0.076946,-4.3508
-4.7641,-1.4803,-3.8182
-0.23537,4.3764,5.4658
0.72491,-5.163,11.157
-1.0201,2.6191,1.3277
1.4531,-1.398,-7.2213
-2.6045,-2.8077,-8.465
0.85679,2.2905,-3.6032
1.3335,-0.23313,12.228
-1.9061,6.0559,7.3794
2.9576,-2.3998,8.1362
-1.3573,-0.24918,5.7452
3.0619,0.45254,3.2794
-4.2156,2.6717,-7.6115
0.95332,-1.6758,1.6334
1.6423,0.04216,4.609
-2.1649,0.21262,5.2052
-2.0191,3.949,3.8573
-0.17799,4.5856,1.2322
-1.0645,2.3247,0.83433
-0.51599,-1.3504,2.307
-1.4001,-1.2571,-1.8762
1.01,-0.075912,2.8376
-0.932,5.0212,-1.3716
-0.28133,1.1882,4.7748
-0.10632,-0.48183,3.0792
0.79879,-3.5514,5.7511
-3.7757,-4.9542,-1.083
3.671,-1.8007,-4.685
1.0798,2.7053,3.2874
0.20359,-5.9622,-7.1765
-1.269,-0.47105,-1.2018
2.0846,1.4331,-12.627
-4.9613,0.51028,3.6127
-2.1361,3.7342,2.7027
-1.177,-4.7462,4.5863
0.56737,0.17874,-4.8657
2.203,-4.2357,7.6166
-0.95782,-6.7375,-2.0134
2.1029,-2.1906,4.5821
-1.5997,-4.3068,2.2878
-1.5081,-0.039893,-2.1915
-2.582,-0.72,-4.145
-2.4467,-1.5365,2.7142
-0.60816,-1.8582,14.09
-1.0093,-2.7964,-0.49738
2.9726,4.2241,-8.1864
0.076998,2.196,-3.4077
1.8,-1.3556,3.8374
1.3834,0.29556,-2.416
2.8969,1.9197,-1.4856
1.8719,1.8389,-9.149
2.116,1.3928,-2.805
2.396,-0.47725,-16.2
-3.4082,-0.51915,6.1361
1.0818,3.755,7.2226
-3.3271,5.2312,6.1367
2.0182,-3.7694,12.979
-0.41803,-0.51696,-16.069
0.4933,2.1875,-1.6513
3.7469,-1.2758,2.2753
1.0032,0.52704,3.2113
-1.3667,-2.0429,8.9415
-0.56909,-2.5173,-5.5748
3.3054,-2.3045,-8.3273
-0.8299,-2.3192,5.9828
1.3129,-0.037734,1.0219
0.65674,-6.3445,-1.3467
1.1186,2.2188,-4.7366
0.19648,-0.18142,0.1383
-2.741,2.9166,-1.3859
-2.7492,4.7451,4.4408
-2.584,0.74828,0.82904
-2.573,1.1008,0.32231
-0.63209,-1.0032,-0.35109
1.3966,2.8669,-3.1393
-1.0732,0.81152,-10.498
0.26653,-0.72138,-0.94546
-0.4371,0.17834,5.0727
-3.8024,-0.9916,4.0791
0.465,2.1346,-1.2727
1.7569,0.2615,7.7436
-1.4817,-1.7013,-12.776
-0.99547,1.0622,-5.7159
-3.4916,-1.1334,0.53026
-3.4837,-0.44217,-0.43884
-3.3287,1.4573,0.081909
-1.6133,0.026731,-0.50042
2.9805,-3.7121,-12.379
3.296,-4.3748,1.3502
-1.4839,-0.37645,-0.18202
3.3222,-2.0961,-1.7621
2.0391,2.8617,-7.7797
0.14195,-0.70039,-1.5114
0.20485,0.98856,2.2299
-2.5753,-2.4354,1.3065
-1.7241,0.1164,-2.1159
-0.38714,-1.6725,0.81866
0.45389,-4.903,4.7631
-1.223,0.53326,-0.5978
-2.4066,1.6376,-1.6533
3.3312,-2.5585,5.8864
-2.3829,-0.79998,8.0916
5.3725,0.26742,-3.355
1.7912,2.1008,4.5754
-0.77667,-0.58397,0.61393
3.715,0.035779,4.0777
0.38642,2.4438,-5.7188
1.1354,-0.77161,-6.0036
-0.31853,4.0283,4.0031
-2.1631,0.31641,-9.2852
2.3381,1.5571,8.2935
0.54387,-1.837,1.8816
0.99216,-1.0188,-3.3463
-4.504,-1.7109,-8.7375
1.4736,0.51887,3.7786
-1.1705,0.44222,-6.7224
1.7114,1.9058,-2.0169
-2.307,3.1089,-5.2018
2.0844,0.067901,-3.7555
0.15528,-0.78244,1.4434
-0.5023,2.353,6.8722
-1.5381,-8.4204,-4.967
0.53618,-3.7021,5.5496
0.14722,0.88313,-8.8295
-2.9138,-1.5659,-3.7262
1.1116,4.0789,-2.23
0.73882,-4.4777,-4.1798
2.9406,0.11169,-4.4499
-0.83384,-2.9031,-5.108
-0.30035,-3.911,3.0269
1.9651,0.41883,-13.568
-0.41535,-2.33,5.1561
-0.0045277,2.133,-5.7468
1.1887,1.2009,-8.9006
0.99684,-0.23063,10.855
-1.0829,1.3058,-3.6215
-2.1388,2.3602,5.3476
-1.6842,-2.7179,4.3288
3.9678,2.9428,-5.1451
3.4384,1.0435,-3.4904
0.8818,-0.49545,1.8677
-0.031555,1.9286,-3.6701
0.49992,-2.9806,-2.6933
-1.9145,0.55737,-0.23728
1.191,0.61928,4.6475
1.117,0.81095,4.2435
-1.5012,-2.0974,4.2859
1.1169,-2.8279,5.0107
2.627,0.0064459,-4.5139
-1.9733,2.9677,-2.5771
1.3161,-0.12901,6.198
-2.4085,-0.71768,-7.8122
-3.1288,-1.5346,-10.746
-0.50686,-3.1111,-0.92807
-0.21993,-0.58009,2.9927
3.7536,-0.4171,-6.0164
0.53656,2.6364,-5.1607
-1.726,0.28428,0.23654
-3.8212,3.127,4.4265
0.52852,6.5103,-6.7586
-2.4107,2.4619,0.49022
1.0297,0.087977,8.399
1.0103,3.1381,1.5738
-0.88303,0.78839,-13.417
-1.1707,1.6075,-10.583
1.2303,-2.4773,2.1937
2.1468,1.4052,0.41821
-2.8755,-0.080833,-3.0613
1.9389,-0.96833,-7.7827
-0.31096,2.5031,-1.706
0.88875,0.39434,-1.2132
-1.5042,-5.7007,-1.0358
0.32604,1.8039,0.18978
2.0921,-1.9797,-9.2187
-1.6888,3.1908,-15.858
-1.3397,3.8244,6.8266
1.6368,-0.36834,5.9119
2.3176,-4.5371,2.018
-2.2205,-3.4962,-2.9951
0.12314,3.3058,-17.806
0.26933,-0.796,1.6672
-1.2933,3.2286,4.4051
-1.4249,-1.8576,11.018
3.9655,0.04328,2.0458
0.26609,-2.4277,10.031
0.55971,-1.2985,-4.6379
-1.5042,-2.1783,-6.0846
4.0819,2.2018,0.25251
3.7451,0.10914,8.223
-1.7307,-4.0483,-3.0896
3.1492,1.1149,6.2075
-0.33869,-6.1237,-3.6045
-2.9769,-3.3314,-6.3392
1.9051,0.31431,4.162
1.9504,2.7966,-3.9072
0.045786,0.084797,0.098176
0.15646,-1.2366,1.4914
-2.8489,-2.5704,2.0247
-0.16896,1.905,10.41
0.7357,-1.0135,-0.083245
-0.81479,1.0743,-13.696
0.14622,-2.3974,-7.1565
0.89804,2.4574,-8.8955
-2.0576,-1.9653,0.78257
4.6594,1.7801,-1.2339
-2.7007,1.8784,4.2796
1.242,-0.28168,-3.8228
-0.51556,2.8646,9.4303
-1.6866,-0.23894,4.8465
-0.15402,0.15035,-12.18
4.998,1.4718,-0.61427
0.30792,1.0675,3.2021
1.3524,2.3529,3.1256
0.15491,1.0867,11.373
2.0696,-5.0648,-4.1919
-0.48175,1.8171,-3.4099
0.13381,0.97377,9.7951
1.5901,6.0278,1.6017
2.1925,-0.28657,2.1143
0.31725,-2.6752,3.4821
0.45391,-2.718,5.4205
1.405,4.8594,7.4895
0.11702,2.5112,12.031
0.23275,-0.95218,-3.8773
-1.5301,-3.7273,1.8346
-0.98234,0.57899,-2.7941
1.8399,-3.1027,-3.7093
-0.22964,3.1131,3.6418
0.57945,3.5415,-1.224
-0.17822,-2.4628,5.7164
-3.6376,-0.38247,-10.408
0.32313,1.1108,-9.1816
2.8758,4.3637,-1.1609
-1.2794,4.2136,15.146
-1.3159,1.8327,-5.6019
-1.9731,-3.9693,7.741
2.2028,0.47706,7.0337
2.685,0.25391,2.7621
1.6815,1.7362,-2.06
0.25709,2.6739,-2.912
0.74016,1.5726,6.8755
-1.0328,-1.6542,7.919
1.4784,4.966,2.7559
2.4744,1.7819,-10.291
0.75774,-0.50612,-2.2265
0.3444,-0.96193,5.5141
1.585,-1.4991,-5.154
0.4719,2.1349,-0.82401
1.9946,-3.2262,-2.1285
1.3582,-2.3002,-4.2612
1.361,-2.167,1.9784
-6.6917,-8.5834,15.131
-0.14004,-1.489,9.8302
-0.64718,-2.5894,8.7749
-1.7249,-0.82591,1.1901
1.7859,-0.65088,4.3515
-0.43644,3.1276,-2.1899
1.3439,-0.055195,0.58369
1.4754,0.39295,-1.9464
2.1964,-0.00052865,-3.4096
2.1342,2.7169,6.6157
0.076884,1.7033,3.6479
-2.5147,0.83058,-10.605
3.0414,-5.14,-3.6255
-0.73093,0.021611,-11.284
0.41576,-1.7439,-7.1034
-0.2345,-0.33244,2.1421
4.0267,-4.431,4.7046
-0.26185,-1.2227,7.1392
0.052845,3.8101,-1.5183
-0.73114,-0.99337,-3.235
-1.5511,-1.6562,2.246
-2.3945,2.4909,9.8836
-0.59458,-0.46127,0.013057
-4.4222,2.164,-0.77706
-2.4608,1.4739,7.599
-3.4208,-7.7745,-1.2876
-1.8799,1.6192,4.7261
1.1136,4.6804,-1.1236
1.2124,-0.21789,-1.0165
-1.412,0.28614,-3.041
-2.0355,1.0891,0.65596
-1.9093,-0.44359,-2.95
1.9811,-0.83284,2.7669
1.2709,2.8994,-5.3741
0.23104,-1.0501,0.6749
0.072012,0.92436,7.9438
-5.8042,-0.05269,-6.5313
5.0868,-4.7675,-4.204
-2.7506,2.3143,-3.4193
-0.67581,-1.9538,5.1157
-0.48683,4.6407,-1.4891
0.36477,-0.066498,-2.8067
0.55199,-0.57782,-2.3699
-0.22005,1.7246,4.1256
0.86287,-3.6646,-3.0109
-2.2697,-3.6283,12.749
-1.005,5.6434,6.6312
-4.3508,5.2034,-4.7908
4.005,-3.3198,-4.6931
5.2974,-0.31345,3.0624
-0.20606,-3.2217,10.325
0.26077,0.03545,-3.33
-0.97405,-0.25158,-5.0526
-1.1398,-0.93233,2.2459
-0.84172,-0.33312,-17.929
3.6674,0.17812,7.2671
-0.31955,-0.74467,-1.0047
3.92,5.2719,12.844
-1.2137,-2.4472,11.694
0.94146,-3.3952,6.1852
-2.4942,5.3698,-4.6467
-2.1372,3.1225,-5.4615
-0.45882,-2.0709,4.9565
-0.46398,0.16718,5.377
-3.2216,-1.817,-6.987
0.1563,-2.6434,-5.5065
3.1088,1.4165,-4.6477
-2.3021,-4.742,-9.0228
-0.77695,-0.23959,3.8723
-0.5811,0.40084,-1.1643
-2.6528,1.1637,7.5487
-1.4421,-3.0934,10.026
0.97888,-3.0819,-2.7481
-0.6876,2.3187,10.524
1.6287,-2.5482,-8.5667
0.18569,2.3627,-1.2069
-0.38242,3.8181,2.4869
1.737,-1.7605,-8.5769
0.19741,-0.89838,4.2209
3.0361,-0.36581,11.068
-2.2552,2.3,-2.3856
3.8124,1.5067,-8.4152
-0.69402,-2.0782,-2.0007
-0.18456,-1.4356,6.0626
0.57163,2.8989,-2.4275
0.031442,-4.411,10.829
1.4871,-1.7968,-0.95228
-0.62367,-1.0105,-2.1706
3.9631,-4.4981,-1.772
3.3271,3.7696,12.871
2.1034,4.0429,-8.9388
0.99922,0.86188,-3.8847
-3.8881,-0.11336,-0.50162
-2.9229,0.73824,-6.7055
2.0992,4.0813,-10.925
-1.5434,4.1946,17.062
1.9227,2.0596,9.2714
-1.7664,3.6243,0.85194
-1.0684,0.89322,-6.6112
-1.8537,-2.5684,8.2472
-4.6932,-2.3237,1.642
-3.0355,-3.0038,8.7468
2.6449,-0.24479,6.7112
-2.8143,0.17376,7.3655
-3.76,1.2799,-2.965
1.1864,0.21889,1.7113
-0.8917,-0.072276,7.4932
1.4051,0.3941,5.1653
0.18348,0.28152,2.9549
3.993,3.5776,0.38123
-0.71757,-1.5088,-6.9827
1.1219,1.8055,-1.5982
-1.7339,-5.4888,-0.61824
-0.61137,4.0081,2.2043
-1.4975,0.12211,-7.9859
-2.1587,-3.2158,-5.3313
2.8926,1.7613,-3.6343
1.5427,-2.8047,-16.05
0.96286,-1.2521,9.2165
-0.95736,-0.32137,0.29742
0.2944,-0.90879,6.8105
1.6578,-2.4553,-2.2097
-0.99051,2.9638,-2.5703
0.45868,-6.4002,6.2061
-2.3948,0.9826,1.9169
-0.29112,-0.44438,3.317
-0.58772,-0.01043,-0.30558
-0.18979,7.4592,-7.8887
-1.8573,3.2751,-3.0495
-1.3806,3.6691,2.0799
2.2934,1.8978,-5.4556
-0.78169,1.4388,-5.4743
-4.7083,0.55446,-0.12961
3.5691,3.9855,-2.6086
-2.2525,-0.59995,13.592
2.1662,-0.56693,-0.019321
4.6139,-5.5809,11.139
1.4775,-0.85052,-0.14241
-3.8531,1.7528,-3.9521
-0.56435,1.4267,-10.734
-1.1074,1.0022,3.7155
-0.47369,2.8044,9.0233
-0.089759,-1.0051,-5.9837
3.9484,1.5061,-6.4124
-2.1136,-0.96057,2.5582
0.31885,-1.3787,9.6747
-0.17277,0.90804,-10.644
-1.5889,-0.38039,8.2615
-1.5104,0.13074,-6.5491
1.9178,-2.6741,-0.94495
-0.96434,3.69,1.6288
0.33047,5.135,-7.4159
-1.9247,-2.6088,5.308
0.62313,1.6106,-7.8666
1.5308,0.51363,-6.9667
-0.39174,0.15052,-1.5552
-1.755,2.3774,8.0985
2.6101,-2.5872,2.3057
2.6592,-4.6346,-8.2146
1.7403,-2.2351,-0.20504
2.4038,1.7311,-4.3981
-2.8245,8.6132,6.602
0.40126,-1.3978,-1.0894
-3.3507,1.3721,-3.4927
-0.95104,-4.287,-5.0964
-0.025031,-2.6762,-8.5432
0.46028,0.31543,7.5316
2.1052,3.2983,1.5813
2.1199,4.2818,-7.2759
2.8478,4.3395,-0.6877
-0.29512,-1.8684,3.2849
3.0376,-7.0445,9.3633
-0.9556,0.7663,-7.3246
1.2241,-4.8241,1.9239
3.3902,2.6123,4.9263
-2.983,-1.9447,6.405
2.6791,-0.48733,-2.5141
0.95881,-2.5087,-1.3669
0.80625,-1.6219,-2.1329
0.35994,2.6159,-6.547
1.8326,-4.2356,2.0809
2.4493,-3.6163,-9.2806
1.4945,-1.7118,-7.2582
1.5783,-3.2532,7.5593
-4.4842,-0.29888,0.21717
-0.090486,-3.2413,2.3617
-0.62008,-1.4418,-1.2108
-1.8819,-1.305,6.0576
-1.6986,1.695,5.1402
-1.4524,0.17048,3.6385
1.9234,2.0889,4.2166
1.7827,1.199,-1.1571
-1.0922,4.5499,-0.71028
-0.37165,-0.14314,0.95733
-0.61413,-5.5371,8.1385
-1.5619,1.9961,-6.4171
2.4449,-0.856,-0.18359
1.2689,-4.7905,-6.4766
-3.5206,-0.61196,-1.575
0.84705,-0.12015,5.2884
0.87153,7.8114,13.119
-2.8313,0.56251,-3.7711
-2.5528,0.92207,1.7672
-1.0099,1.5314,10.055
-0.45326,-3.6242,-10.677
2.6237,1.2679,9.4703
0.59667,1.0322,-7.4333
-0.48951,0.66178,1.7764
0.27602,4.4605,-1.1843
-2.6993,-5.0946,5.8087
-1.2358,2.105,-1.133
-0.40525,-1.0248,5.9045
1.7076,-0.10216,-3.1748
0.1283,0.4842,-1.8002
-0.49546,-3.2074,-4.5688
-3.5092,-0.77546,9.4113
-0.12864,-1.0078,-1.9337
1.8077,1.0305,-0.23001
1.3226,1.3113,5.8264
1.8904,-3.4332,-14.156
-1.3373,-1.9737,2.6206
0.56575,-2.2109,1.2783
2.5877,-0.19164,-4.6969
2.6885,-1.1646,-8.1029
1.6012,6.3749,9.4649
-1.0755,4.3432,4.5009
2.8962,2.6381,-9.6277
1.5424,1.6939,-7.4077
-0.26273,0.50878,-3.8321
3.3953,-0.8212,-7.9776
0.62982,0.17248,3.1376
-2.7848,0.63784,-3.0668
3.5739,1.3227,-6.2546
-1.3234,-0.84512,1.8032
-0.52511,0.84051,-5.5585
3.2112,-3.0571,3.7492
1.1431,3.0276,8.303
-0.60148,4.1779,-6.6101
3.2968,-6.274,12.044
1.713,-3.8152,-5.7112
-3.4275,-0.4159,-8.1305
0.33822,3.2374,-0.26662
1.6461,0.61895,-0.11647
-0.24935,4.7063,5.6383
3.0636,-4.4264,-5.2893
0.15849,0.83108,-3.971
2.1716,1.1191,-10.75
-0.91333,-1.3954,-12.104
-2.1519,2.7687,3.5922
0.69243,1.4441,4.6212
-0.61927,-0.23315,-3.7562
0.48145,4.1636,0.43819
-1.702,-0.7272,1.2624
0.2945,4.0948,-2.2622
2.7462,2.8886,-8.8046
-0.070796,1.0798,5.845
2.2941,3.1709,6.4212
-0.56168,1.5706,1.4714
0.58453,-0.556,-2.4309
0.56601,-0.7023,7.9856
-2.2309,2.3795,2.8672
-3.0828,1.6317,-1.3766
-0.54968,-2.7574,-5.4443
-2.4421,2.0948,-3.8508
-1.578,0.89825,-3.9413
-0.91324,-7.6354,-2.8377
1.7798,-3.1591,-1.4096
1.5261,-0.77419,-14.357
-0.97965,2.9861,-2.0887
-0.51614,-0.90384,-6.9751
1.8286,0.3428,6.6906
1.9673,1.4237,-6.7377
-1.1506,-1.1927,1.6134
0.044138,-2.3016,-3.1982
2.9498,4.5045,2.252
-1.8515,2.9365,-4.0981
0.38002,2.9998,11.963
-0.2491,7.0569,-1.0559
-2.1677,4.9872,1.5497
0.030421,-0.72447,-9.8513
-1.6342,-5.6335,8.5302
0.67921,0.41277,-11.085
0.19288,-0.59687,-8.9176
-2.5738,-0.37197,3.5366
4.6107,-0.8848,-8.44
-1.2792,0.20193,-2.9291
-1.2903,-1.7497,9.4767
-4.2991,-1.409,-8.6009
-1.3365,-4.6946,4.3528
1.8645,-2.5404,-0.77176
1.455,3.5381,1.7598
2.8735,-3.0984,-3.4847
-2.2742,-0.034731,5.6726
-0.068191,7.2025,5.3115
0.22248,0.37724,2.2143
4.3924,-0.58321,-7.2715
-1.5285,1.0991,3.3536
-0.35515,-1.6719,4.7021
-3.1589,1.29,-6.1477
-2.8067,4.209,-10.32
1.0246,0.66234,-8.2176
-1.7955,0.48364,4.2827
0.17036,0.24653,13.048
-1.3465,-1.2646,4.9031
-0.81579,2.6587,-2.6177
-0.63371,-4.5732,6.0222
-0.49757,-1.8225,9.5553
5.0507,-2.4191,0.093955
-0.065164,3.2828,-7.0428
0.070614,-2.6232,1.5805
-3.7045,0.68563,11.279
-3.1134,2.1869,-4.6033
-2.0506,-0.029792,0.65745
-0.84661,2.8674,7.8566
-0.26252,-1.0621,6.6421
-5.2278,0.42139,5.1975
-0.54056,-0.87579,-0.92542
-1.8326,2.2267,4.1494
1.9523,2.1679,6.9704
-1.5767,4.211,-5.6702
-3.5644,-2.8323,-6.239
1.632,3.4174,4.8826
2.802,-0.17625,0.038762
1.4044,1.0828,-1.8095
0.4929,-2.9332,6.3692
2.3725,-0.23705,8.0543
-0.20121,1.3904,3.4224
2.9088,1.0642,8.7795
-0.8292,7.1446,-3.9886
-0.29594,0.96344,7.0798
-1.4058,-0.053387,5.3657
-2.2697,-0.77133,-3.0737
-0.065743,-0.74951,-3.8275
0.020244,-2.7496,3.0329
2.8756,2.4546,1.8024
-0.18231,-0.4141,13.367
-2.9399,2.0297,1.5479
-0.66972,-0.051143,-5.3223
1.2104,1.7524,-2.9346
1.4381,1.2818,-0.079103
-3.4901,-0.032897,-4.5388
2.5617,-0.74072,5.8162
0.50833,-3.5832,8.0426
1.3039,-1.0947,3.0651
-1.6249,-3.3225,-4.5891
0.42378,3.808,1.5705
2.5416,-1.7848,7.3277
-2.5354,-4.2391,-10.059
1.5882,-1.0271,1.7829
3.7037,-0.21217,-2.9427
0.1296,-1.6799,14.205
2.5732,1.7849,4.6537
0.1822,-1.3891,-1.7965
-1.1348,-2.8402,-3.6306
-3.7695,-0.2298,1.4305
-1.8874,-2.6698,3.2896
-1.5219,-1.2122,1.0503
3.7661,-1.5122,-2.7702
0.33361,-2.0247,-13.006
3.3634,-1.1099,-6.4731
0.46974,2.1388,-8.5534
-0.13852,-1.7513,11.9
1.401,1.8673,4.2106
2.0763,1.6855,5.2171
-0.90157,-0.65615,8.1221
-1.6124,1.6459,-5.6681
2.6513,2.3825,5.0175
1.9998,-1.0289,8.409
-1.1782,0.73448,5.5529
-0.70571,3.2077,2.3666
-1.6081,2.0327,6.475
0.99805,-3.8586,1.8258
-0.50145,-5.5366,-3.5214
-1.9539,0.67935,-6.8251
1.7567,0.7423,11.7
-1.3274,-1.7324,-1.7174
-0.19917,0.80796,2.4328
1.6793,-3.4852,0.18467
2.1934,-2.7989,3.0582
5.1045,1.9829,-4.6786
1.5784,-0.16625,9.6046
-2.3118,-3.0084,1.2098
2.1352,-3.1542,-1.9488
1.1374,-0.89764,-0.73994
-2.3712,2.3441,-0.18584
-1.9314,3.8548,10.032
-1.9938,2.9122,4.5636
-0.52478,3.9981,-11.761
1.2274,-4.8227,4.6583
0.70764,0.084857,-7.7059
0.22384,-4.6601,4.8672
-0.47783,-3.212,-1.9486
-0.68716,-1.9962,-6.5923
-1.1382,-3.9836,-6.7335
2.6168,3.6702,5.1798
-2.0414,-0.95167,-5.0399
1.1509,3.2746,-4.3877
3.6335,-0.77656,-0.011722
0.674,-0.79179,-4.1929
0.97707,0.51656,6.0132
-3.1379,0.62916,7.617
-0.6909,-0.22655,1.1314
2.6865,5.4029,11.026
-0.33805,0.59992,0.80983
2.0627,-8.6943,-7.5738
0.97133,2.2382,3.3324
-1.6316,-0.9266,2.5202
0.071115,1.0375,-1.0145
-1.2052,-0.91678,-3.98
-2.3864,3.0419,4.2728
-1.1945,4.8639,-1.1306
0.46923,0.69023,6.0251
1.8915,1.1673,14.782
-3.0079,0.83401,-0.34397
-1.7357,-4.5442,-4.9385
1.5155,1.9366,9.5299
0.38188,0.70145,-3.2902
-1.5365,-0.0062196,-3.1455
1.0369,0.93519,1.3028
-3.0734,-0.16953,5.0908
3.6552,-1.3125,-0.3373
3.4916,1.3602,-0.73786
1.1131,1.9061,-1.7881
-0.12111,1.7597,9.1129
-3.1391,-0.23223,6.6417
2.9574,-0.99362,2.9673
1.5837,0.58231,1.3323
1.023,-1.8391,-4.797
1.8347,-0.53866,-0.23527
3.3961,1.4043,7.0778
-1.3644,3.8908,10.72
-0.70503,-3.2317,-15.537
-0.82775,-3.2252,-1.2202
0.95365,-3.4651,4.534
1.3927,3.9603,2.2747
-2.442,-3.1699,-0.70827
2.2105,0.11743,-6.2289
-3.6043,-2.4642,-6.6065
0.15016,-1.2628,1.6397
4.4268,0.7066,-1.2449
-1.6661,-4.7671,5.0076
-1.5608,1.5775,-1.0388
0.85062,-4.9663,-4.7154
4.2313,-1.715,6.158
-0.31475,3.8309,-0.56551
-3.4596,-0.55507,8.472
-0.96026,-1.3839,4.4877
1.6639,6.7693,-0.0096232
0.92692,-3.1056,3.7515
2.3719,1.7056,1.3308
0.62298,2.4301,3.5003
0.044728,1.4218,-6.6463
-1.6321,-1.1559,-2.7537
0.57804,-0.29536,2.3811
-0.82297,2.5593,2.963
-2.9796,2.2771,-9.455
2.8953,2.8102,-9.472
-0.73927,0.7513,1.4327
2.1417,-3.1602,5.1096
0.17451,-1.1315,-3.6451
-1.4981,1.0276,1.8216
2.2092,-3.4076,12.043
-0.30194,-3.9793,1.7361
-0.14033,1.1715,6.8369
4.9481,-0.42071,-1.7961
-0.93735,-2.4572,-2.2966
0.11715,1.5938,-5.7542
0.68848,0.064562,3.2443
-0.90228,-4.0601,8.3989
1.2494,-3.5367,-1.716
1.7652,3.0685,-2.8277
0.04975,-0.096275,0.40385
3.6356,2.1546,2.4005
-0.55598,1.878,-2.364
0.68248,-0.47904,-6.8708
0.41783,-1.1454,2.7387
2.6564,4.4395,-3.1461
-1.9477,-2.8132,-3.5795
4.6361,5.7148,-3.3121
0.43411,-0.42048,10.881
-3.2963,-1.6323,1.356
-0.88027,-1.581,9.5579
1.5976,2.2568,-2.6429
0.22357,-1.2488,-5.0494
1.5065,-2.9712,-0.02129
-5.202,0.25851,0.79023
-2.438,4.1292,-6.6668
1.5846,-0.60337,-4.88
1.5287,-2.0858,7.4293
-0.84071,-0.25593,2.7075
0.9317,-0.18354,0.26002
-2.7791,1.6606,3.3484
0.94451,-2.5952,-0.94871
-2.6954,-0.23795,-0.27469
-0.22138,2.4732,3.3385
1.7377,-0.03616,-7.7542
2.1977,-1.809,-0.23262
-2.2952,3.0711,3.9554
-0.056693,-0.86932,0.79794
0.35252,-2.7974,6.8299
-0.67498,-1.9887,-9.6844
-0.46341,-2.0763,-0.54428
0.14808,-4.3934,-0.27607
3.6147,2.4895,-0.016086
-2.2114,-4.8241,3.8571
1.499,-1.9828,14.163
1.8598,-1.3977,3.338
0.053888,3.2585,0.064812
3.2468,-2.512,0.67375
2.0752,0.93219,0.78853
1.1043,3.2714,11.529
-0.57215,0.78904,3.2248
-1.9123,-2.5386,-6.1568
1.2637,-0.076106,4.2069
1.7815,-0.10018,-5.5399
0.55284,-0.78434,-9.021
-4.1065,0.12094,3.1935
1.217,-0.26665,-2.4803
-6.8292,2.3624,-1.8049
-2.0053,2.9944,4.6901
-1.8367,1.4259,-3.4465
-2.0379,-0.36686,-9.2669
-0.13334,0.91035,-1.3899
-0.11353,-3.077,-10.163
0.24235,-1.6232,-0.57405
-4.3322,-6.2215,3.7584
-0.086138,-2.1469,5.4997
-0.19718,-2.1116,-7.4701
-1.7345,1.0795,-4.2856
-1.6426,-0.20854,-10.678
-0.31054,0.65904,-4.3747
-0.96109,0.36392,-11.82
-1.0838,0.15451,3.2691
-4.142,-7.0571,-12.132
-2.5542,0.95389,-1.4543
-0.012177,2.8008,7.2035
2.1342,3.0612,-6.3169
2.785,2.4042,-0.7186
-2.6203,0.54321,-10.966
-2.5522,-1.608,0.87787
0.31742,4.017,-3.3948
-1.4415,6.1976,3.1901
1.2297,-1.7752,1.9132
0.4711,-1.1052,3.506
1.1874,3.0524,-2.9683
-3.0881,-4.7135,-6.201
2.9256,-0.24479,5.0006
-1.7722,0.53709,-3.0223
-3.8485,-0.28316,-17.115
-0.94573,0.66427,1.8678
-3.8186,0.18436,-0.4243
1.8637,3.3528,3.6118
1.4883,-2.5078,8.244
-2.45,-0.23756,-2.3788
0.5882,-0.031012,-0.43556
1.2303,1.3271,4.3416
0.61874,1.2873,5.5023
-0.34906,-1.9106,5.125
-4.0311,-4.0568,-3.5442
-4.2258,1.264,1.2414
-3.0408,0.25424,5.6011
-1.4353,1.195,-9.5744
0.72437,-2.9891,12.41
-1.6046,2.5173,0.12202
-0.68743,0.31517,1.8061
-2.3897,1.0937,0.62626
3.4915,-0.73053,-8.1906
2.7929,-1.0203,1.1322
0.29473,0.25591,12.722
0.32917,3.4563,14.148
-0.43072,4.247,2.7556
-0.81671,1.6544,14.047
-4.3175,0.93677,7.4853
-3.1276,3.3807,4.3166
2.202,-4.9899,-6.0496
-0.37333,2.7488,-9.126
-0.35781,-4.5151,2.6749
1.1975,-2.3876,7.1139
0.92037,-1.696,-4.955
1.3084,-0.98232,3.1696
0.65906,2.7122,1.5676
0.59649,2.8809,1.7223
1.5929,1.8522,2.4885
-0.33835,-3.0608,3.5301
-1.529,-0.72586,6.9582
-0.93124,2.0101,-4.8463
3.5108,-1.9365,13.849
1.8485,-0.40908,6.282
2.871,4.4988,2.7499
-0.50572,1.259,-3.5406
-4.4725,3.4988,5.2677
-0.16139,0.32157,-4.703
-1.5909,4.3822,10.626
-1.0152,0.28994,7.9423
1.2866,-2.4188,-2.3698
-1.408,-1.1137,-8.0506
-1.3789,-4.2259,-7.0446
1.1416,-0.40956,3.1432
1.894,0.81635,15.108
-4.9078,-1.5181,-7.5758
3.5141,2.336,3.4266
0.79284,-6.5186,0.36168
-0.1284,0.42849,-0.49448
1.9002,-0.018229,11.111
0.28992,-4.9789,2.0892
-3.4638,1.9151,-6.7158
-3.4143,-1.4123,-2.8095
-0.98832,1.1904,-3.8838
3.5515,-1.7848,0.50724
0.93808,-0.28292,3.3839
2.1953,-0.50456,1.4
-0.93908,-2.1643,0.15141
5.525,0.96278,-4.2373
0.29165,-3.3802,1.365
0.38932,-0.21501,-6.3229
-1.5572,0.12629,7.9014
-3.2881,-0.58639,-3.9719
1.5394,2.0364,-1.151
1.6095,-0.23354,0.54293
0.60043,3.7715,2.1241
-1.2218,1.5603,3.631
1.28,0.32171,7.8815
-2.6343,4.655,3.2233
1.0816,-6.6632,-7.4033
0.38253,-0.44714,-5.1821
-5.5799,0.11665,2.4691
-2.4093,0.81674,0.40526
-0.97944,1.6771,6.3841
3.3846,-1.4193,-2.7148
0.83044,2.1874,1.7791
-2.4854,-4.8943,-5.3371
0.18531,-1.9372,-7.5971
-0.65674,0.36506,0.068374
-3.4359,-0.28672,-2.8817
-0.18622,-5.1555,7.1511
-1.2408,-0.24626,1.4014
1.4747,-3.4737,-3.8231
2.7927,4.496,3.6724
0.88816,3.2068,2.7451
0.2479,-1.3289,-1.5803
0.91847,-4.2775,11.208
-1.025,2.3194,11.309
-0.16997,-5.6619,-11.394
0.47048,-2.7742,0.46602
-3.2727,-5.5925,-0.31183
-0.77963,-2.1304,-8.1224
2.4319,-0.62952,2.9805
4.096,1.0763,-5.3209
1.125,3.9803,-0.9073
-0.11071,-1.9205,0.48466
-1.0942,0.68598,5.1096
-1.898,-4.0927,-9.4384
3.3143,-3.8611,12.439
2.1135,1.6177,3.314
1.4222,3.0729,13.73
0.95569,0.96106,-4.9592
0.84839,4.0548,5.3337
0.91821,-2.0611,-0.36861
3.2816,0.12302,-2.4131
-1.0412,0.68498,2.2725
1.1849,2.4535,-7.3732
0.10094,2.4881,-3.3065
-0.72041,-0.97241,2.4653
-1.3025,0.37018,-1.1
2.0582,-0.58011,1.0627
-2.9561,-4.1978,3.7326
-1.294,-0.73504,1.1143
2.8812,-1.2255,3.8632
2.3388,-3.2173,-4.8605
-2.6978,-3.6615,4.608
-3.476,-0.62308,3.9759
0.79531,-2.0033,-10.588
-2.3873,0.56511,6.1253
-1.968,0.38917,10.42
-1.6482,1.8895,1.4295
-2.4367,-2.6301,-0.091661
-1.6009,-3.9839,-1.6034
-0.95656,0.59865,4.7528
-1.5622,-0.94612,1.6418
0.019207,-2.8868,2.1883
-3.3245,5.8041,2.307
1.7444,-2.17,6.7231
0.66395,2.5933,-2.0432
1.5494,0.64102,-9.4
0.98702,0.4475,-0.62888
2.0375,-1.4273,1.0233
1.5557,2.9336,-3.0752
0.40096,-1.9818,-13.359
-1.235,-2.6442,6.4792
-0.67203,0.75803,2.3976
-1.7277,1.3316,3.2957
1.0341,-1.7632,0.17369
-1.6983,-3.0304,-3.5117
2.7147,-1.4599,4.1698
3.7651,2.1051,-1.8267
1.3446,-0.85456,-12.39
0.38796,-0.59795,-0.57784
-1.72,1.9941,-0.17664
-1.7586,-2.4284,5.6424
1.1066,0.87297,-3.0601
2.6514,-1.6014,-2.3678
1.733,-2.0925,0.88995
0.88934,4.783,-3.1558
2.1984,2.0886,-3.6459
0.20894,0.82211,-0.09669
-0.049656,1.631,8.4872
-1.5786,2.8547,-0.63689
-1.3085,-2.055,6.3906
1.8845,0.53981,1.8128
-1.6765,1.0644,4.4187
1.1681,-1.5692,12.371
-1.5006,-1.1299,-5.7777
-0.33741,-3.5933,-0.22319
1.3003,-3.5028,6.7591
-1.6437,1.8097,-5.6639
0.082608,-2.8943,-2.2926
-3.1234,-6.7839,5.8445
-1.894,-6.2083,4.8473
-1.0344,-0.37771,6.7756
2.2584,-1.5447,-5.8475
-1.6007,1.0511,4.9231
-1.0524,-1.8306,-3.0348
0.57926,2.1667,11.732
-2.1852,2.9267,7.0409
-1.754,1.6879,9.0684
3.3718,0.057274,-6.5842
2.9886,0.91061,1.3314
1.0691,0.92806,6.4459
-0.4699,-1.6649,-3.241
1.8349,-3.439,2.2532
-1.2751,-0.93177,1.7907
-3.3073,3.0594,6.1387
0.44706,-0.055147,-1.8776
-0.71982,-4.9541,3.5489
-1.5701,2.2677,4.942
0.8555,-3.6198,3.1802
2.6482,0.77812,-8.5125
1.3239,0.39062,-6.0488
-0.27547,2.2543,-0.64746
0.47468,-3.771,0.23235
-2.4029,3.5811,-2.016
-3.0494,-1.2661,0.11856
-1.131,0.68352,-0.80904
1.0503,-3.0805,-4.5329
2.9615,0.65337,0.67974
0.0524,3.715,4.1909
1.0436,-0.16074,-1.307
-0.33493,-5.9183,5.9431
-0.28319,4.4237,-5.4582
-2.8737,1.6233,0.86489
-1.1817,-6.3146,-8.7111
3.99,-1.7521,8.5525
0.62707,0.45926,-1.5967
2.6405,3.1386,-6.0668
-3.1442,-2.5877,-0.1127
-1.996,-3.4282,-2.006
2.1841,-3.5852,-12.878
-2.4588,-0.24936,0.22067
-0.94057,0.91072,-0.57128
-1.7897,2.2854,2.5247
0.65945,4.9023,14.689
-1.4442,4.9112,2.7523
-2.3607,-0.428,-6.1103
-1.1646,-4.0912,-19.057
0.81798,-1.0331,4.3835
-1.1486,3.4733,0.39035
-0.30006,-5.5449,2.7647
0.18623,3.1488,6.0949
1.4748,-2.5853,15.756
0.87973,2.4218,-6.1125
-0.62028,5.2549,3.5376
4.4378,-1.3076,-0.74993
-0.2312,0.62691,9.7595
-2.5652,-0.24396,-8.0956
0.3849,-1.0456,-2.9426
0.46443,-2.4645,-4.5767
-0.079602,-1.0235,-8.2634
-0.22103,-1.3083,2.2339
-2.8437,4.3147,1.2383
0.81882,-3.5569,-3.2617
-1.7954,-2.5211,5.8832
-0.92951,-1.8875,1.051
-1.6974,-0.51312,2.0038
0.96433,6.8703,-3.4966
-1.4857,1.1789,-9.2151
-0.86258,0.1009,0.79995
-0.61848,-1.6974,-0.93139
-2.4171,-1.3977,-6.6442
-3.0695,0.48797,1.3893
2.151,1.1654,-4.0937
3.6743,0.77604,-3.7704
-2.6049,0.80541,-6.6145
-1.5107,1.1974,6.783
3.1629,1.7437,-6.6526
-4.4131,-2.6621,2.3653
0.84558,0.54859,4.6111
0.93398,2.6896,-4.9183
-4.2628,3.298,3.3685
-1.1243,-0.57758,-3.539
-1.018,-1.2538,-1.3504
1.3332,1.7779,-0.068227
-0.0028325,6.1686,4.7871
0.89195,3.182,-0.12346
6.2472,3.2043,11.206
-2.4221,2.6659,3.8513
1.5808,-1.7881,0.50497
1.3293,3.713,-2.0456
-2.1133,-1.0599,-2.9558
1.3137,-0.21893,-0.39765
-1.5672,-3.1358,6.8076
-0.30487,-1.1063,4.1185
-0.40486,-2.2441,2.5457
-2.4098,-1.0709,0.21158
1.0344,4.5481,8.9
0.99432,-4.1901,0.51056
1.452,-1.9699,5.6103
0.42507,0.046397,-5.0336
-1.7874,0.17781,-4.5986
-0.088182,1.0362,-1.3906
1.4746,-0.71505,3.6298
-0.62087,2.966,-7.848
-3.8742,0.97169,-0.7313
2.2185,-3.7881,-4.5966
-0.58025,-3.3913,-5.8602
1.6304,4.0978,-4.6178
3.4752,2.8426,4.8763
1.2587,0.12531,0.50718
-1.4964,2.0111,4.8985
-0.75816,-2.7284,-4.2645
1.1095,2.6886,2.8608
-0.7327,2.8949,7.7575
-1.1385,1.9713,-6.9955
2.9582,-1.7432,-0.52652
2.5818,0.79852,-1.0741
0.13972,-2.3402,7.0312
0.11935,-2.785,-2.596
-1.2625,0.49883,-0.4381
1.1257,-1.2705,4.7011
-0.28707,-2.776,-8.3487
3.3764,3.9254,4.2818
-0.71042,-0.6484,-2.429
1.4401,-1.2212,-9.958
-3.2589,0.30476,-7.9914
3.0981,3.9588,-10.71
0.42605,4.4049,-1.4104
1.3045,-4.264,-2.2577
0.37878,0.89791,-8.5777
-4.8582,2.3854,0.55093
1.5414,2.3097,10.191
3.6373,-2.1556,-1.9792
0.65845,-0.13848,2.6623
3.6085,2.8694,-10.616
-0.86537,0.46959,-6.5404
-0.37857,1.9234,2.809
0.19751,0.90108,-4.8681
-0.91382,1.8342,-6.8585
3.2884,1.9147,-4.9951
1.2515,-7.6398,3.056
3.426,1.502,-1.1333
-3.9518,-4.3331,3.4764
1.5706,0.89737,-0.041804
0.74617,1.9545,-0.48908
-2.5188,1.3975,-5.3685
-3.3904,1.6122,1.2817
0.81676,2.7686,8.4871
-0.86978,1.5808,6.0788
-2.5387,-0.10407,8.4207
1.715,2.3931,-5.823
0.19743,1.264,-8.1649
0.99442,-1.7099,3.8322
-2.3852,3.9655,3.088
-1.8921,0.94313,-3.8336
-2.8323,0.93972,-6.7779
-0.30871,2.4184,-5.775
1.2967,-0.043691,5.1217
2.1373,1.8562,3.7137
0.12151,0.20451,1.1004
-2.8159,-0.89385,3.1056
-1.1727,-1.9555,-0.48699
2.6198,2.2146,0.030574
-0.95123,0.51489,7.6059
2.3083,-1.9064,8.3675
2.4471,0.97776,12.201
1.4739,-1.758,0.051979
1.858,-0.56336,-3.9677
2.2386,-0.15847,3.4707
1.7716,2.8679,-5.0529
1.1598,-3.354,2.6735
-0.63372,-5.2249,4.5252
0.17819,2.5234,-5.4882
-0.18116,-3.1607,7.3004
-1.3647,2.1108,-0.31998
-0.71067,1.6231,10.197
0.33901,-2.4856,1.8168
-1.5781,0.29876,1.4768
2.5491,6.1672,-8.3521
-1.0446,0.68485,5.4592
1.378,-3.9177,7.7171
-2.4902,-2.6618,-3.6903
-1.6806,0.97819,1.0358
-0.75724,3.7051,17.279
2.9749,-4.7613,-0.82134
5.0468,-3.1862,0.041746
-2.61,1.6306,3.8424
-2.506,4.539,-5.8711
0.72739,-0.66574,0.56043
1.6227,-1.9808,-2.1082
2.543,-0.29353,6.19
0.12797,-0.26143,3.7143
-0.40256,1.1316,6.8098
-3.7741,1.3188,-0.9956
0.79059,4.4948,10.489
-1.5981,4.288,-1.5778
1.2103,0.79458,4.5583
3.9922,0.26803,-5.9332
-0.1959,-3.9207,10.856
0.34515,-3.4099,1.9587
-0.69597,-0.40089,8.6884
2.0801,2.0377,3.5975
0.90508,2.5045,-1.2831
-0.9377,1.1475,-3.0044
-0.90664,-5.1517,-0.032072
-3.4748,1.2386,-3.6601
-0.71607,2.3098,-1.1206
-4.06,-1.6317,0.85681
2.5759,5.9409,3.5544
-2.2401,1.3568,-0.97521
-0.53307,1.2363,0.39224
-1.6995,2.5503,9.3805
-1.4209,3.9735,3.9247
-0.91776,-0.31884,5.9854
-1.6561,0.51567,8.4843
-7.4771,-4.0298,0.13491
3.4241,1.7933,-0.57672
1.2019,0.13858,-8.1084
0.88914,-1.5756,-6.3787
1.4237,-2.4912,4.9151
-4.5789,-0.43948,4.3989
-0.3728,4.3588,0.78312
0.62938,-1.753,-5.6436
0.29646,0.50349,9.9766
-0.54393,2.7983,-1.2475
0.096195,-1.045,-1.7456
1.0447,1.0879,-0.11189
1.8366,1.5572,-12.427
-0.24935,0.69574,-4.5019
2.3257,-1.7714,1.9691
1.1985,-1.091,13.906
-0.16462,-2.1806,-9.7334
0.35943,-3.2142,2.2881
-0.57625,-2.8333,1.1998
1.9467,3.4074,9.613
3.4232,-1.6133,3.0911
1.2895,0.063982,0.19755
-0.40813,2.977,0.52373
-0.37415,-0.38558,5.055
1.3304,-1.7476,7.8434
-0.48774,0.29208,2.26
1.5702,4.798,3.1494
1.0294,-7.5516,3.9206
-3.1949,4.3171,-4.8788
1.777,0.019653,7.3045
-2.1725,-2.2684,3.3762
-1.1207,1.377,-1.5376
-1.9286,3.7064,5.8631
2.0055,6.0476,8.205
0.45147,1.4437,-6.6074
0.028393,-1.4297,-10.251
2.2076,-3.6096,5.5738
-0.049671,-3.3733,4.5192
-1.2254,-2.3338,-0.43604
1.1637,0.21928,6.1034
0.047784,-1.4321,-4.3077
-0.82199,-0.31822,4.8663
-1.4679,0.58323,5.7436
-4.0981,-1.9241,-11.249
-1.1848,-3.7707,-4.5139
3.2895,-8.8682,-2.0035
-2.6745,1.2787,3.2288
2.7394,-4.5495,6.4334
3.0947,4.1416,-2.4244
-1.8128,2.5492,-8.5569
0.72872,2.7142,0.33111
-1.4805,1.6269,-12.226
-1.708,1.1585,-1.166
-2.1133,3.4514,1.4153
-0.94373,0.38258,2.8724
6.2797,0.86687,-0.1215
-0.20036,6.3373,-1.3137
-2.2551,-0.21414,-0.9813
0.063989,1.9702,3.942
-4.2533,-1.3036,-7.7467
0.60313,-0.62721,-1.0011
-1.5747,1.0577,6.2722
-0.21798,-1.3609,15.247
-1.509,3.6136,0.059752
-0.78074,-2.3234,0.076185
-2.7856,-0.49426,-3.2576
-0.87501,1.4836,-3.8092
-0.53767,2.872,-2.7976
-0.10824,-0.87453,-1.0901
-1.2715,3.9186,6.7647
-1.0782,-0.18098,-0.88754
0.22986,-3.2219,-4.7484
2.9876,-4.2507,5.0445
-1.9572,2.8133,5.2963
1.715,1.2826,-3.1069
-2.3503,3.7416,-2.7783
1.3264,1.9606,0.52928
1.2923,1.9607,4.3104
0.41237,0.79439,-5.9019
0.14981,1.594,1.4167
-3.2604,2.0448,3.1613
-1.5385,2.21,-7.6363
-3.2127,2.2652,2.1837
-0.22807,-2.337,-4.7173
1.7996,0.57959,2.6518
-0.26708,-4.1791,4.497
1.7461,-0.51616,-7.6465
-0.13368,-2.6683,4.3655
-0.77299,1.8477,5.1357
3.8593,-0.82213,6.2877
0.40956,-1.4297,2.7666
1.3089,-0.12605,6.2313
-4.9623,-0.26669,2.7895
-5.4767,-1.0264,-4.9738
1.6354,1.3219,-0.92562
-5.0009,1.3772,-7.1575
0.58262,1.7861,3.9748
1.4133,0.80696,-0.95764
0.58244,-0.62192,6.2986
-2.0023,3.3223,6.523
-0.34532,6.7843,15.692
0.79447,-1.8487,1.8571
0.33801,-0.9274,2.1298
1.1755,4.9081,-2.2081
-0.063114,4.7057,-14.649
-2.2368,-2.2125,-4.1417
2.0405,-1.2408,1.0587
-2.2431,5.5278,-0.64509
0.89134,1.1639,0.33101
2.8905,2.0402,-1.4645
-0.72734,-4.2301,0.87338
-1.1912,-0.55545,2.2178
-0.81983,2.6598,14.208
-0.7665,0.38228,6.9299
-1.902,2.2563,8.3546
-4.8023,1.0757,-12.902
1.1031,2.7056,4.7469
-0.75855,2.2315,1.7616
-0.28337,-2.6114,-1.1878
1.7577,-0.36067,13.398
-2.0362,-3.9372,-6.5234
-3.617,3.2868,-3.2201
-1.0148,-2.609,2.2902
2.7816,-4.0327,-1.0227
3.3467,-0.51998,0.3274
-1.2669,7.3712,5.2317
-2.4517,0.84629,-3.5306
0.17773,-1.6816,-7.7132
-2.6144,1.2471,-12.963
1.6429,-2.6348,10.632
-1.7906,-1.4447,-7.9641
-2.0217,-0.28457,1.0291
1.946,5.6544,6.9332
-2.0073,-2.2319,4.5347
-2.6139,1.1418,-0.3522
-0.62383,-5.4975,3.6671
3.8972,-2.8496,5.1144
0.025478,1.6516,0.52541
-2.2049,-0.91442,-9.2306
-1.9943,3.7888,0.71267
1.3642,-0.61565,1.549
-0.40465,2.6796,8.1149
0.70463,1.5794,-0.11362
-1.1183,-0.50081,3.1713
2.5927,-3.1063,5.1154
-2.3967,3.3014,4.9838
0.89536,2.1984,0.3306
0.70999,5.7933,2.1716
-0.044343,8.071,-10.898
-0.47272,-2.2748,-11.672
2.5043,0.74223,-1.058
3.1802,-0.64233,10.031
-3.1965,-1.4161,-2.62
-1.0197,-4.4556,-7.3279
-3.6557,0.066761,-4.9761
2.3412,-0.93445,1.8587
0.11231,-6.8703,6.7513
-1.4161,-6.7038,11.79
0.12496,6.7538,-12.667
1.8619,-0.77173,-0.38806
-1.105,1.0601,-1.8771
1.6824,2.8771,-0.77538
2.7122,0.83266,-12.884
-0.22888,-1.3108,-0.77109
2.1266,-5.9282,2.1728
2.6951,1.7909,-18.406
-3.3577,-4.1186,-0.053859
1.0628,-2.518,-8.8008
0.12711,-6.2981,2.6466
-5.2212,-1.4887,4.9145
0.20924,0.66221,-3.6586
1.3947,0.72482,-5.6408
1.0401,2.4713,-7.2021
1.151,4.4385,-1.1504
-0.50513,6.8023,6.8963
1.8422,-3.8518,4.3459
1.3812,1.0795,4.9048
1.7184,-5.1709,-1.4397
-3.4892,-0.64553,-10.132
-1.9401,-4.9072,-2.4106
-1.5807,1.8088,-6.9124
1.4422,1.2959,9.8014
-1.0326,0.56239,6.6118
1.2094,-3.9716,-6.0497
0.64882,7.5616,1.285
-1.2349,1.3658,3.9211
-0.84145,0.95074,2.0097
-1.184,0.40801,3.4278
1.4034,-2.0755,4.7747
0.3628,2.1865,0.913
3.4027,6.8285,-3.4884
-4.9998,3.0092,4.6893
0.53317,-0.63016,14.659
0.72405,-2.4799,2.9506
-0.44675,-1.1583,-0.7616
1.5615,1.8655,1.8126
0.45592,3.0953,-3.2703
2.07,0.45953,3.8816
-2.0828,0.26019,5.1034
0.24807,-2.8761,-1.4817
-5.0785,1.8914,8.3744
3.4601,-0.38884,1.5596
3.3942,1.8624,6.9423
0.98102,3.6736,-12.083
0.97899,4.0832,13.113
-2.3234,-0.39898,7.3165
0.80954,2.9102,-7.5215
0.12267,2.1682,-2.7473
1.9919,-4.6152,1.4421
0.8735,8.5692,5.1174
0.79549,-2.8119,5.776
3.9193,1.1109,-9.9964
1.1266,-2.3412,-9.4386
-0.92123,2.9882,-6.4431
2.1376,-4.2513,-3.944
-3.1726,-1.7217,-0.49623
1.9018,1.4708,7.2849
-0.92652,-0.52991,-8.2428
-0.76686,3.5655,0.49994
-1.2624,-3.0591,3.2616
3.7626,2.0175,3.293
1.7999,1.0853,-6.3233
3.99,-3.1703,1.2356
-0.0086045,0.30903,-8.2665
-3.6767,-1.2199,2.837
-1.3342,-2.6846,-1.7752
0.33062,-2.4052,7.3823
-0.43919,2.6204,4.494
-1.1462,0.59177,4.8698
3.8159,3.2826,-7.2999
-3.1443,2.3091,-6.9666
-0.64865,-0.022469,-3.9606
2.4789,-4.6802,-5.5384
1.123,3.6128,-16.18
-0.53667,3.3716,-4.044
-7.4411,2.2676,-2.8348
0.78027,3.9746,-4.3167
1.4812,-3.8306,4.6962
-1.1317,2.6694,5.5053
-0.55892,0.68598,-7.618
0.12235,2.6871,3.2902
1.9507,2.5758,-1.5031
-2.5912,1.6889,2.4137
0.33987,-0.69963,-0.95552
-0.345,-2.3703,1.1252
0.58317,5.3601,14.195
-0.50817,3.8847,-0.0022815
2.5491,-3.673,-0.014589
-4.6969,1.7305,-3.0126
-2.4342,2.0103,9.2974
0.020514,-0.49133,-11.509
0.88842,-0.30863,-2.4295
0.74421,-0.43749,-1.3392
0.43361,2.3288,-1.1989
-1.5016,-0.28888,-3.2713
4.2398,1.4392,-5.0165
-0.42037,-3.6443,3.4063
-1.2005,1.8869,2.4277
-0.19989,0.32901,0.22388
5.2385,0.95203,7.3586
0.38483,-2.2297,0.14733
0.67368,-1.0528,1.3367
2.165,-0.69694,0.80872
-1.7857,2.0415,-8.5782
2.708,1.272,1.3786
1.895,3.2913,-1.1193
-1.0624,0.79706,3.7886
-2.5516,4.9496,-0.96911
-2.9746,4.6301,0.051229
0.5141,0.75364,9.7581
2.5099,0.69988,-5.5145
-1.4492,-2.4935,3.0939
2.5053,-1.3361,10.895
2.1932,1.2071,17.975
-2.082,1.3551,-4.7855
-2.9349,-4.1036,2.907
1.8244,4.0123,5.8449
0.83084,2.3875,-0.95743
-1.9763,1.316,11.405
2.0346,1.3557,-5.1301
0.91519,2.1221,8.3015
2.7173,-2.7314,2.5639
-1.9196,2.8616,2.8025
-1.3693,2.8986,-2.0276
3.2988,0.57849,2.1083
1.1254,3.3341,3.4756
-1.9848,-1.7828,-2.6539
3.3129,3.3881,-5.0536
-1.1209,-0.48033,-8.1702
3.3697,3.0154,-0.45002
1.6447,3.8088,0.86419
-4.5417,-4.7731,1.4388
0.33352,2.6921,-5.4028
0.51054,-3.9383,-11.465
0.35507,-4.7514,-0.29265
1.9609,1.6024,-12.322
0.95666,-0.49017,-2.9208
3.2875,-4.6792,3.573
1.1852,0.31365,7.2889
0.30243,-5.6434,-3.5762
-0.50966,3.7972,-16.986
0.12259,3.1524,1.9744
0.86856,-4.6583,8.5111
-4.4697,3.4994,7.4277
-0.30088,5.0692,-1.5081
0.58539,4.8914,1.9669
-0.23827,-0.28124,1.6757
-1.6314,-1.3624,6.9255
-2.9347,1.0014,-6.3882
-1.1732,0.32431,5.8882
-0.86914,-0.67179,7.8502
-2.2411,2.9072,-2.425
-0.56942,2.3653,-0.32285
-0.18971,-0.41135,-10.624
1.2016,-1.1471,-5.025
-1.132,0.24767,-2.0186
-3.555,0.29515,-7.6987
3.2399,-3.3596,-4.309
1.3476,6.3773,3.8001
0.59938,3.2287,-0.68119
0.99508,-0.50341,10.274
0.42906,-0.15981,8.5522
3.137,-0.78503,-0.048095
1.3165,-5.0641,9.121
0.75662,0.92569,6.746
1.6707,1.5428,-0.86631
-1.228,-1.1044,-9.7531
2.2793,-3.7861,2.1688
-0.1912,-0.83383,0.97431
-0.31224,-2.2893,-0.90155
0.96981,0.47548,2.4361
0.79169,1.0574,-3.7315
1.1835,5.285,5.764
-1.0079,-0.32886,-0.8129
1.4067,-3.0079,2.0242
-0.43739,4.5078,1.1877
2.5175,-2.5414,3.7967
1.4433,-2.3095,5.5163
-1.2805,-4.1096,-6.1218
0.37283,1.0968,10.574
-0.18602,1.991,3.4321
-0.36264,1.9642,-15.593
-3.4826,-3.6814,-5.2262
0.34848,2.0009,0.38114
0.7864,0.86481,2.3007
-2.9226,-9.0065,7.5131
-4.9474,1.7519,-8.0276
2.0402,0.80012,-2.9519
3.0868,-0.42779,-1.6188
1.0746,1.4816,4.3205
3.9913,1.9771,4.039
0.46668,-6.0305,6.4986
3.0043,-5.59,2.966
-2.3496,-0.021736,2.1403
2.2554,-1.117,-0.69331
-2.6541,-5.6016,-0.66823
3.3172,3.1133,-1.6241
1.2895,-3.28,-4.3424
-2.22,-5.688,-0.78098
0.19668,2.6551,3.8182
3.2141,-1.7127,-1.3148
-1.5852,-5.3285,4.627
-4.1955,-5.1047,8.2269
1.1222,2.5013,0.54016
1.7161,-3.4027,-1.7405
-2.3468,-0.049893,-6.7917
2.0018,-0.24231,-5.9185
1.3795,5.2394,2.2745
0.23858,5.2313,-5.7103
-2.7543,3.0141,-0.25976
-1.004,-2.2995,4.7479
-1.2628,-2.0706,3.4748
0.9651,-2.3581,-0.86845
-1.9086,2.7932,6.296
-3.5794,-0.047785,-6.644
-0.79141,1.2782,-0.26996
3.3644,-2.9132,-15.498
1.8719,2.5998,-4.9124
-1.7719,-3.1037,0.79435
2.2261,-0.89782,-3.1629
2.6446,1.4358,-2.0771
0.02278,-2.9136,-3.0732
-0.29124,1.0579,-1.8904
-1.5092,2.3846,-3.8996
-2.2524,1.6988,-1.03
0.49517,-0.16746,5.6158
-1.5947,-6.3221,9.633
1.017,0.15971,8.925
-1.627,-0.18946,-3.4251
-0.29204,0.90309,3.0183
-4.6942,2.3064,1.9504
4.5871,-1.9859,-5.8492
-0.55119,1.1819,13.8
0.65031,0.085341,2.6221
-1.7413,2.2381,-0.72914
-3.0555,4.7276,14.133
-2.5158,2.2628,-1.696
-2.525,-1.2256,-10.989
-0.64649,-2.2171,6.7613
-3.841,2.1616,5.1132
-0.97625,-0.075094,7.0612
2.4619,-0.88636,-3.8795
1.0084,0.16096,11.126
0.2777,-4.0534,-4.2814
0.85582,2.1237,4.1083
1.5438,1.5209,-4.5904
0.017997,1.0778,-1.492
1.6637,-1.9962,-8.3071
1.5935,3.3035,5.9604
0.38588,2.775,9.3359
-2.1374,-1.7686,0.42129
-1.558,5.3998,5.042
-1.4959,2.3637,0.91257
-1.8593,6.2894,-1.083
-0.59134,-5.1188,1.8973
0.22558,-1.1973,-2.841
2.0721,-0.53162,-0.65502
1.8213,4.7035,-4.1729
-1.197,2.468,-14.759
-1.077,2.558,-0.65111
2.9229,4.7438,4.1283
-0.24208,-0.17729,-4.4239
-0.32009,-3.4064,5.4642
0.64324,3.1482,-4.0826
1.0507,-0.94307,5.5849
3.1197,1.9842,-6.1581
0.24251,-3.3521,4.0669
1.9186,-0.69964,-0.070185
0.04462,1.3996,1.5629
0.12947,-0.84993,6.9205
0.098057,0.99799,3.6609
-0.62456,-2.8875,6.1099
-1.3102,0.18298,7.316
-4.1069,-0.28777,-5.889
-0.05018,-3.7985,3.1782
-0.021325,0.69521,-9.3012
-0.20788,-3.1087,-2.4016
-0.066902,2.0565,5.5316
-2.6006,0.092491,-5.6273
4.3154,-0.45828,0.24676
-3.3225,1.2617,-1.7752
3.0689,-0.27577,1.8368
1.3504,6.8501,-2.1401
0.03674,3.669,6.6672
0.88988,-0.035144,-2.3485
0.87559,-1.0597,13.628
0.10156,3.3284,1.7491
1.8093,1.9114,-3.7395
2.0075,0.79232,-2.4427
-1.1475,0.094062,1.799
-3.9777,3.7093,1.9849
-0.85224,-4.5208,7.2923
2.1728,-1.5536,9.0726
3.475,-2.8848,-0.45397
0.25669,-0.60095,9.5683
0.61976,1.5817,2.5792
-1.9841,-3.3813,-3.2079
1.353,4.5681,0.64101
0.45127,-1.3163,4.1999
0.61533,-5.5898,-3.7264
-0.40313,1.6808,0.28521
3.0372,-4.3584,7.1299
-2.189,0.38484,1.761
-3.552,-0.52611,5.8802
4.1106,1.6347,8.522
-0.35019,0.69872,3.7496
1.0062,-0.22268,-1.8881
0.69692,-3.8893,10.283
0.78685,-7.2033,2.9406
-1.8169,-1.5219,6.3115
3.2509,-5.6338,7.1767
-2.3575,1.6881,-6.5289
-2.1802,-4.4113,2.9841
3.1876,-5.7415,7.8285
1.4721,-1.8704,-0.10059
2.0414,4.3445,-0.22023
1.9954,0.81608,-13.916
-3.5381,2.6856,-1.7053
1.1771,-1.0008,-5.6376
1.26,0.12656,3.6109
1.2393,0.77981,8.885
3.8023,-4.3129,-3.9803
-4.9759,3.1699,-1.9453
2.4031,-3.7429,-0.23238
0.55278,-0.038536,6.1429
1.7682,-3.9083,-1.7928
-3.9427,0.62018,2.7244
0.35198,-1.1846,8.5287
1.8938,-0.041782,12.47
-1.6009,2.3391,2.8965
-2.8472,-2.5755,-4.8962
-1.4856,-2.6142,-14.491
0.81191,1.4884,3.2946
-2.3592,-2.4872,1.97
-5.4214,3.0378,-0.58448
-0.026598,3.973,3.8309
1.5882,3.4076,-0.3491
-0.91205,-2.9958,2.3883
2.4714,-2.9809,-6.1253
-0.34739,-0.67357,1.3543
-0.29266,-0.11402,-3.6958
-0.51618,1.6474,1.4069
0.8119,-0.10711,0.91661
1.7366,-1.901,4.5722
-1.8179,-4.6066,-1.9729
1.8945,0.26266,-0.21964
0.87693,4.4227,-3.2668
1.1663,1.2824,-6.4834
3.4035,5.3596,-2.678
3.1216,-1.5582,3.7283
0.10232,-3.7547,0.26912
-0.77077,1.932,-0.071785
0.59905,5.6278,14.726
-0.93812,4.5332,5.4943
-1.5002,-2.0392,-6.4646
0.0066675,-2.6574,-2.177
0.26727,-2.74,15.564
3.388,1.4352,-7.7959
1.1126,-4.1166,0.37561
0.49744,0.47264,5.0246
-1.3439,4.7997,10.247
-1.6292,2.1615,1.6162
1.6255,-0.031039,-0.13169
2.0557,0.93856,-3.5842
1.7025,0.58427,1.2388
-1.4159,-0.12586,-3.913
1.295,2.1813,-0.51277
-0.83976,4.2973,5.9399
-2.8306,3.1205,9.0845
0.79727,1.7892,15.016
1.2707,-4.6646,6.7846
2.6302,3.1095,-5.3601
0.58586,0.1095,-1.7173
-1.4689,3.3941,-6.4697
-0.05383,-4.0656,5.2278
-2.5927,1.082,-3.8878
0.54134,-0.16694,-2.5572
-0.054849,2.6776,7.1712
-2.481,-4.6164,10.57
3.4075,3.9304,-9.1822
3.197,-2.144,-3.0054
2.5993,1.8978,-3.3437
0.58373,1.4216,8.8293
1.4687,3.2299,10.106
-0.27473,-3.9439,-0.4827
-0.2574,-1.198,-3.0979
-0.40286,1.9393,3.3214
0.38762,-0.69954,-7.7381
-0.41631,0.87828,-0.7972
4.8977,0.39404,-1.7252
-1.7418,-1.9072,4.5794
1.1445,0.17319,-0.28771
-1.3965,0.006485,-1.4819
3.1216,-1.2016,1.9167
1.4245,-1.2243,-1.0847
1.0823,-2.3556,5.5905
-0.036785,-3.934,5.2015
1.6796,1.4794,0.95109
-0.48862,-1.6292,7.9145
3.0253,2.2152,-1.1338
-3.3328,2.3883,-6.9588
-1.4651,-1.0277,-4.37
-1.7945,2.153,-4.3026
-0.57778,-7.1664,-17.57
2.5784,3.3072,-3.8716
0.7343,0.62338,6.3256
-0.023581,-4.3101,4.23
-2.8059,-1.8263,6.752
-0.67638,0.17289,12.53
-2.3258,3.3413,4.9731
1.8017,-3.5305,2.706
3.0316,-0.90817,-3.7633
-0.69593,-0.76106,7.96
1.3336,-0.5344,-2.8183
0.38851,-0.78237,11.888
2.4673,-0.40351,-0.18658
-5.6012,-0.082988,13.42
-5.2403,1.7678,2.6418
-0.91484,-1.1251,7.5772
0.7351,0.34417,1.5572
2.3846,-3.3841,-2.9638
-0.78715,3.5894,-0.30978
0.13538,-1.037,-6.4758
-2.9708,2.4147,-0.39803
2.7003,3.8663,8.0228
3.0969,-4.0075,-7.3978
-3.1526,-5.3727,2.9407
1.0754,-2.6767,-4.5487
1.7919,2.0987,2.7261
2.9646,1.5795,1.2921
-4.9723,-1.5971,5.604
-0.19065,-2.8048,1.7631
2.4918,-0.22021,11.907
-0.80907,2.0303,-2.8704
-1.0001,0.34758,0.83637
1.3487,2.8626,4.3496
2.0573,-1.372,6.2804
0.56781,3.372,-8.106
-0.97314,-1.8399,-12.301
0.31557,0.28391,-7.4818
-1.848,3.4374,-4.0087
-1.0951,2.1518,-10.147
2.391,-4.0067,7.1674
-1.2804,-1.549,-10.103
3.0497,-3.7892,1.3727
0.63118,-0.23569,1.1952
-0.87709,0.41424,1.5001
-1.2782,4.5274,3.5278
0.0020195,1.7687,-9.6215
-6.4288,-1.7623,2.8948
-1.0512,-1.4937,-4.121
-0.75657,-5.1302,5.0611
0.6484,-0.39184,-10.348
-0.70154,5.9613,4.1154
1.9717,-2.5041,-3.9828
-2.9929,1.8266,-8.8906
1.1617,1.2822,1.5425
0.22712,-0.063145,2.1555
0.52098,-0.096991,-2.4208
0.15411,-6.0971,3.5229
1.6059,-0.44933,8.9752
0.79265,-0.064605,-8.2686
-0.10558,1.7601,-1.4769
0.49248,2.5739,-1.4764
-1.8102,1.2945,-2.6351
1.8592,-2.9762,7.2115
0.93048,-2.5727,-1.8188
0.41007,2.5163,-1.1802
1.7311,-1.1144,2.0187
3.1675,-2.0912,8.1637
0.30117,1.0531,13.341
-2.7022,0.5464,1.5061
-0.65007,-3.4993,-1.6821
-0.73145,-3.1409,-4.767
-3.2028,2.8385,11.975
0.32024,1.5723,-12.507
2.0361,0.71375,1.5972
-1.1254,4.001,1.8943
-0.53799,-1.6488,-5.7795
-1,0.80677,-1.2109
-0.26831,-4.4593,6.144
-2.0992,-0.88366,5.2524
0.80609,2.3488,-10.495
-4.4447,0.54497,2.3014
3.5482,3.1875,4.9597
0.8799,4.1788,5.4812
3.1262,3.1082,4.5569
2.6261,1.6182,-11.401
-1.3412,-2.4054,-2.7945
0.43555,2.4345,2.1057
-2.3072,-2.6122,4.3145
-4.2373,-4.8041,-6.9066
1.7149,-0.97466,-1.103
3.4197,6.4553,-2.2091
0.41958,-3.6678,9.0887
0.029275,-2.3206,3.4885
0.84236,-4.478,0.88353
-1.1068,3.7937,3.9526
3.3652,-5.7668,2.1336
0.038463,4.5384,0.45934
0.62493,0.20754,-5.6337
-0.44776,1.5052,13.656
1.6793,3.4056,-2.7508
0.56564,2.2903,5.1487
-0.54285,2.2979,-1.3901
0.66029,6.9035,0.58043
-0.9179,-0.22542,2.0809
-0.37293,-0.50265,0.4767
-2.2787,0.51014,-1.6899
-0.2694,0.13802,-8.4778
-2.9363,-2.1403,3.644
1.0812,2.5032,-1.7308
3.1357,-3.2618,4.4472
-0.53971,3.8122,7.2407
-3.347,-2.3045,-0.51132
0.48679,4.7275,-3.7247
1.0735,1.7594,-0.86918
2.1436,2.7392,-5.825
-1.8157,4.4536,-5.9071
-0.37475,-4.0793,6.5289
-1.3646,0.1571,-10.259
-1.5108,3.0399,0.52318
-0.6445,1.5434,-0.60506
-2.5589,2.0035,7.7922
-4.3521,-0.080875,-6.4698
0.13051,-1.3447,-7.7779
-0.3922,4.3756,6.1582
4.0424,0.62159,-3.8554
2.4568,5.4249,2.441
0.78062,-3.3468,-7.9967
-0.53652,0.38121,-0.17136
-0.68847,1.0316,8.1456
-2.7677,-1.9006,6.7925
-0.82,-2.7804,-3.2583
-2.2754,-0.51786,-1.6772
-0.0093305,-2.0971,-6.1959
0.63872,2.9698,2.3694
-0.15534,-3.1887,-6.2571
0.44019,-0.1697,4.792
1.5353,-2.4428,8.7913
0.32379,-3.7427,4.8327
-1.9044,-0.62149,4.1399
2.4606,-0.54216,3.2275
1.0796,-2.0315,10.677
-4.1658,1.6475,4.0236
0.35503,-4.0257,-3.8562
-2.0063,-0.87481,1.7075
0.12958,1.5018,5.7308
3.3859,-3.4704,-7.5532
-3.4674,0.90702,10.067
-1.8282,-0.48161,4.5814
-0.96429,1.2602,1.8434
-0.30644,1.0177,-13.116
-3.4034,3.1606,13.2
-1.1223,-3.9196,2.4585
-1.2518,0.055704,-1.9034
1.515,2.4525,-9.0201
3.1124,0.61219,0.9715
5.2952,-0.42951,-3.1647
0.45209,0.64896,10.309
1.2554,1.4118,0.51204
-0.9544,-4.1882,1.574
-0.16599,0.62353,6.2583
-3.1145,3.0474,7.2691
-4.287,-2.5707,0.3732
1.2264,-3.0006,-4.9459
0.25416,-1.1683,-1.2087
1.4921,0.025305,12.008
-2.563,2.4185,-3.1598
-1.0396,-3.7352,11.746
-1.0187,0.29979,0.86391
-2.4433,3.6231,1.8614
0.23926,3.0389,-9.8101
1.4782,1.4757,3.633
0.15318,-1.7448,2.1872
2.0645,-1.2626,-8.7688
-2.3458,1.5794,-12.168
-1.3025,5.5732,0.78269
-0.24531,2.2788,3.4608
-2.2721,-1.7083,0.65715
1.6692,5.862,0.93928
-2.2697,0.93635,2.5172
-5.3743,1.3494,-0.59057
3.0384,-3.3303,-5.6635
1.0078,-0.45661,3.0998
2.1836,-0.72628,-4.1889
-3.9365,4.3469,0.67739
3.8831,3.9381,-10.612
-0.41334,-1.7265,1.6581
2.6314,-0.14982,-0.06655
-1.6524,0.62506,-3.7626
0.86313,2.9711,3.5602
-1.59,-0.095295,2.5182
-4.0856,1.6849,5.4546
-4.37,-7.1395,0.43553
0.37115,5.9509,12.982
1.3815,0.81215,-10.016
-1.066,-2.3314,3.7897
-0.38635,0.27714,1.4191
-1.5361,-0.99161,-2.3228
0.10117,-1.8117,1.3901
0.83407,3.8449,-0.44836
0.38933,3.1986,-5.2024
-0.37408,6.1867,8.8425
0.68207,4.3693,17.736
-0.81082,2.4966,3.3742
-0.068961,-3.395,-7.537
-1.3055,4.8877,9.7732
-0.85941,-2.4911,5.2213
-1.3916,0.16588,5.1967
-0.24526,3.9134,-4.0491
0.95777,-1.086,-6.2706
0.37808,-1.1836,3.7431
1.1179,0.633,2.5649
1.1464,3.5201,11.52
1.641,-1.3815,4.4455
-0.87901,5.7745,1.7178
1.0512,-2.1289,-1.1782
-5.2794,2.1931,-0.73898
0.19716,-0.40733,-2.8717
-1.0096,-3.94,-3.513
-3.416,2.2474,5.0871
0.27242,-0.27319,4.2603
-0.72886,0.087165,1.6665
-1.6653,1.6287,3.6507
0.7016,3.3073,6.8666
0.59483,4.2611,-0.3926
-0.93566,-1.7839,-13.238
-2.2663,-0.37784,4.5704
1.1582,-0.11494,-5.1512
1.3121,1.4241,5.2886
-1.2889,3.7733,7.841
0.62926,-5.8176,-1.8638
-1.783,-2.6461,4.7124
2.1543,-4.69,-12.978
2.0351,5.6954,-2.7944
3.624,-0.54249,5.0051
-1.0796,1.0588,12.88
-0.61625,3.0012,5.4116
0.42334,-0.65223,2.0679
0.21102,-1.7118,4.753
-3.0081,1.6884,-2.3074
-3.4802,1.7857,2.8172
1.2013,-1.3697,3.495
-1.5617,-1.1118,-0.021914
-0.036333,3.5173,2.6161
1.4918,-2.4973,-3.5921
0.53192,1.9087,2.7833
0.36874,1.628,-6.2397
0.6463,-0.61997,-5.0443
-3.3088,-2.1808,-5.4768
-2.5402,3.3703,4.812
1.1099,1.8091,-9.866
-0.3333,-1.3123,-3.6638
-1.7058,0.34298,14.286
-0.66243,-2.6159,7.7388
1.8289,-2.7205,4.7253
0.77548,0.35527,-3.4551
-0.66684,-0.70993,-1.0329
1.4043,1.0206,-6.4705
0.049882,-2.2086,8.8506
-1.0016,2.7346,2.9545
-2.8076,2.3183,3.9041
-0.63854,5.4206,-6.4196
1.4576,-2.5874,6.7028
-1.2237,0.62485,-3.4298
-1.336,0.31206,-8.3169
1.9604,-0.52698,1.8077
3.346,-0.11962,7.5488
0.45545,2.0122,-4.369
-1.6719,-0.80434,3.2184
1.5321,-1.8101,-2.4632
-0.19131,2.9466,5.1812
1.7001,0.33854,-9.2607
-1.5748,-0.82675,-1.3657
3.8506,2.7905,-1.6684
2.9248,-0.49269,8.5149
3.8405,1.2365,-4.7484
0.0708,-2.0579,-3.3484
-3.7111,4.733,-10.134
1.114,4.0064,-0.83011
-2.4429,-3.3503,-1.3993
-1.6193,1.4652,2.4403
0.35314,2.4497,8.5531
3.7193,4.9743,6.7652
-0.5054,3.9744,3.2711
-1.575,4.348,1.9677
0.26067,-4.0206,-2.8334
0.2343,-5.1621,8.1919
-1.1396,6.1682,5.4053
-2.9462,-1.3422,-3.141
-1.264,-0.98904,-0.25834
-0.14714,-2.8621,-5.1403
-3.5245,3.9988,-2.1121
4.1302,-2.8892,1.8135
1.0748,-0.63457,2.3508
0.80109,-3.7985,1.6148
-0.15265,0.65742,-2.8911
3.9718,-2.9886,5.5302
0.93476,-1.5968,2.7429
2.1567,2.8842,-5.3537
0.67744,-1.735,-6.7654
-0.48255,0.03503,1.5422
2.5867,-2.0185,-10.115
2.2497,-0.73485,-4.0336
-1.2364,-0.56588,2.4597
-1.0967,-0.67181,-5.0856
-1.6961,-3.045,-6.5235
-2.0635,2.8265,-0.40385
-0.2187,0.83619,-0.53851
0.04474,1.7689,-0.25056
-2.996,3.7791,8.7541
-1.6569,2.2017,-9.1489
-0.15922,4.9521,-3.7325
2.126,-3.6743,8.9825
-1.3063,1.4947,11.255
-1.7854,4.3128,-1.1107
-3.1234,-5.1978,-5.352
4.1168,1.3064,-0.35834
-2.1486,-3.6225,0.18648
-2.4735,-0.62349,0.93022
-2.5811,0.67753,-2.1638
2.0984,-2.4697,3.6186
1.2051,3.2163,8.5053
-3.4325,3.4107,2.7727
-3.0444,0.53048,2.1727
-1.5557,1.2425,0.12175
0.78014,4.5414,-10.53
-0.80415,-3.0303,1.4514
-1.7674,-1.6847,-0.37611
-0.61164,0.85267,-0.97364
1.4168,3.1889,2.9103
-0.7754,1.2686,-3.3886
1.7472,-0.1128,2.0459
-2.6632,-0.00052829,-2.3222
-0.10237,4.3313,4.9994
-0.54845,-2.4647,-2.8207
-2.2128,-2.0996,-6.9455
-1.9289,-5.4401,8.3926
0.76565,-3.5555,1.0541
0.12275,1.2859,5.5694
0.27559,5.652,5.6111
2.7737,0.42159,-2.4294
2.2615,0.10536,-9.0251
3.0927,-0.41337,-10.029
-0.45665,2.4465,-8.7509
0.93988,0.35456,-5.0515
-0.04484,-0.99824,6.9428
0.56358,-0.070287,7.5803
2.2574,-2.8906,15.825
-0.55184,2.8324,-6.009
-0.046109,-0.74683,1.4799
-2.7308,-0.87286,5.354
-0.54639,-0.2812,-0.040244
2.9278,-0.030193,0.70052
-1.2339,2.1829,6.2851
-0.88292,-1.8297,-7.9643
-1.2948,-3.3182,5.5119
-0.77974,0.71388,-3.3584
-2.9217,-1.9371,-4.0217
-2.9793,2.1288,5.1151
-2.283,2.1083,0.55313
-0.49158,-5.0392,3.6964
0.78184,-0.34489,0.94115
1.9647,1.5206,-6.3993
-2.2243,-0.014625,-6.5464
-2.8284,0.30507,1.3171
-1.616,1.4503,2.5268
2.1314,-3.0148,0.10003
1.8918,0.27574,5.6547
3.15,2.7101,-3.9936
2.5225,3.2019,8.6653
-0.25662,4.9976,2.7566
0.78139,1.9574,4.3092
0.90944,-2.6669,3.2098e-05
3.337,-1.6557,-2.5238
1.7938,-0.011701,4.5252
-0.21367,-0.604,-9.3915
1.1253,0.33553,1.6445
0.22891,-2.2,1.374
0.24319,-1.8327,-2.8384
2.1679,0.21072,-6.0203
-2.0633,0.30728,-1.9688
-1.0193,2.828,1.6525
-1.4923,0.91526,5.8725
-2.4895,0.39994,15.797
0.93539,-1.2186,11.562
-0.81318,-2.8327,-4.8918
-0.15243,4.2675,4.0051
0.088074,-3.7024,3.9228
-0.067478,-1.7613,-15.367
-0.68202,-0.14553,-9.1524
0.73496,-0.39524,-0.80838
0.98072,-4.5732,-3.6807
0.7983,2.0545,-14.266
0.94272,-1.6539,-1.6881
-3.493,3.1016,0.5709
3.2454,3.1259,7.8898
-1.5936,-0.93482,2.1871
-0.69438,2.9239,-1.1977
-3.9091,0.023346,-2.6341
-0.9412,1.2202,-0.37385
-1.9965,1.5766,3.0818
-4.4776,-0.94342,5.4196
-0.4128,0.68855,-0.14326
0.37086,-0.54457,-5.3797
-3.5748,0.9187,-2.0064
-1.8851,3.8179,12.04
3.6976,1.9324,2.329
2.8306,0.51691,-0.88417
1.1052,2.6523,-0.73505
-2.7961,0.91009,9.3437
0.52222,2.1349,-3.4385
2.7527,-1.3274,-3.2611
1.0982,-0.56813,6.2115
-0.37125,2.463,1.3752
0.086988,-4.2425,1.4742
-3.5207,-0.080372,-12.727
1.7521,1.5116,-2.2131
-0.74628,0.57881,-2.5799
3.4711,-1.8669,1.8618
-1.0374,-0.86442,2.1853
-2.0596,1.3097,-3.4938
3.0326,-1.6344,2.7491
3.1823,1.9687,6.2887
-0.088975,-3.0256,-7.1279
2.5073,-1.9021,-0.89159
0.15357,-2.2967,5.8771
-0.44155,1.6158,3.5583
0.75374,-3.3426,-5.3656
-1.2047,-1.1039,-8.3079
0.36645,3.8001,1.4519
-0.45239,1.608,3.7303
-0.32322,-1.0653,-2.1614
-1.3716,-3.2921,-7.2932
3.5185,2.9322,1.2406
-1.9107,-4.5426,-6.0508
0.088359,1.9419,-4.4374
2.524,0.65064,-0.89657
-0.48597,-0.20181,-10.668
0.17054,-1.7008,-8.2905
1.6247,7.6812,8.549
3.2435,-0.23241,-2.7229
0.19268,-1.9592,-6.5795
-2.3448,-0.30275,2.2234
0.48082,-3.2693,-6.8598
-1.2501,-10.481,7.4508
-0.3073,0.38185,7.6916
2.6305,0.32232,-4.171
0.63684,-2.2984,12.906
-1.912,-4.8988,2.6676
-1.1044,-0.2654,-5.525
2.4847,5.3651,-0.68117
-1.6092,5.5606,4.1849
0.12094,-3.5292,-7.6746
1.7994,-0.39139,-7.3325
-2.7416,7.7458,8.7494
-0.35812,4.7199,6.264
0.33691,1.8604,3.0903
-3.1014,-2.5113,2.5222
-3.04,2.8558,0.92778
4.742,-1.1519,-5.7584
2.3278,0.019796,5.1374
-3.6499,2.9731,-11.864
-0.54069,1.8802,-0.25411
-0.1458,0.22998,-13.682
-1.4869,2.534,8.2999
3.8153,-0.64656,-3.552
-1.9548,-0.88255,2.2388
2.0253,-0.71089,7.1795
-4.4061,-2.0469,9.0818
0.54207,-4.1642,10.379
3.9072,1.5549,3.0416
1.4002,4.204,-5.429
-0.907,1.4349,-2.9441
3.0748,2.4065,4.7497
1.4105,-0.10459,-6.7147
-1.3873,-1.8985,1.0139
-2.5711,0.59583,12.043
1.6411,-5.7132,0.28825
1.783,4.5877,7.7377
0.26039,2.7073,2.9035
0.50653,-0.80463,-2.7049
-1.5599,0.46211,0.008225
2.0342,2.8203,-3.4549
-1.12,5.249,0.55799
0.88098,3.5469,-1.986
-3.2668,-6.441,-2.3588
0.54853,3.3481,-3.1926
-2.2558,2.9569,-10.701
-1.4506,0.39812,4.5573
0.4058,-0.042741,0.17316
2.5783,3.6204,-3.111
1.3266,-1.7299,-5.5078
3.0886,-0.85182,-0.62081
-3.9181,2.3968,1.0225
-0.803,-0.91681,-5.2835
1.2067,-3.1426,12.705
-3.6457,3.5652,-3.7698
-2.7145,-0.74515,-13.388
4.4436,3.4972,-3.6068
-1.282,-0.61049,-0.81844
-1.0964,2.7828,-1.5763
1.342,1.139,-3.4019
-1.0562,-0.8792,-4.6749
-1.0382,-10.067,3.3072
-0.99976,-2.2291,-13.151
-2.6102,-4.1049,6.108
4.3073,3.3328,1.1107
-1.0363,-2.6835,0.034429
0.51132,0.62644,9.987
-0.042279,-7.2996,-8.2639
-0.57019,0.084697,0.59224
-5.486,-6.0091,-9.7716
0.5492,-0.83647,-0.89143
2.3025,-5.7516,-11.027
2.1259,1.9092,-1.8041
1.3359,-1.139,3.3433
-2.238,-3.2656,12.955
3.0894,-0.1,-6.7753
0.3142,2.2139,-3.1762
2.0365,1.4134,-3.7661
0.65484,-1.8313,5.993
2.0041,1.5144,-7.1993
2.4266,-1.1972,3.1352
0.29193,1.3855,2.6749
-0.2467,-1.4579,3.7463
2.8334,0.80072,-11.068
0.67898,-0.50243,-9.3817
0.43479,-4.005,-7.77
2.2648,-0.1005,4.3
-1.611,-0.95116,4.083
-2.326,-1.7239,4.6178
-0.40878,-1.3842,-5.8236
2.3814,1.4199,6.9634
0.58174,2.0515,-5.37
-0.6539,1.6499,-3.5681
-2.235,5.2372,9.2398
-3.2615,1.9791,-1.7614
0.81129,-3.0997,-0.94245
-1.2795,2.1254,2.3671
-1.5534,0.86407,-3.2736
1.2386,1.6292,-8.4099
0.46611,0.26454,-2.9268
1.4985,4.3059,-7.5725
-3.5909,-1.3556,-1.775
2.0021,-1.9951,-4.6418
-0.33667,0.40312,-10.033
-0.94546,-5.3479,12.014
-1.7228,-4.6844,0.72627
1.535,5.0995,-6.1957
-0.52714,2.633,6.8594
0.87274,-2.9651,7.7801
2.6697,-0.33938,7.1028
-0.93196,1.3084,11.804
1.517,0.81439,2.5301
0.47528,0.60715,-4.7435
-1.4956,-3.1491,8.2983
-1.3151,2.4292,-6.1783
-0.3665,0.69217,-2.5983
0.4259,-1.0581,3.9627
4.7839,0.62223,-3.6486
-1.4471,-3.2869,-9.8011
0.95104,2.9204,-8.9849
-0.18809,5.515,7.1562
4.4625,2.041,1.7023
3.8837,4.6434,-5.1375
3.005,0.21853,-7.2165
0.20203,-6.2968,-3.4702
-3.0764,1.7018,-6.0438
2.8751,7.2919,-3.3657
3.2602,2.0856,-9.626
0.10114,1.2651,-4.7029
-3.822,-2.9757,-3.3493
-0.72965,-0.85415,10.362
-1.2087,-1.407,-2.1281
-0.37172,-2.545,-9.6885
1.3196,-3.4318,-1.1444
0.16944,-0.47951,7.4161
-0.70064,-1.534,-6.4604
2.1371,2.9716,-0.83244
-0.80825,-1.0909,-0.6811
-0.65555,-3.604,6.4339
-2.4634,-0.99716,-5.6182
-2.2964,1.4518,-2.3788
-0.78342,-2.2995,-2.6753
0.6512,-8.4537,7.6179
0.38581,-0.30811,1.5804
-2.5607,-7.3932,-0.57198
-0.16357,-1.6085,-3.3748
-0.1045,3.8222,-9.6409
1.2667,1.3222,-4.4375
-3.6864,-3.5159,-0.97929
0.97373,1.2556,7.3254
1.154,-2.9958,-2.1545
-1.3219,-0.52975,4.6443
-0.89789,2.6442,0.17756
1.4929,-0.9678,-6.6236
-3.216,0.016532,-10.422
-0.36482,0.57544,-3.0949
0.58971,-3.6112,1.9942
-0.22288,-1.4255,-3.9984
-2.8319,-2.3711,3.9184
0.26705,0.78034,-2.0469
-3.1794,-2.5548,1.8476
0.60314,-3.8042,-1.7098
0.18208,4.4636,6.4519
0.161,-0.86971,-6.485
2.4046,0.47478,7.5575
1.9419,-2.1244,-9.4596
-1.1031,-0.6278,-1.5727
0.73073,-1.1929,-3.0036
0.80467,-1.3086,-5.4648
-1.883,7.1082,-6.6631
-4.6696,-2.8149,-4.1763
-0.90888,-3.0205,13.05
-3.0557,3.5636,-5.7325
3.2792,-1.2634,7.8589
1.5985,-2.3405,6.6008
2.4532,-5.6025,-1.9071
2.3145,1.6278,2.1593
0.40008,0.73485,-0.54069
3.4656,-1.6426,3.0209
-0.14994,-1.8252,-2.8027
2.7854,1.4152,-4.1318
-2.0867,-0.035547,-2.4438
2.9078,-5.8937,-6.4293
4.9206,5.0049,-2.0598
-3.8401,-0.24364,4.88
3.5863,-4.255,-5.1988
1.0848,0.030628,-1.6728
0.17266,0.026396,-4.3948
0.8475,0.48692,-8.6464
0.73413,1.7404,17.144
-1.6098,-5.909,12.717
2.6881,2.1568,2.6976
-1.046,-0.27826,6.6937
3.5232,-4.5068,-1.9506
3.8524,-0.49868,-2.0231
0.098142,-1.3581,-5.2485
1.7949,-0.16381,5.264
-1.8665,-1.799,6.8963
-0.54699,4.2508,-3.899
0.12508,2.3398,2.7743
2.8427,0.40383,0.81094
-3.1267,-3.8978,10.827
-0.68605,-6.7011,-0.65834
-0.17221,-1.999,3.7405
1.4932,-3.5753,-2.6391
0.38479,-1.0024,8.1477
-0.47014,2.3832,2.1145
2.4349,-1.9262,-3.8185
-1.3651,-0.79784,9.0752
1.2134,3.3687,-6.6923
0.66523,3.407,-4.2432
0.36602,0.044317,-13.302
-2.4775,-0.20279,5.5854
0.8705,-3.1455,3.6156
-1.4245,0.67663,16.145
1.3276,0.86288,-9.9726
-0.19465,-2.5412,-2.9423
-1.7514,1.1474,-3.0701
0.1164,-0.14368,7.9631
0.94964,-1.2968,2.5939
2.2277,5.1176,2.9637
-0.19741,-3.5212,4.6358
1.8545,0.6584,11.662
0.63969,-3.2246,-10.638
2.3957,-0.54009,-6.7169
-5.6087,1.8985,-2.2145
1.1822,2.1509,1.1401
0.2756,-0.79563,-5.0454
0.099825,5.3169,-10.352
1.5858,1.3538,-4.7098
0.33802,-0.49694,-8.9039
-2.1289,-0.59893,-14.743
2.8845,5.0444,2.5564
-0.43048,0.066445,-7.8738
-2.8093,-3.1573,-5.5689
-0.19951,-0.39706,-10.014
-0.85336,-1.1553,5.6044
2.485,1.9029,6.9212
1.2413,-0.041366,9.2054
0.48416,-0.099299,1.7625
-2.2334,3.9572,2.3771
0.39743,0.24629,9.8169
0.090929,-0.69291,-3.4145
-0.77293,-0.88814,-3.7085
-2.0139,0.24487,-12.674
1.0628,-2.5136,-1.9276
0.29886,-3.4148,-5.8735
2.6342,-0.8483,3.419
0.82323,0.41237,-2.0744
0.72188,-2.3095,-1.9126
-0.59148,-4.5723,2.7727
3.5144,-6.5218,4.054
2.0304,0.71528,-7.244
0.42968,-1.5367,-1.6062
1.9243,3.3845,-0.76123
-1.0247,-2.3102,5.1282
-1.436,0.19407,2.3155
-0.17147,-2.9935,2.1148
2.5475,-11.458,-5.284
0.71739,-1.7376,-0.04523
1.5967,-3.4963,5.1868
3.1534,0.20608,-2.0351
-0.27061,0.32497,2.4416
-1.457,0.72559,0.45366
0.85053,-1.1238,11.738
-2.3106,-1.725,-1.031
-1.2344,2.3862,4.3426
1.3618,-0.84841,-10.575
1.2621,5.8973,-4.9934
2.0748,1.4853,-4.3822
3.4843,3.3864,-5.9231
1.2714,4.443,-11.99
-1.7415,-1.0059,-1.569
-0.72908,0.77178,-3.3683
-1.8642,-0.55728,8.5515
-2.1483,-3.8981,1.0327
-0.77553,3.4811,1.2653
0.65892,-1.5407,4.2447
-3.7942,-1.8054,-1.342
2.0404,-0.94866,-2.154
1.2669,4.9994,-0.24324
-1.0428,-0.20497,-9.7305
1.0713,3.0115,-0.12544
3.8703,-2.4195,-0.31757
-0.22193,-1.8204,-1.0517
1.5033,5.0551,-2.2196
-3.6718,4.0321,2.3261
-0.11211,-3.3059,-4.3841
0.40833,6.1363,-1.2696
0.84963,0.35438,12.933
-4.0038,-5.239,12.76
0.16035,-3.3678,5.5786
-2.4899,0.89045,11.764
3.0552,-2.2323,-4.114
-0.71896,1.7279,1.898
0.13998,-3.0327,7.5529
-2.3874,2.146,-1.0415
3.9505,-3.6641,1.1666
-1.0446,-2.1415,-5.0635
0.81613,-1.9545,-0.12096
-3.047,2.0589,2.9197
0.01607,3.5652,3.6508
1.4469,-3.6927,-14.682
2.6682,-4.0494,-7.9577
-0.5739,-5.8846,-5.9631
0.73467,0.28845,3.6276
3.564,0.32495,1.5102
-1.3481,3.5405,-0.48523
-2.2374,-1.0701,-7.6668
-1.8699,-2.0995,6.0307
-2.6253,-0.37309,-2.855
3.6332,2.5925,-6.6278
-0.47421,1.856,10.592
-1.747,-2.3134,-0.35424
2.6769,2.2478,0.76119
6.3995,-0.73279,-6.9556
-4.309,4.2936,-5.8104
4.0323,5.2005,-9.393
-1.491,1.811,3.7039
-1.0478,1.591,-0.034504
-0.62704,-2.4035,0.018492
-1.2862,-1.4626,0.85314
1.0174,-6.2988,5.0957
-0.37259,1.9991,-3.3337
0.76347,1.2193,0.83317
-3.1439,-0.64576,-5.1671
-2.7517,-0.13516,6.7718
1.5077,2.1115,-4.3854
-0.20005,-1.9573,6.0757
2.071,-3.8811,-6.8837
1.3305,3.5591,12.737
-0.33035,-6.5125,9.4374
1.8135,-2.0384,-2.0204
0.22347,-0.79303,2.6959
-2.0808,0.93,-2.8131
3.888,-3.9564,-8.3968
0.90087,-0.49135,-7.2289
2.1371,0.86899,-8.6707
-2.5065,0.24787,5.6306
0.38229,-1.0918,-3.2722
1.3593,-0.97474,-11.124
-1.8957,0.33653,3.4732
-3.273,3.9603,-8.6226
-1.4458,3.405,6.252
-2.6202,-0.41277,2.0342
-0.53668,2.4891,0.29876
-1.2082,0.52217,-0.14004
-0.022521,-0.69817,-3.3213
-0.7729,-1.41,-7.8009
0.8147,-4.223,2.1318
2.727,-0.32084,-3.9102
-1.9254,-2.4332,2.521
1.793,0.5151,10.87
2.788,-1.6661,-0.20674
4.3648,-0.041394,3.4587
-0.4595,-5.2465,6.4932
1.9252,-3.7273,5.9777
-0.98956,2.0231,-11.239
1.7035,-1.16,2.0364
-2.8187,-1.7723,-13.696
-2.4895,-1.6373,4.1381
2.1398,1.2145,-0.91326
-2.2335,5.2335,-6.9455
-1.3271,3.2172,-3.886
0.80548,1.6836,-2.5652
1.7515,-1.9816,10.142
2.9479,3.4857,10.244
-1.9422,-3.327,3.6288
1.9427,5.6876,-2.8219
-1.4435,3.3984,3.9454
1.6451,-7.2897,-1.2287
0.5782,3.36,-6.7881
-2.8102,-2.7705,-0.21363
1.7551,-0.11018,7.044
-0.63578,-0.59829,-2.3612
-2.4821,2.5553,-0.70448
-2.885,-1.5564,-4.5606
2.081,3.9375,6.8327
3.0408,-6.6967,-0.90838
3.2825,2.7779,-5.6289
1.0705,-0.74086,4.7372
0.9939,-2.5587,8.6717
1.1824,4.1606,-0.07987
-3.731,-2.8224,3.0795
1.1663,-4.6028,2.4751
-0.44579,-2.9942,1.9957
-0.55531,-1.4317,2.5298
-1.2683,1.1697,-2.5891
-0.72027,1.3596,4.5735
6.1446,-2.3618,2.5057
-4.2987,-2.4787,5.0926
-1.8674,0.80508,11.327
-0.42916,2.9583,-1.4265
0.23212,-3.4635,2.3518
1.6396,0.71099,2.8625
1.2389,-0.79845,8.7628
-0.25353,-1.0254,7.4198
-1.4621,-5.8602,-2.0852
-2.72,-1.8404,-15.482
-0.20649,-0.80182,1.1743
1.3493,-2.2037,3.596
-1.8662,0.84245,4.4441
-2.5205,3.4789,-0.17514
-1.1796,0.26016,2.8979
-0.042924,-0.30822,-2.0049
-1.8648,-1.5345,-1.2206
-0.70142,-4.5691,-2.2245
-1.3051,-0.048652,10.263
-0.087313,-3.3962,4.6589
-0.59225,-0.69779,2.1489
2.4941,-3.1408,-4.9364
0.10216,1.7332,6.6521
-1.239,2.3097,7.9169
3.2304,5.6612,0.97951
2.0141,0.69094,-2.034
0.22358,0.42639,-5.7467
0.42895,-1.6334,1.789
0.36078,3.7755,9.659
2.2808,-1.1607,-1.2262
3.1538,1.7782,9.5528
-3.2518,-1.6831,5.2843
0.1416,2.8505,7.6955
-0.99836,-0.22077,-2.8769
-2.2044,-1.9269,7.1625
-1.5077,-2.2105,-1.0792
1.4509,0.46746,-3.4757
-2.7912,1.1571,-1.5392
0.097097,2.9594,1.9828
-2.6932,4.1916,-8.871
-1.3655,-1.3384,-19.774
0.64742,-2.1387,-6.651
0.77285,-3.4534,-6.8454
-2.1297,2.8235,3.7421
-0.63169,-0.44138,0.23761
2.026,4.0342,-0.59982
0.44871,2.3792,-1.7088
-1.2088,-3.7786,-10.749
2.197,0.42885,6.8163
0.29422,-1.6507,-2.2968
0.92892,-2.0008,3.8528
4.3797,-0.31785,0.96123
3.1341,0.37545,13.045
-3.1248,2.6534,5.3559
-1.2941,2.7577,3.1493
-1.5183,3.2672,5.8029
1.9196,-2.1538,-1.8115
1.5479,-0.97351,6.5547
-2.1965,-0.35342,4.7744
1.8218,4.0123,0.21155
-0.13995,-7.6588,2.3782
0.24579,-1.9675,-3.0427
-1.3803,1.5132,15.857
1.4957,3.86,-1.7473
-0.46192,-0.30182,-3.1025
-0.27119,-1.181,-1.2792
1.8439,-2.8611,2.9749
2.9709,1.3991,-4.8256
3.1189,-4.6799,-3.8776
-1.1231,1.5377,-5.5051
1.0183,-0.30848,-2.3439
-1.8043,-4.0221,-1.7611
-0.7348,1.3771,2.5291
0.98613,-2.39,3.8663
1.0131,0.46495,2.6501
-4.5046,-3.4627,0.41205
-0.6805,1.2272,-5.6047
-1.4524,3.059,-4.0144
-1.404,1.3189,4.5847
-1.4021,6.5475,-3.5434
-0.89031,4.2483,-4.3887
2.0508,0.24446,-2.3305
1.1953,-2.0278,-3.9327
1.3993,5.6083,-1.724
-0.98938,4.8279,13.954
0.2115,4.4139,2.4999
-2.611,3.5009,-3.8739
-1.9077,-3.2386,4.6761
-4.5553,1.1099,0.48069
2.8181,1.0798,0.89641
-0.92141,0.29749,9.6914
2.2957,-1.1327,1.1691
2.145,0.9694,0.38588
-1.774,-5.1999,7.4107
-0.055175,-1.1269,6.3292
0.29336,-2.2813,7.0378
-1.7314,5.2133,-4.5442
0.95214,2.159,1.4299
1.4129,-6.2363,-5.3468
-1.3116,1.2513,-2.6327
-2.1478,-1.2781,-4.1792
-4.3306,3.7157,-1.2809
0.47916,3.5774,-4.605
2.2406,0.61418,6.6666
1.5831,-5.7201,4.0113
2.5702,-2.6647,7.6597
-2.3455,1.9348,-1.6638
3.8956,-2.2579,0.84663
-1.1024,-1.7802,-1.9321
-2.8467,-1.2775,6.8802
1.6197,-0.18649,0.12512
0.98479,-1.9102,-4.745
0.71117,-0.86631,2.8129
-1.975,2.9749,2.5681
2.9311,1.5371,-2.1148
2.8836,-4.2458,-0.89032
-0.38556,-0.60768,4.4843
-0.034153,-0.55591,0.34838
5.7003,-2.9453,-14.235
-1.438,0.57761,2.5343
-6.6759,1.6576,-2.3729
-0.36565,3.2666,0.035583
0.087614,5.3222,2.0502
0.97011,-2.6528,-5.2389
0.63259,-1.3693,6.6234
0.38772,1.2216,3.9895
2.8379,-2.575,10.225
0.91424,3.9456,-5.0797
-0.23066,-3.9671,4.0571
3.1444,1.0433,2.4954
-3.9101,-2.6901,8.4848
0.8794,1.3516,4.4335
-0.31004,-1.1051,3.6007
-0.23649,2.7628,10.539
-0.73681,0.80295,-4.3725
-1.3019,2.5067,0.49468
-1.6115,-3.6309,8.4102
-3.3454,0.95306,3.0194
-0.037521,-2.2535,-2.0835
0.31869,-1.7731,0.60132
-2.578,-2.5904,-2.8495
1.3865,0.58505,-5.0276
-1.741,-1.662,-1.5881
1.2534,0.043781,1.7024
4.2344,-1.1188,3.1421
-1.0701,-4.7146,-6.1886
1.4754,2.7323,-7.5446
1.5681,-3.858,9.8939
0.45724,3.8345,1.5692
0.28963,2.3046,-0.079796
2.6702,2.2679,-3.363
2.0049,1.9935,-8.16
-2.5401,3.2179,1.508
0.34919,-4.2719,-9.445
1.8954,4.6078,5.1121
-3.3098,1.8008,5.6046
-1.289,-1.5248,3.3436
1.0751,-0.49584,6.2332
-1.4353,0.81457,-13.182
1.6357,-2.7199,-0.82753
2.6798,1.0698,-12.162
2.8063,-5.0466,-0.23271
-3.3357,1.9972,2.9154
-2.0792,1.1461,3.7703
-2.1904,1.0323,-2.3466
1.3979,-0.31554,-4.57
-1.8841,-1.8326,-9.8497
0.55836,1.5751,9.2428
2.0555,-10.859,-6.2499
3.0912,2.0272,-6.7538
-1.6576,-2.0161,3.2274
0.82256,-0.73665,4.8291
-1.1256,-1.5268,-14.735
2.841,6.9577,-2.4041
-2.671,0.79699,-10.075
-1.5529,-2.1173,-11.781
-0.44614,-2.6015,6.8653
0.20638,1.0803,0.51707
-1.1827,1.1878,-12.088
-0.20112,6.4148,0.74755
1.3275,-2.3291,6.2212
-2.5859,-3.379,-3.4844
0.14783,-2.3907,-6.9926
1.2855,-1.0669,-0.88335
0.25653,-2.3118,-10.872
3.1449,-1.8414,-4.1544
-1.694,2.6792,-1.633
-2.326,2.6757,-0.68316
-2.6338,-0.74343,-4.3785
0.47749,4.3566,5.2485
-0.022967,-1.647,-2.3336
-3.0704,-0.28406,-0.17055
1.1588,7.1512,-3.3289
2.1892,-4.1905,6.1143
1.3544,0.76637,-14.342
0.10023,-0.86011,-5.1728
-3.5133,-2.1251,-5.3312
-0.54527,-2.8988,-5.421
-0.0081108,-0.46111,-3.6249
-0.5542,4.6238,9.1843
-0.29856,0.42215,7.4409
1.7148,1.7067,-6.6305
0.35607,0.15637,0.2912
-1.6741,-6.6997,4.4602
0.35262,-4.612,-8.6431
1.781,0.55007,3.2749
2.9227,1.8031,8.5346
0.81027,1.6154,3.4224
-3.0291,-3.1975,-4.0283
-2.9823,-0.90249,-0.86204
-2.7579,-0.30084,-1.6565
3.6786,3.3981,3.025
-3.761,4.8561,11.038
0.2775,-4.7554,0.45637
3.3199,-0.1695,-5.81
-0.52282,-0.23667,-3.3184
-2.7009,3.6352,1.2567
1.6081,-4.9542,-0.22407
-0.6492,1.9449,5.0511
2.076,-0.60187,7.3739
-0.14452,1.4714,3.5631
1.9079,6.1918,-6.896
5.2588,-1.9699,-7.2074
-3.2817,-3.1584,2.4509
0.15684,0.93504,-2.115
-0.55476,3.0584,-3.3377
3.8758,2.012,-7.9749
2.6992,1.4998,7.741
-2.7357,2.1382,-8.7103
1.1609,-0.083908,-7.5788
-0.48661,-10.488,-5.0043
0.58379,4.3207,6.3182
-1.4159,-1.9185,-0.95661
-3.2738,0.20051,2.7618
-3.8495,0.10446,-14.138
0.45626,-0.756,12.618
1.756,4.0539,3.9648
-3.1329,6.3193,-2.374
1.4497,2.2918,3.4024
1.0893,-2.4126,-1.1574
-3.7967,1.2449,12.755
1.3804,-0.92309,7.3954
1.1272,-3.8456,-0.28718
-0.084253,-1.0358,6.4263
-1.6363,1.7327,-3.6908
-1.9795,1.2462,-1.2554
-0.98848,0.64544,5.8237
0.55694,-2.7019,-2.4677
-1.0531,-1.6171,-1.9846
3.6132,-0.75506,-5.9512
-1.9659,0.60228,-10.491
0.98651,0.83678,-9.3013
0.60323,-4.9314,-0.22818
-1.3863,2.543,-0.7314
2.3031,-0.29999,-12.111
1.4668,0.49451,-9.1669
1.5064,0.8928,-1.3768
3.0977,-1.3381,14.705
-0.96501,2.3737,2.5555
0.098139,1.9248,7.0753
-1.342,-2.2762,-10.165
0.92384,-1.0753,-5.4393
-0.6778,-1.9599,8.5849
-3.3711,0.12932,1.2698
3.2339,2.6915,-2.2737
2.5607,1.1401,-10.644
-0.10162,3.2736,7.5645
-2.4284,-1.2263,-2.8311
-1.1257,3.5366,7.3107
-1.6186,-0.29135,-12.865
0.90849,4.9328,7.6875
2.08,2.4249,5.2212
1.9298,0.49504,-3.0182
0.68093,2.8009,-4.8632
-0.39391,-1.978,7.0181
-2.2892,0.70893,-0.21674
-0.44021,1.3207,-3.6781
-3.8961,-2.6949,2.0891
0.944,4.2891,-2.3855
-1.7382,4.3432,2.8217
4.819,2.2717,0.37454
-3.1545,0.91742,12.468
0.21905,4.3599,-2.5433
-1.4603,-1.0602,1.604
1.5119,-5.5597,-0.52726
1.9981,2.0994,0.81843
1.4171,0.10953,-4.2618
0.34725,3.0205,-4.5505
-4.1661,1.6106,-3.9025
0.49193,0.57792,3.7373
0.64684,-2.2935,-2.9254
0.896,2.2746,-3.4745
-1.4348,5.034,-0.67087
5.2057,4.0798,-2.5182
2.1945,1.4179,5.7773
-3.2427,3.5308,3.9223
-1.5505,-2.18,1.197
-0.35998,0.92662,5.7835
1.902,-2.6148,6.4887
-0.052161,1.6352,0.44387
-1.4823,-0.090941,1.2257
-2.6853,-0.3688,-12.568
-0.1774,-0.069797,0.4995
-2.4557,-0.43768,10.171
3.4349,-0.64973,-0.76902
0.49369,-3.007,-3.2737
-2.9069,-2.6078,-6.2638
-2.8007,4.2232,2.8298
0.15071,2.5685,-5.4368
-1.238,1.2687,3.3212
0.23905,3.3997,-2.9438
2.24,-3.9206,-3.1952
-2.1996,-2.7235,-4.1332
-1.181,-0.94779,-13.259
0.25289,-1.9077,-0.84403
0.5235,0.10913,-3.0263
0.38705,-3.8335,1.2337
1.5841,-2.2337,0.55651
0.86635,-2.2763,-2.584
-1.5411,5.6365,-14.524
0.46142,2.6814,-10.888
1.3023,1.8472,-2.1262
2.4514,2.1528,-3.6981
0.052538,-3.5028,3.7603
-1.3105,4.0598,-1.2327
-1.9972,0.5562,-4.6872
-0.09423,1.2141,3.9886
-0.4138,-3.1481,4.5926
-2.5418,-1.8916,-5.5589
0.95089,6.085,6.9239
-0.86155,0.2472,6.642
1.6764,3.4837,9.1909
-1.7881,-1.5591,0.64918
-0.9866,2.6614,2.9065
-1.7517,3.0721,2.8146
-0.36114,0.091434,4.9055
-0.27593,-0.36513,7.5496
-0.16724,1.2151,4.4781
2.9832,2.9454,12.8
4.1396,1.9328,4.4138
-0.5352,0.73536,10.211
-0.6255,-1.182,2.554
2.6061,0.50573,9.6761
0.85476,-2.0451,2.5392
-1.4274,-0.12026,-2.8409
1.1968,-3.4795,-0.14385
0.956,0.3246,-9.1536
-1.7852,1.8857,-0.4456
-0.032078,1.2048,-6.6461
-2.4262,1.6152,-0.93986
-0.81464,-2.4433,-2.3984
1.563,-6.5609,3.3321
-1.2787,3.8751,-4.5484
0.24267,0.92982,2.9617
0.11144,2.0519,-2.539
0.28829,1.3374,-3.1375
1.7698,-0.86118,0.71107
-0.47945,-1.6027,7.3005
2.0586,-1.11,7.4485
0.71046,3.5818,0.61468
1.1838,0.85053,5.3454
3.4796,1.2881,5.0503
3.8777,0.13998,9.4653
-1.1983,1.2285,0.82844
-0.67438,-0.37586,2.5156
1.7649,2.3379,1.2939
-1.042,1.7584,1.9758
-2.4375,-0.47787,-2.139
-0.78916,-4.3159,-7.8733
1.9058,0.073902,-5.5208
-1.6446,1.5398,3.5491
-2.0007,1.6376,7.1313
2.3548,1.814,-0.04392
2.5025,-3.0263,-2.1342
3.0438,0.83899,8.6235
-2.3462,-0.38721,-12.713
-0.065033,4.3004,-0.23919
1.3682,-1.749,4.285
0.18399,-2.0228,-2.2806
2.9665,-2.614,-5.8734
-0.16612,-3.5743,2.2433
-1.8923,3.6167,2.9243
-1.8116,0.43371,2.3992
0.66268,1.0982,-5.6232
1.7126,0.36517,2.7459
0.68928,-2.6351,1.1934
-1.2085,-0.37637,-3.7948
0.85497,-0.19969,3.5196
-2.5185,-0.96429,8.6637
2.6001,2.1609,6.1987
0.71376,2.8614,-1.3317
0.33941,2.3444,-3.9056
1.0014,-0.32074,-2.4535
0.75267,2.0386,11.902
1.0887,1.4943,-4.7524
-1.6869,-2.0819,-1.4552
-2.2765,-3.7901,1.1673
-1.3002,-2.198,-6.9405
3.717,-0.38427,-2.3588
-0.33305,-2.6966,8.4307
-1.0665,-0.57213,-0.14568
0.1097,2.6412,7.4708
-1.4812,-0.97545,-13.021
1.937,0.92325,22.562
4.008,2.3862,1.0407
-2.254,-2.6122,6.2721
1.1459,-1.0017,-6.5366
0.33002,-1.9711,-0.8242
0.16074,0.5549,-3.6056
-0.94615,-1.3322,-3.6259
0.14617,2.5293,3.8401
-0.89029,-4.1747,-0.39517
0.95875,-3.382,5.9949
-3.2228,2.3406,-6.1927
-2.092,2.624,-3.7149
2.6665,-3.89,-10.176
1.2699,1.2808,-5.0428
-2.6071,2.55,-6.5891
0.87698,0.32924,5.5102
-0.10846,0.063328,-1.6518
-1.8154,-0.99825,-2.4515
-0.054349,-4.3065,0.72108
0.49556,-5.7855,-10.671
-0.025976,3.6528,-5.2263
-0.71392,-3.5075,3.8281
-3.4011,3.8229,1.6761
-0.19166,4.2859,-2.6104
0.27337,-0.75374,-5.8408
0.19072,1.7533,-10.442
-1.6689,3.0347,-0.71163
0.63477,-0.66186,-2.7693
0.59234,-2.3626,4.3739
-0.26388,-6.2359,-8.6393
3.0023,-5.9541,-19.497
-0.26231,-0.45543,0.78085
0.70822,-1.8394,9.6905
-0.035521,0.53019,2.1082
0.33929,-5.4388,-7.2226
-1.5202,3.909,8.0202
-0.2492,1.256,-2.9701
-2.9236,2.3627,5.5761
0.53782,4.2389,-6.1116
-2.2366,-2.5952,0.34976
-0.77503,1.2056,-2.5173
3.3253,0.43784,-7.8391
-3.4434,3.6224,16.443
1.6924,-0.0939,-2.286
2.6749,-3.2054,-1.6552
2.3166,1.8288,-2.8953
-1.2241,-3.9601,4.8937
-0.88146,2.1193,-2.9911
-0.53768,0.42517,5.6788
3.0669,-1.4277,-2.4766
-2.6278,-3.9101,2.1382
-1.6351,-0.8047,9.1566
0.75578,-2.2702,3.4989
2.0112,5.5097,1.0093
0.79137,4.158,9.0489
1.0397,-1.1657,3.5789
1.0231,3.8531,13.09
4.1378,-0.74317,7.6293
-1.0514,1.4338,-1.7556
-1.1114,6.1502,-7.1964
3.1744,2.0569,-0.67986
-2.6274,-0.49065,9.2769
0.2088,3.4842,-6.1679
0.19929,1.573,-5.857
-0.80348,2.9032,-4.1878
1.1209,-2.071,-3.0302
1.2112,-4.9249,5.4552
-0.030023,-0.63445,2.3785
1.9433,-0.27805,4.0974
-3.4916,-0.022097,1.3063
2.8393,0.91504,-0.47708
-3.7759,-1.6834,-0.16286
-0.77902,0.22018,2.4273
1.1181,-1.2005,-0.17814
-2.5474,1.8904,-3.0205
-3.1302,-1.1766,1.9695
0.47828,2.8512,-12.149
-1.9094,-6.7595,-1.4273
1.8501,0.38338,-0.8377
0.22581,-5.0048,6.4759
0.75282,0.18675,0.17296
-0.81361,-3.3507,-3.3696
-0.13518,3.797,4.9277
-2.6016,1.1735,3.7585
0.31527,-1.2656,-6.8174
-0.69457,-2.076,-6.2768
-0.53032,1.4244,-3.7387
-0.069705,-0.37728,9.5874
-0.82756,2.6349,0.95406
-1.3152,3.9102,-2.2409
-0.76815,0.30982,4.659
-1.85,-3.3699,-2.1301
0.11874,-2.3995,-10.46
1.8618,-3.084,0.70289
1.5662,-2.8096,-15.468
-1.3727,1.4938,-2.0672
0.16276,2.2955,-3.2678
0.28317,0.030202,-7.5657
1.4955,2.0738,-4.6554
-0.10828,-0.56231,-4.2725
0.82311,-1.4291,2.422
0.27898,-4.5036,6.9623
-0.9825,1.3124,-1.7171
2.5504,-3.5383,-1.547
1.7295,-6.3186,-1.2922
1.1108,1.4784,-0.7931
-2.4504,-2.3467,0.4696
0.559,-0.42616,-1.191
-0.16371,-3.669,-9.6698
1.2951,0.67546,-7.7139
0.70516,-2.6022,-3.4808
-1.2905,1.4066,-6.7513
-1.5184,1.4353,-11.967
1.4365,3.0844,-2.8596
-1.9272,6,7.2664
0.26387,3.3103,0.45847
0.19549,-2.3219,2.6855
3.6501,0.89648,0.775
0.79592,-4.3141,-0.49099
0.97781,-4.177,6.9821
-1.5337,0.12283,2.2804
-2.183,2.9685,9.3509
-2.7411,-5.1806,6.4609
2.7493,-3.2425,9.1208
-1.0076,1.8458,-3.3634
-0.92007,2.6018,-6.8378
-3.9727,3.449,3.5521
1.5461,-3.3552,-5.5683
0.73782,-0.12415,0.90206
-0.98689,-3.1649,-3.5429
-1.8209,-3.7663,-3.8325
-0.74069,-0.07569,-4.8693
2.3324,-5.0223,-0.54561
-1.1148,0.59347,3.2237
0.30496,-3.4592,-2.4429
1.8614,-3.2256,-1.2903
0.54283,2.5172,-1.1936
-4.2381,0.83964,-10.549
-0.1367,0.9743,-1.5157
-0.011104,-0.42378,1.0449
0.98015,-0.57137,2.024
1.2524,-3.242,7.825
0.4397,4.7,-2.8201
2.7197,-0.37556,11.384
4.9855,-0.42762,-3.1966
-0.89146,2.3849,0.72393
-0.29975,-6.131,-4.1683
0.94484,-1.8228,14.745
-0.019122,0.45125,1.1544
-4.3316,-2.9844,0.23623
2.8946,1.5418,8.7302
3.1644,-4.6326,-5.1828
1.0223,0.41102,-5.2452
0.9137,0.21788,-2.7987
0.46119,-0.43404,-8.379
0.71365,3.2452,0.85879
-3.1769,-1.3531,-13.496
-1.7668,2.3614,9.4721
-0.71967,-2.0459,3.1375
2.3528,-5.577,10.119
-2.0533,2.4651,-8.9057
0.59425,3.8421,3.4722
0.80665,-1.3892,4.9327
1.658,-1.51,-15.53
-0.51037,4.2093,2.8002
-2.6463,-2.2397,0.69631
-0.60697,4.5031,2.9739
-0.28535,-4.419,-3.537
-2.0055,-0.5519,-5.9247
-5.1043,-0.91733,5.5984
0.42095,-3.0043,-0.63038
-1.6503,7.6472,6.8523
1.0888,-0.56241,4.5534
-1.1439,-0.33187,-3.4595
-3.634,-3.3516,-6.2675
3.8091,-0.15692,4.6115
1.6541,-2.0747,-3.7869
-3.939,2.1757,6.9939
-1.893,0.0072335,1.857
2.3108,-0.19663,-3.4794
2.6472,1.7783,8.1201
5.4007,-0.90081,-2.2027
2.8476,-1.7043,7.3758
1.7243,-2.3331,3.4601
-4.3791,-0.54534,0.86351
3.5228,1.1962,-2.8583
0.93091,-2.9411,-7.0475
0.056512,-0.60182,5.0669
0.034245,5.1268,-1.9653
1.2209,-1.4174,11.839
-2.775,-1.4798,8.4112
-1.9509,4.342,-2.7906
-1.712,1.0653,-4.2981
0.84341,-4.253,4.3082
1.7159,0.10167,-7.2387
-0.52641,1.1465,1.4495
-0.81805,3.6078,0.62524
0.16126,-2.8655,6.9732
2.8887,4.6205,-2.4809
3.6476,4.1588,-6.9054
-4.256,-2.0404,-1.071
-0.73368,0.28671,3.2857
1.1013,4.8467,-6.6317
2.3902,1.5188,10.908
3.17,0.57562,5.9958
0.902,3.297,7.2595
-2.3541,1.474,7.2084
1.7244,-2.2499,4.8012
-1.6339,0.53298,-0.88195
4.1053,-4.1459,2.5842
-0.63742,-4.1312,5.6288
-1.693,1.3963,1.7006
-2.5092,1.8467,-10.163
0.015428,-1.2812,-1.8178
-2.6307,2.491,-3.5899
-1.4846,2.8758,11.821
-0.28668,-2.2888,-4.4764
-0.48661,1.5431,-7.5052
-3.2749,-3.4697,1.0194
0.14076,2.5249,8.1563
0.67952,-0.52895,3.1851
4.8989,-1.3911,-0.26968
-3.8604,3.0355,-2.2487
4.3451,-3.4987,-1.0968
2.3331,4.6098,1.5824
1.822,-3.5986,-2.4297
0.17185,1.8158,2.5252
-0.8614,0.21073,-1.543
-0.93548,3.1872,-10.263
0.23983,-1.7959,-2.1191
-0.77196,-2.7042,1.4709
1.8434,-1.7802,6.8251
2.7497,1.5603,-0.68958
-1.7835,-1.4497,5.2656
-2.0307,5.7322,-0.46939
-4.2522,-0.25454,3.2145
-2.1704,2.1157,-2.3188
-3.4687,-4.7518,0.40401
-2.03,-2.2011,-2.3168
-1.4351,-2.4494,-7.1513
2.2522,1.118,1.2928
2.9063,-1.0221,9.2434
1.5246,1.625,12.827
-2.5028,-2.4477,-7.3847
-0.5509,-2.5081,2.3401
-0.061449,2.7081,-14.232
0.41654,1.2502,-0.23197
-0.88532,-0.47934,-4.9897
-1.4546,-4.9745,-0.87107
-2.2465,1.9189,0.82208
0.59684,5.9766,-6.8672
-1.5653,-5.1374,-8.4798
0.08987,-0.96669,-12.801
-2.4577,1.3497,4.6122
1.0522,0.34679,-2.4801
-2.0819,-1.4307,-2.4141
0.15307,-1.3331,-0.0068152
3.5579,-2.6438,1.2396
1.3437,-3.3218,-6.7772
2.1851,0.93767,8.8038
0.14456,0.77762,2.5859
-3.0879,4.7181,5.8804
0.94668,-3.4039,-6.2858
-2.3153,-2.6408,1.3101
-1.2621,-1.3901,-2.3236
-2.0586,-0.16406,-2.8067
-2.2552,2.8513,-1.2761
-0.33823,2.374,-0.28707
-0.39746,0.646,0.10641
-0.55091,-0.011392,-0.185
0.27902,-2.5891,-10.673
-0.69302,-2.5259,1.9231
2.5993,-2.0585,-4.7085
0.93278,-0.82657,-5.2441
-1.0007,3.1121,-8.0017
2.13,5.8575,2.1088
-3.65,-3.1985,0.73281
0.68271,-0.033011,2.4137
0.12953,1.003,2.3978
0.081444,2.9662,-0.95106
-0.10634,0.44135,2.14
-1.9601,-0.72178,4.3893
-0.50614,0.0069197,-4.841
-1.1074,-0.38409,-0.68503
1.2043,-1.9875,10.823
0.29051,-3.7484,-2.4717
-0.90046,-4.0973,3.2101
1.2481,2.0735,4.8746
3.248,-0.098455,-5.6536
-2.2525,2.3992,-1.3395
-4.1856,-1.3316,-0.92791
0.72381,-0.018016,-5.3818
-0.65605,-4.1254,-0.59915
0.75043,-2.4493,-2.4189
-0.15721,-0.69241,3.0548
-0.029745,-1.0997,4.8405
-3.4708,-3.2012,0.91967
1.9755,-0.80515,-3.7102
1.4966,-1.4515,2.9147
-0.21262,1.0896,-0.52432
-1.5982,-3.0214,-5.8457
-2.0122,-0.42702,-1.1517
-2.1567,-0.65075,-0.66254
-2.7279,1.3779,-0.84559
-1.4594,0.7264,4.7888
-0.052144,2.2887,8.8255
0.91123,1.724,-3.6323
-2.6577,-4.1184,-0.3112
1.5128,-1.4477,-6.2571
-2.5099,-5.7954,2.5277
-1.1792,0.13923,6.9195
1.6006,3.0004,-2.0614
1.2052,-3.5267,1.1562
2.7237,3.4683,15.232
-0.61942,1.1697,-13.192
-2.0059,2.6799,-8.0687
-1.3288,-3.9196,-0.4569
1.123,-1.3627,17.621
0.014001,0.96079,7.4679
3.0694,-3.7527,-4.6082
0.0078449,0.22181,-3.0843
-3.4665,1.8418,2.6293
-2.6211,-3.6065,-3.3084
-0.77277,-1.6558,2.3772
-3.3056,-0.56323,4.871
3.1244,2.8407,7.7842
-1.6409,4.4425,0.5898
2.3205,-0.0073187,1.0284
-0.24694,-4.0749,-16.344
-0.95809,1.356,8.4416
0.97463,0.55436,-1.3277
0.038169,-1.9377,2.3797
-0.10235,-1.0055,3.2993
-2.7138,3.9531,-5.144
2.8621,3.6538,6.6166
-0.58626,-0.25982,-0.55044
-2.9074,5.6994,-4.3121
-0.33886,1.2076,-0.52729
3.7137,0.038234,-0.12109
1.2862,0.80731,-0.14431
-1.6958,-1.7144,7.0478
0.30077,3.6184,9.2777
-2.8128,-4.4222,-1.3441
-1.6395,2.1373,3.2671
-0.0020594,4.4093,-2.5443
-2.1344,-1.1854,-7.4306
-5.6843,5.943,-2.249
4.2276,2.1994,-3.1864
3.7095,-6.2435,2.352
-2.6215,5.1565,0.28081
0.82093,-2.3794,-5.8786
-1.0799,5.007,-5.0454
0.74754,-3.6267,-11.068
-1.9256,-0.29331,2.9912
-2.3824,1.0865,-0.79964
0.7919,-2.0945,-6.7657
1.7597,-3.3117,4.0084
1.5743,0.099352,3.8975
2.185,-2.9441,-8.0242
1.2056,3.7427,9.597
-3.1601,3.5838,2.5647
-0.45979,0.55621,10.623
1.3056,-1.2301,5.2179
-4.2301,-4.7966,-3.6887
-2.0763,1.4689,-0.6338
3.7086,-0.24936,-13.877
0.97017,-0.15828,1.4669
1.5045,-3.0983,-2.6229
1.3341,2.1723,0.29788
2.6057,-1.4109,-6.5239
0.53347,0.08918,20.092
0.73212,0.42266,-5.712
-1.9299,-2.3223,-1.9203
-2.8972,1.823,-2.7294
0.82611,-0.67818,-1.7835
2.54,5.7127,1.4647
2.0334,-7.3328,1.4952
3.1923,1.27,5.1222
-1.0706,0.7619,5.9248
3.4911,0.6216,8.9305
-3.6733,-1.5673,-5.0095
-0.21365,-0.79628,10.774
-0.58995,-3.1728,-1.9398
-0.53523,0.67808,10.862
-0.42805,-0.12994,2.7465
1.7868,-1.7061,10.226
2.9275,2.4375,-4.0021
-2.3697,-1.0068,11.333
-0.31297,-0.67245,-1.8798
1.7034,-5.4679,-2.8933
2.1419,0.15435,-4.8605
-1.7929,3.0155,-6.1953
-2.359,2.779,-10.021
1.1445,-1.3531,-7.6378
2.7911,0.80805,4.8493
-2.1698,-1.7288,-4.9539
-1.8586,1.7206,-0.081738
2.7673,-1.8493,1.8464
-0.56204,2.0504,5.7485
2.0866,-2.8116,6.838
-2.0943,4.5022,1.4789
-2.038,-0.98343,13.224
-3.6794,-0.090438,2.1925
1.2878,-1.975,-2.4223
1.639,2.46,3.5806
1.531,1.5328,-1.5669
0.24982,-3.5431,6.7052
-1.7337,0.045619,-6.6448
-0.77849,4.522,-0.52126
1.915,2.5071,1.6121
-0.092997,3.7181,-0.038986
-1.0723,2.4632,4.3282
0.87201,-2.5401,0.7441
-1.2764,4.2237,1.3166
-2.1988,1.981,8.3842
2.7605,-4.6201,0.14703
-1.6285,4.4385,-3.7547
2.1444,2.983,-5.6567
0.45949,-1.1321,-1.9386
0.053137,-4.6937,-4.9879
-0.52954,3.3475,3.7919
-0.7095,-2.6012,9.8201
-0.66735,0.88884,-0.91898
1.9763,0.060636,-6.7345
-0.87065,1.1591,-6.0225
-0.22594,0.562,1.5314
-2.5095,4.7034,-6.7397
3.358,-0.16242,-4.3123
-2.9649,-1.5843,4.2594
-2.1591,3.1655,7.8535
-1.1436,-2.6842,4.0913
-1.1685,-3.0712,9.2747
1.9138,-0.66768,0.17987
-1.6555,1.391,-2.2019
-2.6899,0.88286,-4.4121
0.018603,0.7098,-4.0494
-3.2449,0.52831,5.1566
3.0248,3.7586,-2.5252
0.041005,-3.7013,-5.361
5.4959,-1.7663,-3.2492
-0.27838,0.40458,2.0576
0.88153,1.4119,8.29
2.9621,0.14173,-1.0933
1.0891,2.9749,-7.7834
2.1995,-1.0771,3.6036
-3.4647,-0.40182,5.2264
0.69599,0.10838,-0.10112
3.104,-3.2179,-3.8242
1.6921,-2.6852,8.3978
-0.26092,0.89223,-3.5324
-0.306,6.5316,7.9591
3.3278,0.29459,-0.86224
-1.1707,3.8247,3.7897
1.8405,-3.0842,11.25
1.0754,-1.8338,-11.455
3.0775,-0.65488,1.4712
2.3175,0.50013,0.5033
-1.2201,-0.8779,-10.336
1.1979,-0.57285,6.6778
-0.28166,-2.4177,-1.6006
0.93792,-0.23655,3.0994
4.9458,3.0881,-3.7179
-0.27637,-3.4268,8.8688
0.13921,3.4021,8.464
0.31554,-0.47045,0.27124
-1.3812,-4.125,-5.8153
0.20079,-0.94863,2.1867
2.2961,0.0060792,-1.2936
-0.7583,1.3936,8.116
4.3795,-3.8433,3.2709
-0.66893,0.73091,3.0912
0.66767,-3.5135,-4.5731
2.6476,3.7003,1.9083
3.0365,-6.7919,2.3432
-2.4822,-4.8116,-9.9083
0.69141,2.6879,4.5534
-2.9637,0.8558,3.9165
-0.10828,0.0018948,-6.4661
-1.9371,2.0634,2.8032
-2.4784,-0.85274,5.0877
2.0922,-1.1204,11.157
0.023967,0.541,2.7214
-3.0686,0.12944,-1.3976
1.149,-3.1778,-3.3025
1.5581,-0.31681,-0.39911
-1.9563,1.7061,-9.6824
0.62403,-3.837,-2.6156
2.1802,-2.0015,-7.4722
3.2202,1.6571,11.854
-2.3986,-3.0719,-2.4543
3.4433,-0.92601,3.2248
-0.21764,1.3782,3.9057
-1.3015,0.41768,4.511
1.7751,1.5183,-11.709
2.343,3.2515,20.03
-0.65499,-5.1425,-8.3543
-0.40447,4.8464,-0.67099
-0.62171,4.2768,-4.7316
-5.7871,-2.8076,-2.7525
1.4285,-5.3256,16.224
0.036229,-0.32339,6.6308
-1.68,-4.9038,-2.9256
1.6137,-1.2304,4.6036
-3.2182,-3.3848,-4.1362
2.589,1.0358,2.9713
1.7398,1.0782,6.443
1.1582,2.4262,1.1831
-1.8166,5.2329,-2.6325
-0.50368,0.51196,0.63221
2.331,0.20545,-0.19061
1.4932,3.778,-0.58687
-2.6768,-2.8073,-0.92281
-1.0319,-1.9736,1.9732
-2.1352,-3.3845,0.15914
-1.3597,-3.2621,-6.9473
1.8027,1.2221,3.0263
-2.4749,3.0537,7.3148
-0.53873,-1.4109,1.6305
-2.7515,-7.9631,6.1275
0.27247,1.5822,-0.98212
0.8994,8.4851,-3.1335
1.1046,0.56563,1.2578
-0.04858,5.2206,0.14149
-0.89635,-0.25967,-9.7126
0.58485,2.3654,1.7201
0.21613,0.31211,-6.6669
-1.3873,0.19357,5.3743
-0.50442,-1.8953,4.5892
1.5176,1.7003,0.040137
-0.31933,0.76102,12.845
-2.4638,-2.608,3.122
0.42591,1.7996,9.5681
-0.83159,-3.9332,-0.52022
1.2851,-2.9101,-7.0297
0.22413,0.55599,-2.2579
1.994,-1.0105,-9.592
1.8588,1.2299,-0.5177
-0.99718,5.9386,6.9233
1.3764,2.2468,-6.5402
1.0932,-1.1248,1.4777
0.26136,1.8293,-3.1386
-0.72306,3.1933,-2.8744
-0.23296,0.024606,0.28178
-3.3637,0.31618,-1.1343
0.1422,-0.49472,5.1801
0.70441,-0.90252,-5.9029
-1.9782,6.6272,-1.9939
0.65669,-3.5034,1.1078
-0.71819,2.7512,-4.203
1.7424,0.45416,3.0723
-1.196,-5.0889,-2.3882
1.2769,-5.512,-1.1313
1.6067,-1.0533,-2.287
-0.22082,-4.1323,-1.8678
2.4127,-1.6496,-5.4142
-0.11961,-2.0004,-11.739
-2.34,-1.102,11.712
1.701,1.6047,-16.192
-2.4059,-0.22911,7.4726
1.1366,-0.29961,1.6193
3.0629,1.6197,-3.7401
-1.1956,-1.2327,4.3243
0.97556,6.3324,-1.6174
-3.3062,1.9214,-4.4987
-2.0811,0.51145,8.8983
1.0601,-2.7099,0.1826
-1.6662,4.6253,2.7565
1.6191,1.8334,-7.9651
2.8442,-3.1258,-1.3316
-0.93148,-1.9276,2.9291
0.50474,1.2338,3.0007
5.3058,2.4884,3.0263
-0.53572,-8.1861,-1.7398
-3.6954,0.54727,4.7132
3.6544,-1.9824,0.017129
-2.5326,0.20254,-1.8104
2.0429,5.674,8.9127
1.6104,-0.089236,-0.96566
5.4135,0.55104,8.7678
2.1694,-1.9261,-18.716
0.50132,1.5259,1.4729
2.2528,4.4246,7.3078
3.8477,2.4394,-1.2694
-0.82188,-5.5433,-2.1626
2.0576,-1.5374,0.36096
-1.8258,-1.8454,5.2792
-0.66333,2.0204,5.8971
-0.26445,-2.7645,1.0468
-1.0087,6.7628,-4.6343
-2.0652,-2.5431,5.9211
-0.61382,-2.2435,-3.454
1.738,-1.6595,-6.1031
-0.25377,0.5192,1.4623
2.9491,0.61832,-8.9437
1.1441,0.2449,1.2783
0.17477,3.522,-4.2852
-1.3239,-0.39635,-2.0526
1.2486,-1.0255,-0.50416
0.91815,-2.9835,-0.19652
-2.3361,3.1396,-12.831
-0.22702,-1.4581,-10.531
-1.0699,1.1505,4.8247
-2.4062,2.0467,-2.91
-1.5331,-2.9722,-7.8644
1.3697,-2.6337,1.3652
0.16889,0.6458,-5.729
0.75957,-1.0815,-0.33626
1.3228,3.1445,-6.5806
-1.4183,0.70641,0.63006
1.1507,6.7976,-5.604
-0.49627,-2.227,-11.851
0.24227,-0.8553,2.079
0.49315,3.9504,1.6849
0.26287,0.53889,2.1474
1.3007,-3.3274,-6.8538
0.76362,-4.29,2.6764
-0.14172,-3.1195,-2.7313
-0.84219,-2.7177,-6.2477
1.8144,2.0457,5.7853
4.7078,0.51936,1.0732
-2.0672,-1.9363,0.80855
0.023451,0.67487,4.0373
-2.219,0.18935,2.3466
-1.4168,4.2903,-9.2107
1.2674,-0.15408,-2.3652
-1.3002,0.064437,1.5149
0.51753,1.0494,0.65021
-0.19211,2.208,2.8759
0.79843,-1.9066,1.5345
-0.33936,1.1589,4.0541
0.76705,5.2625,8.3678
1.5857,-7.0519,2.2654
-4.1022,-1.4519,-2.3286
0.93566,-3.47,-0.32046
1.446,2.7496,-1.1209
2.8002,-2.078,10.905
-0.87721,-0.25741,-3.0019
1.9368,-1.0067,6.0059
0.54828,-1.6754,-2.5048
-2.2689,-1.1107,7.3908
-0.67788,-0.99639,4.1446
1.2297,-0.99415,-6.1768
2.0868,0.48486,9.3528
0.12914,2.499,-5.1179
-2.3761,-0.10682,1.3398
0.016679,1.5702,-3.4894
-1.8194,1.3348,-1.9283
0.78049,-0.37318,-2.0713
-1.9721,-2.4853,2.6917
-0.63613,-0.61336,1.5109
-0.92094,0.68316,4.3441
-0.35847,2.5944,-5.715
0.042157,-1.3581,1.4096
2.3392,-2.2163,-0.51609
1.2027,0.94307,3.8863
2.2554,1.6387,-7.7395
1.605,0.20532,-4.9252
-3.3901,-0.87191,-6.8742
1.4223,2.8087,10.813
-0.44942,4.2991,-4.7958
2.0525,0.96235,6.6261
0.97084,4.0909,-1.7068
-0.19066,0.77601,-4.4812
1.1679,-0.4335,-0.53287
0.33671,2.0764,3.4537
4.6554,-0.37229,-2.3463
-2.5448,4.7021,-0.030623
-1.4642,-1.1825,8.9364
-1.3957,-7.9811,-6.0777
0.29733,0.84481,-3.8773
-0.65359,-0.81172,2.0267
2.4843,-8.2639,-1.0859
0.96553,0.63909,7.1074
-0.27126,2.3537,1.4206
-1.7725,-4.1512,7.0421
2.4552,6.7959,2.9378
0.24185,5.6839,10.621
-1.946,-0.56579,-3.08
1.2277,1.0371,2.4876
-0.11125,4.5018,3.1641
1.713,-0.63143,1.8108
-0.76652,1.0682,-3.5651
-0.35867,0.88007,-3.9414
-2.184,-4.2765,-0.026349
2.674,0.14383,-5.5862
-2.8848,7.123,-9.8605
-3.8111,-1.0437,-6.5357
1.1618,4.1023,-1.0984
0.29173,-4.8502,6.2265
-0.94726,-3.8484,-0.61447
-1.4392,-1.7718,18.48
-1.3312,-0.89392,-6.2764
-3.6811,-1.1379,-2.3978
-0.76413,-2.5388,5.9306
2.4639,1.7188,0.0037847
2.8962,-1.9337,3.4659
-1.0249,8.4223,-2.9571
2.0724,1.4341,-9.3954
0.33659,-3.3249,1.6053
1.4409,-1.1291,-1.0612
-1.7988,-2.6587,-11.159
-2.1004,4.8249,-1.8135
0.28444,-5.8619,-3.9766
0.46355,-4.5457,7.5298
0.46038,0.62969,-6.8688
-0.25334,0.061926,-0.64479
-0.35111,-3.6244,-5.286
-1.2795,-3.2253,-5.7687
-1.3312,-1.413,-7.7103
1.7292,-0.35683,-2.8073
-0.8942,1.4099,-1.0293
1.1294,0.44535,-0.48646
1.631,2.8741,-4.0228
-0.34506,-1.4743,6.6431
-2.6313,-1.0468,4.8323
-4.7942,0.83672,-1.7669
1.53,8.6884,-1.8908
3.1327,-1.5535,-12.743
-1.4856,-1.8887,5.9021
1.9894,-4.9604,-5.1467
1.1065,-2.5741,-1.1852
0.085831,-6.1502,-17.333
-1.7918,-1.7529,6.0822
-4.5935,-0.30216,2.764
-0.40181,-0.72634,-8.8262
-0.07903,0.7497,-3.2574
1.7814,1.066,2.0849
1.57,0.41689,5.558
-0.9364,-2.6246,-5.7949
-0.076337,-4.3584,6.6059
-1.0472,-0.342,-7.9907
0.25216,1.8118,1.8106
-1.3312,3.6708,11.294
0.35059,-2.4071,4.1457
-2.439,0.89747,-0.69603
-3.3503,1.5884,-2.89
1.036,4.3673,-1.3285
1.9649,-3.5581,4.2106
-0.53563,-1.232,-5.4617
-0.10508,2.527,0.89859
-0.20296,-0.40787,4.3694
0.53537,-1.6868,2.0065
-4.6469,4.5969,-4.6519
-2.393,4.1793,7.3831
2.2803,-0.82847,-0.80341
3.9221,2.9767,-5.4182
-3.3138,1.8979,-4.2931
1.5608,-1.932,4.9772
0.35223,4.9723,9.108
-2.8854,0.66358,0.80283
-2.258,-1.4492,0.79572
-2.8637,-3.2859,0.77028
1.5629,1.9573,4.7516
1.7143,-1.233,-5.5244
-2.6721,0.097896,3.6492
0.40654,-4.6548,-1.8966
-1.2133,0.4181,0.090352
2.0174,-3.0001,2.0585
0.22201,-2.5107,1.1985
1.0843,0.088308,-7.5987
-0.92659,-0.84991,-2.9193
-0.07787,2.6898,7.4203
-0.52422,1.9575,0.42939
-4.82,-7.7986,-5.0298
-0.25548,-1.743,8.9839
1.4914,-0.49019,-3.9733
-0.38884,-3.0438,-1.6164
2.3335,2.2104,-12.061
-0.045124,3.2699,-5.9255
2.0509,-0.045161,-0.46884
-1.2666,2.1644,14.706
1.0807,4.0271,-2.0402
-1.8948,2.3173,2.621
0.5779,-0.33172,3.7572
-0.99495,6.7335,-2.4043
1.5618,2.8645,8.0705
-1.6597,1.2158,-7.825
0.2075,-1.6025,-2.0906
0.87876,3.2326,-1.5707
0.021237,-0.44819,-1.1401
0.28993,-2.0224,-3.0785
-1.7597,3.8685,1.1943
-2.962,2.1221,3.3864
1.2264,2.08,-11.16
-0.029073,1.2644,5.7437
-1.715,4.9757,-9.7515
0.54892,-1.4816,7.3087
0.34885,-0.43936,7.9484
3.0482,-0.10816,-7.716
-2.373,-3.5223,-1.2932
-0.93945,3.4317,2.9519
0.073502,2.8326,-0.88497
-0.0013066,-0.1497,-1.6382
-2.9092,1.709,8.3127
0.51418,-0.43007,-6.8048
-0.27637,4.647,-3.817
-3.1405,6.0862,7.0796
-2.4898,0.28882,1.3658
1.7639,-1.4924,3.5209
-1.0483,0.16753,-1.3901
2.1612,2.459,5.371
-4.1245,-5.1958,-0.080012
0.12876,3.4309,-5.391
-2.884,1.168,0.937
2.2868,-0.7492,3.7538
0.42435,-4.7622,12.896
-1.5661,1.6315,2.2008
-0.42408,2.5434,-3.6226
0.2426,-1.2303,-7.7768
-0.10464,-0.30788,2.0235
1.8105,-1.2931,2.0804
0.83034,0.62836,3.9564
-2.3928,-1.2675,-10.935
0.062984,-1.4546,3.0164
3.4627,2.8621,-8.2417
1.2902,2.3093,6.8581
0.1424,-1.0249,7.1692
-1.2094,3.6126,-0.33498
-4.3631,1.6413,6.5024
-2.7283,5.0039,-3.0154
-3.3658,-3.5487,-5.6605
3.5936,-4.1254,8.4755
1.0869,-7.1393,2.4415
-1.0334,-1.601,-7.6009
-4.6021,-3.7898,-3.418
-2.2184,1.7667,7.0561
3.763,3.0148,-1.6208
-1.4049,1.0242,0.34777
0.95704,2.2203,8.9855
0.41273,-0.82609,3.1463
1.2794,-2.4149,-6.2414
0.37283,-1.7986,9.0136
-0.056513,-1.1034,-3.297
-2.7297,-2.0036,0.054203
1.06,0.89844,2.6732
2.3079,0.46764,-5.0577
0.7564,-3.1844,7.2831
2.562,4.9441,11.617
-0.28917,2.4001,-2.8184
0.69649,1.001,-3.7263
3.8097,-0.69089,2.632
1.052,1.1689,-3.7667
-2.3667,-3.5745,-0.52994
2.5725,0.41267,-5.1094
-2.0041,3.5787,-5.4055
0.78793,-2.1845,-1.9415
1.244,0.68556,7.892
-0.63873,-0.32946,-4.4164
-0.25639,-3.7835,2.2126
0.94888,-2.2299,-2.0748
0.70382,-5.9363,3.5025
-2.0546,-2.7638,-0.56276
-1.8513,-1.874,-0.73421
-1.831,0.35846,1.3668
0.19389,-3.9797,-5.7853
-0.71234,-0.97177,4.2365
0.9761,2.3126,-5.1346
-0.62657,1.9382,-6.1061
2.7472,-2.2639,-9.3193
-2.7954,5.2102,-2.3105
0.75853,1.7344,9.8853
0.58987,4.5546,5.0697
-1.187,1.3195,3.6973
2.3976,-1.0948,2.2443
0.9157,-3.0009,-6.5773
-0.15269,-0.28806,-4.7781
-0.5609,0.90597,-5.7112
-1.7227,2.1958,-2.3529
0.47629,-3.3042,-7.5253
0.25857,1.6919,7.6682
0.38866,-4.6398,-0.76938
0.69196,0.032736,-0.23262
4.775,-3.1786,6.7285
-2.9122,-2.966,-12.062
-1.1833,-2.9171,6.5922
2.2679,-0.60582,-0.35536
0.8426,0.75231,-1.5618
1.2193,3.5516,-1.7402
-2.1651,-1.2646,-4.3087
-2.3205,1.5622,16.447
1.6499,1.3474,-8.4726
1.9243,2.9893,1.2698
-2.7325,-0.66025,-1.6326
-0.10271,1.5418,-11.484
1.8961,4.4526,-7.4692
-2.1613,1.8583,0.3619
-0.68277,-0.96823,8.7786
0.81749,0.87041,5.1971
1.1939,0.63822,1.1144
1.4047,2.7199,1.9636
0.99662,-2.685,-2.1727
-2.5849,5.4329,-8.1264
-1.5541,1.173,6.4554
2.4347,-3.724,-17.275
-0.96647,-0.50149,-3.9507
-0.86596,-2.4785,7.6689
-2.5471,2.3334,2.5102
-1.4325,-1.1927,4.9484
-3.1264,-0.018725,-3.1074
1.5624,3.6851,-5.7464
2.5699,5.9623,-1.0809
0.8383,1.1726,5.1967
-0.50682,3.644,2.0511
-0.33479,-1.4909,-0.17721
-0.42674,-2.3376,4.1969
-3.5196,-4.3242,19.304
0.17195,4.9081,7.2604
-0.93185,0.13468,-4.4953
-3.8656,-1.9924,10.981
0.30737,-7.9803,7.1607
-0.39795,3.2316,1.4762
2.277,4.1016,2.0351
0.6927,5.5363,-9.2194
2.9435,-4.3047,12.565
-1.4084,-0.53519,-3.7478
1.8653,-3.7386,3.5604
0.0013632,-2.4433,3.0734
-0.17907,0.41277,1.1025
-0.89835,3.5288,7.1937
-0.67862,-0.48379,-1.8002
1.1916,-4.1457,5.2506
-0.40426,3.5322,-5.0434
3.5323,4.0789,8.5781
0.60275,-4.7108,-4.6271
-0.13291,1.4122,-8.4548
0.3238,-1.4689,-6.313
-2.5963,0.27386,4.4964
1.2911,4.1486,3.5701
0.77983,0.59274,-3.2059
2.0621,2.0534,-0.74266
3.1337,-1.1355,-3.2244
-0.44455,0.061864,0.99359
3.2083,1.413,-8.2957
-0.70482,-1.943,1.916
0.49118,2.7377,-1.4105
2.4714,1.9479,-5.5058
-1.2171,-1.7159,-1.858
-1.0565,0.84124,-3.6337
-3.9297,4.9773,-8.0152
-2.6186,-2.5212,-3.411
-2.5022,1.2467,-3.6977
0.61746,-1.4356,1.7928
2.3637,-1.0136,-6.0147
-2.797,-0.23271,-6.7638
0.46244,3.1963,-5.9316
0.06388,-2.4914,-1.0676
1.4366,1.4605,6.0441
1.6742,-5.8145,-11.085
-1.1905,-2.444,-9.9489
-0.33338,-5.8324,-5.0526
-1.252,-3.8077,-1.0297
-5.8388,-1.6915,-5.9317
0.92073,-2.2484,-1.0373
2.2046,-2.9916,-5.1117
3.0691,-0.0010547,-11.124
2.3055,2.7028,1.148
1.4621,-2.6419,-2.9527
1.2652,2.9918,-8.93
-0.0065995,0.63802,4.3242
-0.0067314,4.4727,0.62481
-3.4105,-0.45686,6.251
-2.9546,1.9144,0.94804
2.3667,2.3612,-0.76909
-0.49284,1.0567,6.1602
2.6384,-2.9795,-0.9479
0.20417,-1.9842,0.45552
-22.941,-18.961,5.512
-20.399,-19.101,3.4234
-8.2056,-3.736,1.5522
-10.993,-5.7893,5.9783
-13.857,-7.0427,5.8975
-3.8066,-4.93,2.8807
-15.116,-9.6466,8.897
-5.0775,-4.2256,1.5118
-22.019,-19.11,5.8037
-9.8557,-5.4167,1.4148
-19.759,-13.901,10.043
-21.785,-16.667,5.7447
-21.312,-17.352,7.2709
-12.515,-4.2496,-0.42252
-17.648,-10.535,6.246
-21.882,-11.774,7.6251
-23.403,-17.858,10.519
-4.2063,-3.9677,-1.2445
-12.485,-5.7251,3.857
-14.009,-22.133,8.0189
-10.874,-6.4558,5.6036
-8.7867,-5.5571,0.82466
-4.8743,-2.5543,1.2146
-5.7422,-2.5436,1.0957
-2.1255,-2.6824,4.928
-2.6958,-2.2584,2.302
-8.9269,-4.5554,1.8973
-11.927,-7.4776,0.28332
-15.456,-10.823,10.286
-18.606,-13.501,8.9374
-10.678,-7.0159,4.2799
-21.776,-17.996,5.0945
-19.336,-16.218,8.1388
-9.0377,-5.5555,-0.020681
-17.909,-11.628,10.454
-8.9843,-4.0712,-4.0431
-16.51,-12.538,9.3814
-14.925,-6.9067,3.1039
-4.802,-2.4007,1.1062
-21.366,-18.75,5.1827
-11.388,-1.8979,5.178
-15.887,-6.0809,6.6958
-21.626,-16.006,9.915
-7.8492,-6.7452,-1.1107
-16.677,-10.822,10.418
-4.0991,-6.4982,-4.4505
-19.584,-10.138,5.5052
-7.4904,-4.5431,-0.13873
-5.7777,-4.1284,-1.302
-19.885,-16.279,13.798
-19.634,-14.993,9.2281
-2.7713,-2.0696,4.1293
-22.05,-18.171,4.205
-20.562,-16.316,8.8616
-2.112,-2.8623,4.6267
-7.8213,-2.0917,-0.8945
-11.77,-6.2609,5.5012
-19.811,-16.137,8.5991
-9.2661,-4.1803,1.7943
-7.9072,-8.3408,0.52846
-20.661,-18.019,6.117
-12.84,-10.324,4.3592
-22.336,-20.972,1.3932
-12.591,-6.3025,6.0697
-17.456,-12.221,10.659
-20.104,-16.532,6.6313
-10.427,-7.0091,5.9973
-17.294,-12.021,10.942
-20.075,-14.816,7.6269
-18.997,-12.899,10.23
-21.097,-14.805,7.2442
-9.9025,-5.1518,6.5888
-7.9793,-3.7394,-0.060475
-11.323,-5.946,4.4152
-3.4349,-3.3946,1.87
-14.09,-8.5915,8.3583
-13.728,-9.0886,8.9799
-15.389,-6.4248,8.7085
-11.264,-7.1699,3.7979
-9.2338,-1.2803,3.1093
-17.604,-12.914,13.924
-2.4098,-2.0912,5.2847
-8.6285,-4.8829,0.96854
-11.451,-5.8448,2.9441
-23.747,-13.125,9.1914
-2.2695,-3.0315,5.7038
-11.533,-5.5879,2.7
-18.333,-16.187,10.398
-15.894,-2.3336,9.1152
-3.9537,-3.3444,0.58332
-12.269,-7.3573,5.0308
-18.311,-17.015,9.7272
-6.8449,0.53248,0.75155
-20.637,-16.89,7.1415
-3.994,-2.3244,4.3112
-9.7729,-5.8165,-2.8455
-23.042,-17.75,5.5959
-17.895,-14.193,9.4395
-21.192,-20.065,7.1664
-20.259,-19.47,4.5174
-18.414,-14.522,10.092
-4.844,-0.69914,3.2015
-5.2156,-4.2924,0.78752
-12.421,-5.3624,0.79763
-13.423,-14.837,3.5676
-19.662,-15.102,9.8087
-7.8764,-4.1394,0.077342
-4.4766,-4.9188,2.4388
-21.809,-18.564,5.886
-8.218,-7.5855,3.3074
-2.282,-3.9647,4.3252
-13.669,-11.912,4.8297
-20.431,-18.891,8.5788
-7.6664,-7.842,-0.8489
-11.037,-8.0309,5.516
-19.502,-14.665,4.9538
-11.371,-4.7204,2.7729
-11.278,-7.65,6.3342
-7.8861,-3.9808,-1.2108
-19.923,-15.556,6.9425
-11.998,-7.178,5.7641
-2.5537,-2.7392,2.1119
-22.424,-14.995,11.534
-10.428,-5.4605,1.4217
-21.186,-11.082,7.5163
-22.516,-19.431,5.5818
-21.789,-18.533,10.352
-12.105,-7.1431,5.3577
-6.5834,-3.7157,0.82288
-19.963,-14.225,9.0319
-19.94,-17.757,7.0812
-17.354,-12.903,10.042
-21.46,-19.093,5.443
-10.307,-5.518,1.7628
-12.82,-7.8148,5.036
-11.081,-8.3778,7.1536
-3.1327,-2.2558,1.9309
-4.7873,-3.4853,2.6893
-8.2518,-6.3039,0.82369
-2.4122,-3.7642,1.2067
-21.65,-17.483,7.524
-5.0181,-4.2298,0.95498
-13.026,-10.193,7.9182
-21.938,-18.419,4.532
-3.3895,-2.5367,2.738
-9.5736,-1.6428,0.52341
-3.0943,-3.6645,6.1561
-12.287,-7.9475,6.0405
-16.693,-11.188,13.843
-14.678,-4.2202,7.7889
-10.501,-8.4399,7.1909
-14.067,-5.1543,9.7175
-8.6549,-4.8279,0.66405
-20.142,-12.64,8.2109
-20.899,-19.651,3.6328
-8.7613,-4.4975,1.17
-12.181,-16.3,11.219
-23.834,-15.726,0.085251
-12.507,-7.4328,6.6035
-3.4711,-2.8748,4.4965
-20.178,-19.335,7.1794
-15.233,-8.6717,9.2061
-0.66494,-3.1736,4.0553
-1.1007,-2.0784,4.8725
-10.723,-7.6512,-0.53688
-8.8086,-1.3209,2.2846
-23.404,-19.191,9.1053
0.06215,-8.2065,5.1889
-8.0394,-4.7183,0.95834
-21.574,-16.172,6.065
-14.301,-7.9895,-3.2147
-3.9672,-4.2272,3.7668
-17.559,-8.1561,7.7027
-19.53,-15.666,9.4269
-10.638,-6.4797,3.1043
-8.7463,-3.8931,1.2526
-13.186,-5.7257,4.2135
-18.103,-14.183,8.0661
-2.494,-1.8822,5.3606
-11.55,-5.7381,4.5521
-17.096,-15.689,8.4637
-15.312,-14.35,8.1758
-17.536,-17.579,8.9278
-22.455,-19.423,5.7454
-19.635,-13.563,13.766
-19.226,-13.372,10.701
-20.652,-17.2,7.2042
-6.8196,-4.4892,0.2507
-11.848,-6.6942,3.645
-10.396,-6.0243,2.966
-9.3897,-5.6313,-1.2812
-13.334,-6.7585,4.9053
-14.368,-6.9294,4.9179
-6.2752,-4.3933,1.0263
-19.916,-13.552,6.9076
-20.332,-16.878,6.1198
-12.293,-9.0699,-0.13741
-5.1251,-8.4429,4.3994
-21.211,-15.42,12.229
-4.5551,-2.2953,2.954
-13.99,-3.215,2.1658
-19.446,-10.513,6.5779
-3.2727,-1.6655,0.66487
-10.409,-5.6351,3.8052
-7.6592,-2.8571,-2.1519
-5.7066,-1.8318,-0.32139
-8.0498,-6.1072,-0.0053708
-19.784,-12.883,9.1944
-10.721,-6.2142,10.913
-11.302,-8.2568,-0.2022
-19.066,-16.157,8.1111
-8.5846,-5.1449,0.1584
-18.978,-12.405,8.9539
-21.169,-18.376,5.1778
-4.7786,-3.5066,0.83373
-3.1303,-3.2969,4.0841
-14.134,-4.856,3.6487
-11.047,-3.9352,-2.2744
-22.258,-14.824,8.5068
-4.4223,-2.5699,3.4322
-21.822,-19.255,4.5885
-17.627,-13.289,8.7775
-18.504,-11.223,11.179
-13.841,-9.6067,8.2958
-3.0295,-3.7573,2.7093
-19.078,-16.533,8.1632
-11.237,-6.951,1.0671
-6.4467,-4.351,-2.0992
-2.1935,-3.4885,5.1184
-22.096,-17.144,4.5078
-16.47,-6.059,12.03
-19.999,-14.535,13.039
-17.414,-15.196,10.759
-15.175,-8.6196,10.095
-20.238,-17.893,7.3747
-6.6305,-3.2483,1.7555
-24.576,-21.739,8.6055
-19.931,-15.791,9.3014
-5.0397,-3.589,2.0645
-9.5762,-4.7284,1.3553
-13.49,-9.3455,2.6729
-3.0678,-3.4321,2.5022
-24.266,-19.53,4.815
-14.659,-8.5179,7.1999
-12.856,-6.8435,5.7065
-23.984,-14.081,5.9078
-21.559,-17.339,7.2031
-13,-4.1045,3.4193
-5.8904,-1.3607,4.0694
-20.899,-16.441,5.8365
-11.587,-7.3339,6.4585
-11.069,-6.278,3.4238
-21.226,-17.52,4.8904
-16.52,-16.408,10.129
-14.977,-8.2776,8.8283
-19.727,-15.323,6.5908
-6.0614,-4.3678,1.2548
-12.854,-5.3269,2.5247
-7.9844,-2.2035,3.1542
-9.3422,-4.5263,2.2268
-11.17,-5.7568,4.6628
-17.046,-13.208,10.5
-7.8142,-4.4547,0.81093
-5.5742,-1.4948,0.46929
-18.069,-14.757,7.751
-21.283,-19.545,4.2096
-18.303,-16.537,7.1062
-2.6848,-2.7095,2.4545
-14.327,-6.1504,7.256
-4.9019,-3.2205,0.89288
-20.807,-11.745,12.248
-15.721,-7.3132,9.2445
-12.605,-5.7247,7.1907
-16.098,-12.946,12.723
-21.065,-20.044,5.1898
-8.5924,-1.3069,-0.054898
-17.904,-11.308,9.5101
-12.115,-7.6257,5.2434
-10.84,-5.6116,3.4775
-2.4316,-0.46061,4.5058
-16.219,-12.267,9.5821
-8.558,-5.7721,-1.1715
-7.1717,-5.545,-0.89788
-17.145,-13.138,8.78
-19.183,-17.423,4.5196
-6.7203,0.65316,0.23574
-18.802,-12.625,10.668
-5.561,-3.6661,1.6583
-2.8292,-3.6816,4.0912
-8.6174,-1.3123,1.2993
-6.1702,-2.5781,2.3155
-10.199,-5.6625,5.1653
-21.031,-18.935,3.8013
-5.0275,-3.2272,0.45276
-2.8244,-3.586,4.6092
-19.411,-13.484,9.3522
-21.216,-18.765,4.6709
-12.966,-7.567,5.2373
-5.1076,-9.6217,-0.2791
-14.6,-9.5965,8.5352
-23.99,-19.926,5.2654
-13.186,-7.4741,4.0058
-7.1433,-5.5645,-0.10046
-17.842,-12.778,5.0604
-21.143,-16.628,6.2656
-9.9739,-11.254,6.1079
-11.673,-7.6501,4.109
-15.864,-11.186,7.7459
-23.112,-16.774,6.6663
-3.4576,-2.5455,3.5066
-11.834,-5.6638,2.1772
-21.468,-21.942,7.1342
-19.315,-11.287,12.826
-3.2817,-2.9013,2.5338
-7.8494,-6.3115,-3.1919
-2.4646,-3.9825,4.3891
-21.166,-18.479,4.6122
-5.8678,-3.5514,0.44527
-7.1164,-3.6905,0.038714
-2.9291,-1.8035,3.8828
-22.46,-19.07,6.1264
-12.889,-5.3975,1.4105
-18.505,-13.551,9.5977
-11.008,-5.3853,3.0829
-21.71,-18.813,6.2068
-17.819,-16.481,11.484
-7.7589,-4.575,0.77865
-20.931,-14.616,8.3953
-4.6881,-2.7656,1.3871
-12.881,-7.1905,6.0233
-6.8615,-5.3248,0.20392
-1.2425,-4.159,7.7865
-18.04,-15.687,9.7554
-14.445,-18.093,8.2985
-9.1088,-4.6897,2.2545
-9.2137,-4.5097,0.16114
-3.3373,-3.1481,1.6485
-14.158,-8.891,9.0444
-14.766,-11.965,6.6229
-12.318,-6.0023,2.915
-20.787,-18.279,6.5567
-15.498,-8.282,9.3828
-18.669,-15.629,7.1629
-12.517,-7.4407,5.6467
-17.391,-16.09,5.4024
-10.725,-4.2632,0.082425
-19.292,-15.085,8.9838
-7.3559,-0.20732,3.9432
-11.888,-7.8476,7.5408
-20.623,-16.043,11.658
-1.5761,-4.0393,3.361
-8.7014,-6.1159,7.3382
-2.895,-2.771,3.5332
-4.0988,-2.3041,1.9166
-20.001,-15.983,7.7993
-5.4456,-4.3474,1.159
-4.9075,-1.749,1.6446
-4.3551,-3.7746,-0.12965
-14.031,-8.6097,6.7869
-10.035,-6.5998,2.8054
-5.4993,-6.3916,2.5975
-19.976,-16.119,7.3718
-21.724,-17.269,6.7787
-3.256,-1.1048,1.1408
-20.506,-17.474,6.5168
-16.635,-12.755,9.4831
-7.4661,-5.3726,-1.004
-6.4758,-3.1107,5.2336
-12.624,-7.2064,7.1143
-2.8413,-4.004,4.1346
-2.7009,-3.9651,3.8621
-3.7793,-3.1016,1.7772
-18.67,-13.377,8.5234
-11.824,-5.6218,4.0952
-22.694,-18.866,4.8909
-20.628,-24.353,5.8535
-4.6603,-3.1037,2.2799
-10.08,-8.5093,2.3187
-13.155,-6.1694,7.8019
-20.054,-13.612,13.814
-4.3113,-2.9672,1.6877
-0.67024,-3.3431,4.2967
-19.42,-15.416,9.5334
-14.376,-7.5308,6.9572
-12.563,-11.406,6.2234
-9.6451,-9.6394,7.166
-15.079,-8.8714,10.509
-1.9315,-2.0816,5.3172
-10.381,-6.0366,3.3462
-9.3288,-5.3283,1.4706
-13.443,-6.4802,3.5217
-9.3359,-7.1862,-0.67928
0.075619,-0.35546,-0.051852
-8.4766,-4.4362,1.4332
-3.6166,-3.1719,3.4109
-18.087,-15.56,2.1979
-19.681,-15.489,8.2934
-4.7351,-3.2921,1.2171
-16.116,-10.595,10.316
-8.4758,-6.1714,1.7779
-14.378,-9.358,8.574
-15.123,-7.064,11.174
-18.53,-17.325,6.2306
-3.8584,-5.6337,-2.0617
-3.049,-2.0413,0.31774
-18.119,-12.941,13.749
-4.1629,-3.3774,-0.25518
-23.229,-19.357,5.2854
-9.7276,-6.8261,6.8667
-9.1514,-3.8019,1.4618
-14.25,-8.0506,8.3391
-19.486,-17.989,7.1204
-18.388,-9.8127,6.7176
-10.037,-5.4803,3.0615
-4.6683,-2.2461,-2.0627
-22.031,-18.821,2.4703
-10.831,-8.8723,12.085
-19.928,-12.866,9.3629
-16.394,-14.169,8.117
-23.961,-17.588,2.8626
-19.704,-14.549,8.5191
-4.3045,-0.44366,1.1819
-4.0584,-4.0974,3.295
-10.569,-4.8851,1.3206
-8.5672,-3.806,1.2717
-20.15,-16.239,8.9012
-10.975,-6.7359,2.2034
-19.124,-17.189,6.5536
-1.8964,-2.0808,7.0198
-6.6833,-4.8807,4.8335
-11.066,-7.8993,5.2269
-18.629,-13.252,9.899
-16.072,-17.402,7.5978
-18.127,-14.113,8.0688
-12.493,-7.3353,6.3781
-18.285,-21.497,5.5811
-6.7285,-6.9101,1.6845
-3.9575,-2.6371,2.718
-9.8506,-5.0767,2.2334
1.4036,-3.7873,3.5467
-19.463,-14.284,8.9321
-11.145,-1.167,2.1987
-14.173,-8.0316,7.3715
-4.1742,-2.8114,2.9889
-20.835,-12.385,6.329
-20.554,-16.834,4.4594
-4.6378,-0.62031,-1.236
-18.288,-14.578,12.458
-14.292,-2.7248,6.5338
-17.295,-10.731,9.0654
-18.14,-13.056,10.133
-12.092,-8.3798,5.7564
-19.807,-17.832,6.0131
-13.499,-8.8592,9.0834
-13.915,-8.1694,7.7284
-19.734,-16.432,6.9156
-21.501,-13.611,11.118
-13.795,-12.344,7.7623
-16.755,-8.4711,9.8343
-13.629,-2.2743,7.8928
-7.6212,-9.5426,1.0645
-14.433,-4.401,7.1192
-15.606,-10.049,9.3903
-4.6229,-3.0659,-0.60161
-0.016021,-4.5292,3.5485
-3.1598,-3.083,3.259
-18.097,-12.761,10.201
-19.001,-15.007,7.1014
-19.093,-14.893,9.7393
-18.635,-12.345,9.7315
-19.509,-16.119,9.2167
-23.614,-15.265,5.2362
-6.6658,-6.3247,-0.23184
-16.526,-14.494,7.8958
-1.7676,-1.5274,2.7694
-23.484,-20.701,4.1441
-13.122,-11.757,10.441
-17.55,-13.668,9.7984
-3.6263,-4.4887,2.8394
-11.063,-5.4554,6.0948
-4.2647,-3.8349,3.5413
-19.39,-15.866,7.9694
-10.789,-3.8124,6.063
-18.892,-12.857,6.0303
-1.0715,-3.3027,10.967
-12.407,-8.0898,5.2013
-2.4503,-3.2343,4.3144
-9.5993,-5.0824,2.0065
-20.163,-16.196,3.7738
-21.781,-18.121,5.2681
-23.483,-14.883,3.7894
-10.908,-7.9088,3.8481
-10.523,-5.0138,10.065
-2.125,-2.5497,5.8348
-10.751,-6.8205,6.9376
-18.304,-15.126,9.1645
-4.5881,-2.3173,2.4096
-11.694,-6.6306,3.2609
-16.868,-10.897,11.118
-22.123,-18.247,6.6635
-9.9959,-7.5398,10.929
-13.911,-5.9569,5.5093
-24.306,-20.328,6.8651
-16.597,-14.335,9.0576
-4.2808,-4.8385,3.8352
-3.498,-3.0409,1.9128
-10.463,-5.2496,-0.42794
-11.118,-3.9423,0.87719
-3.0785,-2.3181,5.6855
-7.7289,-4.9413,-0.43624
-13.654,-5.5887,4.5763
-20.638,-15.274,9.6081
-2.0216,-4.1317,6.0673
-12.781,-8.4282,6.471
-4.9962,-2.4077,0.79906
-21.148,-15.443,7.0147
-3.5564,-3.667,5.3839
-22.261,-18.1,6.4949
-14.775,-7.5926,6.9183
-4.6852,-1.4124,0.83939
-12.617,-4.9466,4.3216
-2.8254,-2.5453,2.5456
-13.672,-7.1341,6.9184
-9.1722,-4.208,0.015723
-19.322,-13.853,8.0073
-9.6313,-5.2746,1.3466
-20.171,-16.852,5.6887
-25.595,-17.365,3.8463
-23.077,-20.213,5.5997
-3.8153,-2.2506,1.8488
-0.76246,-5.5157,4.2374
-25.336,-18.877,3.7939
-22.626,-14.254,2.1549
-9.7723,-4.7419,1.1694
-22.186,-19.455,6.2962
-22.051,-22.59,3.5281
-17.548,-15.455,7.3289
-20.612,-14.534,7.9977
-4.6549,-4.6853,0.40483
-8.8115,-5.0581,0.74057
-25.947,-15.498,8.9034
-22.254,-18.632,4.7563
-8.3183,-7.5058,1.3192
-10.115,-9.2586,8.8701
-15.757,-18.165,4.3302
-20.789,-15.786,6.9811
-21.625,-18.5,4.8333
-2.6859,-4.9461,8.3578
-10.768,-5.619,0.76906
-21.267,-18.449,7.6064
-17.233,-17.631,10.453
-20.414,-16.903,6.9087
-18.314,-6.6601,9.2465
-15.942,-13.081,6.3661
-16.616,-15.689,7.1423
-22.837,-12.159,13.513
-21.392,-17.846,5.1217
-17.694,-12.401,9.9116
-13.422,-5.7255,8.6843
-13.235,-1.3361,1.3233
-9.7794,-4.321,0.29868
-18.681,-16.013,8.3459
-9.8722,0.4505,-1.2632
-19.393,-16.217,5.1399
-16.78,-9.1604,8.6034
-19.868,-15.814,8.4645
-13.907,-8.8718,6.4822
-5.0701,-2.8048,0.57307
-11.504,-6.6373,3.2849
-6.6271,-5.1379,0.78111
-5.1466,-7.4458,1.5025
-6.697,-2.5004,2.7052
-9.7984,-3.773,-2.4623
-19.151,-12.196,8.9143
-3.9091,-0.16349,4.7804
-5.5548,-2.7649,2.7588
-2.3445,-2.7302,2.8158
-10.882,-8.0172,1.6751
-19.569,-15.082,9.2419
-10.388,-6.7755,4.0574
-19.26,-11.777,7.2169
1.7,-2.3668,7.3457
-4.1244,-3.3084,-0.48042
-15.21,-9.9249,8.7942
-21.858,-19.097,5.4646
-10.74,-17.033,9.7638
-20.316,-16.789,8.9745
-11.561,-12.016,10.141
-11.246,-4.414,6.3107
-3.7158,-3.1398,2.0582
-2.3925,-2.8803,3.1379
-5.0417,-3.6236,-1.0246
-19.568,-16.882,10.425
-3.0628,-1.4693,0.43446
-5.3344,-4.1306,1.5759
-15.014,-10.105,10.045
-7.5915,-4.1598,-1.2388
-9.3494,-4.6901,1.5885
-14.463,-8.695,7.8809
-10.325,-5.7569,1.7099
-15.702,-11.561,11.035
-16.559,-11.607,5.32
-21.326,-17.286,4.3941
-24.098,-22.093,6.4859
-2.3325,-3.1841,6.6227
-17.593,-11.685,4.8354
-6.5318,-3.502,-0.010348
-15.789,-7.6024,11.605
-18.744,-11.126,14.484
-18.031,-12.111,9.4695
-13.435,-7.7438,4.8285
-10.336,-5.084,1.5845
-9.3996,-5.4395,0.96616
-17.272,-14.939,7.5935
-2.9103,-4.2602,-1.5484
-10.343,-6.6217,3.7009
-17.89,-12.402,10.285
-23.681,-17.757,5.9537
-23.95,-20.114,6.538
-13.534,-3.7707,-1.7933
-11.62,-9.3469,10.544
-9.1911,-5.8432,0.93957
-16.888,-11.329,10.753
-16.389,-10.161,10.221
-18.91,-14.69,10.841
-11.002,-4.2998,6.7094
-2.9587,-2.8198,4.2926
-2.5944,-2.0635,1.571
-9.7803,-4.4927,1.7542
-18.918,-13.678,8.5667
-18.993,-13.183,9.9238
-12.255,-7.408,6.3052
-2.5723,-3.2398,4.3011
-18.374,-9.6705,11.938
-18.412,-13.232,10.922
-16.943,-11.187,11.269
-4.1592,-2.2192,5.115
-10.885,-5.5113,3.0468
-11.709,-6.8475,3.723
-19.223,-15.029,7.8511
-16.956,-17.9,8.479
-8.8729,-5.0662,0.53488
-19.531,-13.709,7.5368
-3.2151,-2.5074,0.67717
-15.276,-10.707,8.3319
-16.831,-12.297,10.178
-15.556,-11.847,10.5
-9.3718,-4.5609,2.5173
-5.5836,-3.6454,1.1366
-12.012,-6.6317,4.8963
-2.0946,-4.6487,3.6995
-8.3486,-1.0097,-3.65
-19.779,-18.387,6.0945
-11.391,-11.43,9.0024
-19.782,-14.824,9.9763
-17.239,-10.067,8.6854
-14.586,-6.6034,0.64151
-18.142,-12.287,11.08
-20.203,-13.72,3.374
-5.7123,-4.2083,-1.6995
-11.42,-6.6332,3.9993
-10.569,-6.2573,3.603
-17.019,-8.778,6.4956
-12.868,-11.597,9.4099
-4.6379,-4.414,-0.23008
-11.517,-6.0289,3.4609
-19.149,-14.932,6.9023
-19.93,-15.516,9.1173
-17.777,-12.062,9.2942
-13.551,-6.9785,4.1089
-21.146,-18.553,5.1188
-13.229,-7.9533,6.5648
-2.6958,-3.1999,4.4074
-7.2031,-3.8897,0.59483
-7.9278,-5.1945,0.41559
-7.0705,-1.324,-0.2717
-14.859,-7.2519,5.1083
-9.716,-4.5531,2.5108
-22.989,-20.318,5.8681
-7.8915,-8.6808,1.2009
-11.577,-6.7893,2.3586
-22.755,-19.704,4.748
-6.2885,-3.8633,0.14683
-15.063,-13.51,10.084
-12.206,-7.0269,4.1928
-14.108,-7.021,7.0754
-21.116,-19.174,5.532
-7.3951,-3.7063,0.046838
-2.7424,-1.3697,5.1021
-19.546,-14.735,12.367
-17.288,-8.0322,13.07
-7.1855,1.714,1.398
-5.1999,-5.5456,2.4772
-14.537,-9.4012,6.7833
-18.322,-13.92,8.5271
-11.787,-6.7696,4.3859
-18.77,-14.779,10.62
-3.4789,-3.4869,3.5119
-19.514,-12.973,10.242
-16.684,-10.56,9.3406
0.076429,-0.76765,3.724
-18.642,-15.057,8.5518
-17.955,-13.393,9.2267
-19.638,-13.602,9.5957
-14.443,-10.934,9.5598
-9.2024,-7.7803,3.3719
-4.0422,-1.2221,0.47895
-14.816,-10.185,10.027
-22.469,-18.147,4.9772
-11.088,-7.1025,2.2985
-6.1235,-4.0695,0.27521
-12.879,-4.8293,4.6518
-7.0747,-2.6281,-0.26903
-10.893,-5.7174,3.8236
-3.7108,-1.5883,2.5257
-21.818,-21.454,6.7741
-13.302,-7.8615,7.1028
-9.8722,-9.1417,3.0928
-5.7319,-2.1812,0.79937
-17.508,-11.106,8.2976
-14.311,-8.0607,7.1571
-10.274,-6.5065,7.6325
-8.9869,-3.9455,4.6672
-18.752,-17.307,3.6019
-7.6205,-5.2231,0.20488
-8.9668,-5.5543,9.1554
-22.106,-18.248,8.7117
-1.6427,-2.3341,4.5651
-13.039,-7.9987,6.7425
-23.418,-17.252,2.8891
-14.045,-8.7451,8.0489
-4.8133,-2.8934,0.46558
-13.929,-8.8517,7.4413
-13.656,-7.451,7.725
-14.069,-9.1925,7.9923
-23.054,-18.689,11.573
-6.6014,-4.4537,0.57276
-21.605,-18.081,5.6535
-2.1286,-1.5381,5.9343
-16.949,-11.948,8.6213
-11.702,-6.8935,5.489
-17.043,-11.611,8.002
-3.797,-4.2636,2.2052
-7.4327,-3.3106,6.5034
-21.242,-17.855,3.96
-0.97128,-4.8614,4.2251
-8.3708,-4.1121,0.12007
-13.87,-8.3478,9.1857
-24.091,-22.661,7.3098
-9.4739,-10.595,5.0543
-1.4938,-3.0422,4.3074
-23.108,-17.685,7.135
-17.281,-12.373,8.9632
-6.3022,-4.1502,-0.51678
-21.416,-14.72,3.9275
-8.2512,-3.044,0.02984
-19.718,-14.972,9.1546
-21.289,-19.238,5.2754
-7.1502,-2.1941,-1.705
-12.519,-7.0906,5.9754
-8.8261,-4.3779,-0.65945
-9.6531,0.95213,1.6645
-15.093,-11.022,13.069
-4.9856,-2.9353,-1.766
-8.2024,-5.2691,-0.73142
-5.5455,-2.759,-0.71643
-9.2183,-5.6281,1.4094
-11.216,-6.9877,3.096
-9.807,-5.8431,2.2981
-15.157,-8.0629,7.9333
-18.698,-13.155,12.183
-5.147,-3.4103,0.27285
-20.443,-16.531,6.7912
-20.707,-15.302,8.7882
-0.065568,-5.3166,4.1471
-17.938,-10.329,8.6841
-23.259,-20.677,7.4473
-13.576,-7.3205,7.1992
-9.7186,-5.7861,3.1274
-8.4401,-4.216,-1.279
-20.938,-8.0812,12.012
-25.261,-19.69,2.4518
-2.0595,-1.4849,4.1552
-20.285,-16.375,7.1327
-21.758,-18.712,4.3495
-11.329,-11.492,5.1416
-13.82,-9.0934,9.1514
-13.918,-7.2539,5.8107
-15.611,-10.347,8.1539
-17.316,-13.944,8.2442
-13.946,-6.5315,2.9758
-11.592,-5.8187,4.7015
-19.339,-19.845,6.1259
-2.5357,-3.3658,3.0659
-11.173,-7.7908,5.257
-19.254,-22.86,4.6554
-9.7982,-6.9774,4.2563
-18.68,-14.013,10.379
-9.5796,-4.9543,-1.1597
-5.6324,-5.4563,-1.0684
-13.508,-7.6154,5.6265
-16.477,-5.831,2.92
-18.122,-13.653,7.8414
-11.712,-7.7445,3.463
-12.709,-6.7201,9.2834
-13.798,-13.022,7.0692
-19.362,-15.107,10.064
-14.977,-10.136,9.7751
-18.66,-13.433,8.923
-7.7132,-5.7965,-0.092533
-10.924,-3.9878,3.6445
-21.269,-18.091,5.1467
-20.264,-17.076,4.77
-4.0155,-6.0515,3.255
-18.612,-13.522,11.12
-21.774,-15.95,6.0045
-20.272,-14.929,9.6012
-9.7542,-5.134,2.0456
-6.149,-3.6731,0.051078
-3.3432,-3.0369,1.4539
-12.88,-4.3277,6.153
-20.62,-16.671,6.5989
-19.651,-13.093,9.7155
-5.0065,-5.1528,2.0522
-10.727,-5.9649,4.9836
-18.173,-13.825,10.563
-15.304,-9.639,7.9491
-22.844,-14.271,8.8207
-5.2741,-1.18,0.56157
-12.133,-7.7626,4.9713
-3.896,1.9204,-2.3183
-1.6534,-2.2392,4.6673
-3.0438,2.9148,-0.80006
-17.881,-12.453,10.092
-20.449,-19.836,6.7213
-4.7841,-3.2519,-0.77492
-3.1458,-4.7115,3.4782
-18.125,-13.363,10.544
-20.282,-15.926,7.2468
-7.0198,-6.0982,1.7158
-17.932,-15.999,6.3884
-16.671,-11.41,11.909
-12.86,-7.2303,1.9771
-19.347,-16.761,8.8836
-26.87,-18.743,7.6397
-10.107,-7.3648,1.4345
-11.875,-7.3858,6.9535
-2.144,-2.5678,-0.45409
-22.758,-15.684,6.7095
-1.076,-1.4547,-0.08109
-9.3951,-6.4304,1.314
-2.3269,-2.0514,5.4713
-19.901,-17.285,4.6869
-25.814,-22.288,8.3743
-2.0125,-3.2045,4.411
-14.008,-8.4754,8.4871
-15.169,-8.7109,8.6304
-18.686,-13.617,7.3261
-7.8022,-3.0593,1.4476
-21.722,-19.245,5.0591
-12.35,-8.0014,7.3114
-10.11,-6.2764,3.5501
-17.129,-11.532,9.9684
-9.472,-3.5343,-0.10613
-12.634,-6.8944,0.99441
-15.542,-9.5284,7.5427
-7.7554,-0.13476,3.9483
-4.526,-2.1977,-0.93754
-8.3817,-4.6784,1.4378
-11.028,-4.2632,-0.73006
-18.951,-14.654,4.7539
-11.321,-6.4806,6.1872
-6.26,-2.1398,0.086724
-5.2861,-2.3248,1.5006
-21.218,-17.811,4.9257
-5.216,-3.4544,8.1779
-21.632,-18.941,6.0294
-2.305,-2.0416,4.0349
-21.106,-16.989,4.7195
-18,-10.204,4.6139
-13.546,-5.6394,6.2928
-13.17,-7.827,7.4288
-13.823,-9.2922,13.545
-11.173,-9.4252,-2.1638
-16.234,-9.5704,11.01
-1.7061,-7.6434,-0.75251
-14.562,-5.1674,-2.8519
-3.6125,-2.5846,7.2698
-6.8718,0.47159,-2.0942
-6.6698,0.041293,3.4004
-4.0663,-2.9543,5.24
-23.499,-19.58,6.2854
-11.411,-5.7373,3.6597
-20.829,-17.015,5.5145
-13.266,-7.2915,4.9861
-11.785,-6.8036,4.7958
-13.594,-10.71,9.7113
-14.923,-15.328,5.7611
-3.5362,-3.8073,1.6228
-17.685,-17.934,4.7802
-14.02,-8.8446,7.4425
-6.7499,-2.9317,3.4535
-23.796,-17.432,3.8405
-2.9646,-5.9039,1.4267
-5.1034,-1.486,0.93833
0.92354,-7.1208,2.2375
-13.407,-7.1864,7.4884
-15.161,-10.238,7.7304
-19.277,-13.674,10.83
-19.159,-18.512,9.4719
-8.4584,-9.775,8.2894
-6.6676,-4.161,1.0897
-5.553,-2.9121,1.7427
-22.233,-16.664,7.0709
-22.675,-18.918,5.2468
-1.2598,-3.6672,2.8765
-7.8889,-4.03,0.83514
-18.902,-16.498,10.688
-10.801,-7.4314,2.5432
-12.41,-8.0203,7.0003
-19.268,-15.023,9.1517
-20.161,-18.929,6.8976
-8.744,-3.3754,1.6817
-19.85,-14.076,8.2008
-11.931,-6.3392,5.0372
-20.153,-17.019,8.0868
-22.359,-17.969,6.5496
-4.5864,-3.7424,2.6367
-4.3169,-3.6143,2.0677
-20.908,-16.413,7.6127
-21.931,-18.051,3.4019
-18.771,-15.39,8.1669
-14.062,-9.4113,4.2653
-1.4078,-2.9113,5.7655
-22.838,-19.165,5.0285
-13.015,-2.9928,5.9058
-11.862,-4.5846,6.4726
-16.88,-16.785,11.366
-11.095,-6.5427,3.7734
-19.72,-19.204,6.4096
-19.777,-17.145,7.3499
-20.378,-20.048,5.8581
-16.488,-17.227,11.563
-17.662,-9.8876,9.8067
-20.564,-19.382,8.3226
-12.752,-3.359,2.4501
-7.8743,-2.5928,1.1726
-6.1838,-4.8384,-2.9527
-10.132,-6.3731,2.7793
-15.848,-13.095,7.8954
-15.703,-3.872,4.5059
-16.704,-8.3853,8.7107
0.87522,-3.1105,9.2231
-23.162,-19.168,4.7346
-20.539,-18.779,4.3458
-2.394,-2.8443,4.0268
-22.333,-17.214,4.1169
-12.023,-8.4897,4.42
-11.423,-3.6712,3.8886
-12.77,-6.7749,5.807
-3.2611,-2.9585,5.3186
-0.99276,-4.0239,4.5546
-10.208,-6.4874,5.223
-20.425,-16.412,6.0542
-11.408,-5.0428,2.0758
-3.5124,-3.2992,1.2657
-9.1584,-5.7802,0.2992
-1.5521,-3.5046,4.8067
-19.294,-16.405,6.2028
-8.1684,-3.2459,-2.7279
-10.77,-7.7802,1.5342
-6.9525,-6.1343,-1.18
-13.237,-8.9161,8.8746
-9.8798,-5.8648,2.5915
-10.555,-7.7508,4.9648
-10.831,-7.4197,-1.9876
-19.613,-14.613,7.7039
-21.945,-20.484,0.64545
-19.36,-17.919,10.503
-24.71,-20.634,4.6324
-5.7066,-2.7173,0.46732
-15.673,-11.33,9.7654
-13.975,-9.3638,8.3719
-5.0709,-3.255,0.83412
-3.129,-3.0438,3.1444
-18.537,-14.564,9.826
-19.539,-16.427,5.0838
-5.2291,-3.6064,0.39416
-11.253,-6.7402,2.992
-2.5984,-2.2603,2.8955
-3.8546,-3.7899,3.2289
-19.396,-15.309,12.761
-11.781,-7.2534,5.5419
-2.7696,-3.079,3.5448
-11.372,-8.7358,4.1335
-3.723,-2.4075,2.9745
-4.363,-3.2834,0.45904
-8.7618,-9.6697,5.8403
-22.624,-19.242,5.4228
-18.696,-19.99,8.6505
-13.048,-11.436,7.1305
-0.76139,-3.7702,5.9086
-6.1196,-0.58122,9.4842
-17.676,-20.037,0.45015
-12.928,-8.7974,9.803
-15.74,-8.9981,10.827
-7.5009,-5.3593,1.3306
-10.205,-5.6941,1.7519
-19.049,-13.225,10.058
-8.5566,-6.7211,1.0324
-19.96,-15.619,5.3014
-10.441,-5.5459,4.4469
-20.501,-16.943,6.178
-5.995,-5.3733,3.6692
-11.072,-8.0178,3.9701
-6.0131,1.7072,4.4193
-12.108,-2.9938,4.1607
-20.832,-16.115,6.8674
-5.4301,-3.5826,0.96974
-12.661,-6.9803,5.6302
-1.61,-2.4995,-1.3455
-8.3256,-2.7112,2.9784
-14.489,-10.079,9.0652
-7.9826,-4.1665,0.0085376
-16.634,-10.149,8.6469
-7.18,-5.2573,-1.7657
-3.8562,-2.526,2.6023
-23.846,-22.272,6.2373
-21.369,-17.181,-0.97282
-10.47,-5.0582,4.4568
-13.054,-7.7487,7.507
-3.0041,-4.3939,-0.87551
-12.257,-6.8636,1.1712
-13.059,-10.111,9.8517
-5.7815,-2.6149,-1.1241
-21.67,-16.851,3.7509
-6.5295,-4.5125,0.53203
-5.2365,-4.0113,-0.58909
-6.8012,-4.593,0.063331
-9.8817,-8.9894,3.1356
-20.779,-17.483,5.5383
-4.126,-5.8539,3.1009
-8.7705,-4.4719,0.26173
-14.827,-9.6615,8.4078
-10.294,-8.5885,2.046
-6.0925,-5.2258,1.8383
-20.555,-16.612,6.1394
-2.481,-5.2073,4.9412
-11.622,-6.1019,4.3353
-12.342,-5.5732,5.1852
-12.251,-7.7794,5.9669
-5.4515,-2.5273,1.3347
-2.7106,-1.6317,2.2593
-17.281,-14.749,11.871
-19.686,-14.904,9.8392
-3.2887,-3.544,0.76746
-10.977,-11.461,6.7591
-4.7021,-0.62552,-2.4086
-1.8071,-3.612,2.5794
-6.662,-3.6494,0.27548
-11.026,-3.5987,4.7723
-20.452,-17.691,6.2509
-2.5167,-3.0383,3.2433
-24.492,-16.619,12.576
-20.112,-14.799,7.6249
-15.638,-7.3284,8.9218
-3.9279,-3.3469,0.21851
-13.53,-6.8969,6.9927
-21.715,-14.491,8.063
-20.874,-17.489,7.4132
-13.18,-5.5718,6.9322
-17.617,-12.332,9.7587
-16.625,-7.7411,11.725
-3.0898,-3.1838,5.3011
-5.7464,-1.7286,-0.42443
-3.6396,-3.9586,3.0257
-10.71,-5.1074,3.0841
-17.729,-13.153,9.995
-20.831,-18.702,8.4603
-6.2417,2.208,2.5053
-18.881,-7.2277,7.2198
-19.582,-15.285,8.894
-6.9525,-3.7473,4.2749
-19.532,-13.402,13.148
-12.44,-10.764,7.034
-5.3814,-2.3869,3.1348
-19.759,-16.634,7.2256
-3.8614,-3.3128,0.22363
-8.8814,-9.3974,6.4603
-23.656,-18.481,2.5584
-10.96,-5.0081,4.8704
-23.617,-16.295,8.2614
-3.4343,-2.7031,3.5548
-9.1634,-5.7015,1.4432
-20.823,-19.446,5.1095
-22.205,-19.852,4.5286
-10.746,-7.5244,5.2171
-2.0211,-2.6884,2.4359
-14.363,-8.0629,5.8539
-21.45,-17.466,6.7634
-11.07,-4.7522,-0.25394
-13.169,-12.787,7.2817
-18.558,-13.659,8.9445
-19.034,-15.444,9.2315
-5.4671,-2.132,3.3007
-13.737,-10.348,7.4793
-20.689,-18.506,5.7133
-11.14,-10.449,4.7997
-5.7696,-2.8986,0.89048
-18.689,-12.933,10.943
-3.2201,1.6198,3.4106
-11.926,-7.9643,3.8381
-1.9355,-2.5652,0.9905
-17.521,-9.6463,12.815
-10.081,-6.9241,4.8047
-12.777,-8.6151,5.8206
-1.6643,-2.181,5.0502
-1.9057,0.025993,4.7073
-9.5468,-5.4955,2.7592
-21.531,-17.526,11.392
-8.7757,-6.6618,0.92082
-1.8335,-2.536,2.9225
-21.259,-19.267,4.1215
-15.062,-3.5585,6.1205
-19.1,-13.052,8.8087
-20.631,-18.6,5.6818
-17.911,-12.723,10.874
-10.4,-2.9604,2.8673
-9.352,-5.6084,1.4049
-13.986,-4.13,2.6785
-3.9228,-2.4507,2.8282
-17.678,-17.16,5.6129
-14.899,-9.0548,8.1333
-19.422,-14.922,10.55
-19.888,-18.722,4.728
-13.388,-6.8968,7.7499
-9.1003,-4.1034,3.3919
-4.974,-1.8878,2.6416
-13.844,-7.4222,9.7136
-23.605,-18.565,4.2562
-11.782,-6.6449,4.1308
-9.1109,-9.1564,-2.0279
-11.228,-5.8285,3.0073
-10.18,-6.7333,2.8916
-22.176,-15.895,4.4418
-24.518,-16.935,3.8575
-20.008,-15.865,4.3525
-11.802,-10.64,11.058
-10.602,-5.4552,2.7816
-12.497,-7.936,6.0911
-21.736,-15.961,6.0899
-5.4641,-5.7184,5.2388
-12.425,-6.4516,4.4926
-16.924,-13.025,10.332
-4.868,-4.0767,4.1294
-19.26,-14.255,8.3897
-6.9125,-5.1399,1.0209
-21.727,-18.226,4.8788
-13.763,-8.7406,7.4248
1.351,-1.5154,1.7158
-7.0104,-7.4074,2.3147
-22.332,-18.501,4.983
-8.3235,-4.9035,0.043295
-1.9269,-2.7585,1.8986
-13.976,-8.0106,5.4443
-5.3096,-2.705,4.4012
-22.463,-18.858,4.9769
-13.543,-6.7656,7.4442
-20.407,-13.503,9.6887
-2.9112,-2.5173,3.4658
-22.36,-12.483,9.2295
-7.8247,-5.2628,3.0019
-19.151,-14.815,10.242
-8.7248,-0.88348,2.336
-22.41,-17.418,4.8992
-12.256,-7.1705,5.8558
-22.641,-18.989,5.3968
-14.495,-4.4339,5.9264
-14.037,-10.568,8.3384
-14.421,-9.6193,9.4523
-18.383,-15.254,7.9464
-13.652,-9.8289,9.2271
-10.009,-5.0305,0.87319
-1.1709,-3.08,5.7636
-9.373,-3.9615,-1.2474
-17.28,-11.306,12.816
-13.84,-8.919,12.443
-19.396,-15.487,9.3197
-10.682,-5.4838,1.8581
-11.579,-5.4546,4.6353
-18.563,-13.867,8.7318
-21.105,-16.507,6.5646
-19.685,-16.018,7.1477
-8.3578,-4.0497,3.807
-5.4999,-2.6407,-0.062032
-2.5816,-3.8591,4.9439
-23.491,-18.775,8.8026
-20.594,-20.4,6.9274
-12.751,-9.3138,12.976
-10.721,-12.496,7.7639
-8.2695,-2.0472,-0.97139
-11.576,-7.3238,7.1483
-12.588,-8.1481,4.9711
-5.8036,-7.5999,-3.362
-16.144,-7.3101,3.7518
-7.7623,-6.1088,0.043201
-1.1323,-2.0977,3.9131
-19.437,-15.019,9.3123
-22.092,-19.211,4.8864
-13.578,-6.4486,5.6693
-2.8613,-3.097,3.5659
-15.246,-12.899,10.184
-0.64475,-4.1087,3.0386
-11.2,-5.7163,1.9208
-1.3942,-7.964,3.1292
-21.36,-18.215,4.2248
-7.95,-5.5618,2.4267
-16.341,-10.308,10.496
-12.933,-4.3339,-1.4682
-9.5913,-3.0825,0.097515
-8.2252,-5.2985,0.38956
-2.2497,-1.0865,7.896
-20.377,-18.362,4.5396
-3.6166,-1.8488,2.826
-4.4831,-2.3325,0.21828
-19.923,-15.878,7.7313
-21.385,-17.322,7.3607
-9.3897,-6.7599,2.3811
-16.721,-12.356,10.052
-11.569,-9.9293,2.8667
-0.93165,-2.8149,4.0873
-12.383,-7.5803,-1.8485
-22.363,-16.62,10.226
-22.291,-19.708,4.9447
-5.9241,-5.504,1.4916
-13.211,-6.4132,6.8931
-11.11,-6.9423,3.0883
-16.153,-12.512,10.051
-11.236,-8.1225,8.6767
-21.451,-16.344,6.1115
-5.6087,-3.1701,1.5971
-21.018,-16.348,7.3581
-4.3488,-3.2073,-0.53228
-2.865,-3.5969,2.1396
-2.9649,-2.7841,4.2032
-5.951,-3.0013,-0.26855
-20.494,-15.002,6.022
-20.396,-16.391,8.4017
-17.332,-11.592,10.076
-17.2,-10.781,8.5854
-15.526,-8.7343,9.5446
-18.994,-18.025,8.8051
-7.4988,-3.6018,-0.26976
-4.0217,-1.7904,1.4897
-18.522,-9.6633,8.7295
-6.5911,-1.8012,2.1888
-3.1875,-2.7953,5.3158
-11.277,-5.9518,4.7743
-21.5,-19.463,5.4675
-6.9033,-2.5373,6.3192
-7.9146,-2.6118,1.459
-2.254,-6.9707,4.6256
-22.432,-18.251,6.8002
-10.719,-4.2754,2.784
-11.924,-7.4505,6.5131
-5.9926,-3.975,0.39093
-13.168,-6.6324,5.258
-0.33077,-7.7324,5.0769
-18.657,-17.212,3.6734
-3.8584,-3.6675,1.1566
-3.0488,-1.7117,3.5404
-12.307,-7.3505,9.1273
-2.1934,-3.7747,4.8041
-4.1293,-2.5189,3.8236
-2.8857,-4.296,1.4628
-23.383,-18.35,6.1058
-16.966,-7.6144,10.363
-16.937,-14.393,9.0381
-17.342,-16.556,10.005
-4.8546,-3.4361,0.44838
-11.46,-7.437,4.978
-15.17,-12.285,11.346
-18.139,-14.494,6.974
-6.5111,-1.218,4.0379
-12.528,-6.5075,3.9766
-8.63,-5.7019,3.0326
-20.375,-15.778,7.6135
-14.798,-12.274,8.8975
-2.5994,-3.137,2.5018
-13.936,-10.282,8.6668
-15.662,-13.073,7.3696
-7.2322,-3.5541,0.28033
-2.9994,-5.7366,1.2476
-5.6717,-3.0492,-0.64707
-23.002,-16.804,5.9713
-13.447,-8.9711,8.3226
-21.096,-19.345,4.903
-11.71,-7.2805,6.4375
-22.4,-17.952,5.4529
-20.759,-20.336,2.5404
-12.467,-6.6449,3.3398
-23.643,-20.702,6.2012
-12.651,-8.0283,7.6559
-8.6989,-2.8587,3.7043
-5.6968,-4.2212,0.82733
-11.085,-3.8347,4.2107
-6.3324,-5.066,1.2005
-17.138,-11.342,8.5425
-10.188,-10.869,1.6015
-9.7488,-1.9801,6.889
-0.10943,-4.4999,1.3622
-20.224,-16.629,6.8162
-23.789,-14.353,4.5227
-6.7519,-4.0323,-0.83161
-17.325,-10.738,10.157
-19.385,-13.632,8.4728
-22.418,-20.297,6.2938
-9.7352,-6.1898,0.6072
-6.1509,-3.2849,0.024329
3.3961,-0.48583,7.4141
-12.98,-9.8944,8.1041
-21.155,-17.318,4.8007
-2.9306,-2.9027,2.3218
-20.607,-17.935,5.1552
-17.74,-13.151,13.679
-13.723,-7.763,5.5258
-5.378,-2.9474,0.22064
-22.093,-18.822,0.73362
-3.7754,-1.1842,1.2624
-2.8141,-3.0395,4.9779
-16.122,-9.8698,9.6812
-14.29,-9.3381,7.7314
-4.4793,-7.2674,3.6388
-14.013,-11.465,9.6948
-2.955,-7.5577,8.2181
-7.5875,-4.3025,0.078482
-3.1223,-4.3352,4.126
-18.436,-10.847,8.159
-11.501,-10.059,5.7789
-2.3834,-1.5335,3.9308
-19.24,-13.917,6.4405
-1.9517,-5.772,0.091407
-17.724,-15.678,3.0071
-15.143,-5.583,6.4131
-5.2057,-3.7219,1.0096
-8.3259,-3.2836,-3.5832
-1.8617,-2.6439,5.1538
-3.8785,-3.9055,3.901
-5.4723,-5.9507,0.36679
-19.954,-17.309,7.9564
-17.736,-13.586,8.8985
-10.315,-3.3101,0.92227
-11.293,-6.4422,2.1106
-6.3893,-3.1214,0.7414
-15.012,-10.687,11.983
-16.467,-14.31,5.8125
-6.046,-2.8178,0.74419
-11.187,-5.8757,4.143
-10.658,-4.5094,1.9151
-4.6339,-3.5225,8.3776
-15.611,-11.804,10.461
-12.782,-5.2767,4.7277
-16.635,-12.658,10.473
-9.6653,-6.7854,4.0109
-16.956,-12.217,10.749
-19.103,-14.031,8.6079
-21.1,-11.716,7.433
-16.951,-15.567,8.002
-19.402,-16.413,8.1183
-12.248,-6.1992,4.5667
-1.923,-2.6943,4.2491
-14.023,-8.9423,11.213
-21.925,-17.507,4.6487
-22.861,-17.283,7.4211
-17.837,-12.367,9.978
-14.263,-8.5417,5.5449
-11.285,-8.33,5.6235
-12.358,-9.8886,10.014
-16.093,-7.9403,6.7159
-13.326,-11.312,10.145
-10.97,-5.9983,3.6424
-12.891,-9.3556,9.2591
-18.135,-19.182,6.2161
-1.4894,-2.1817,5.8095
-10.151,-6.0905,-1.1501
-12.093,-7.5267,5.8169
-17.836,-16.67,6.803
-20.867,-14.643,12.915
-17.014,-10.885,8.7261
-2.7985,-3.9802,9.1961
-20.149,-16.174,8.0253
-20.069,-14.654,11.775
-10.651,-9.1637,2.6817
-3.0731,-2.9246,2.8899
-14.47,-5.5879,5.5732
-5.8234,-3.6324,0.6102
-6.1478,-2.4222,3.7405
-5.5232,-3.2075,0.80081
-21.534,-19.254,6.7119
-15.647,-14.187,7.3725
-12.65,-8.7622,7.1608
-21.574,-16.695,7.4267
-0.97134,-2.1303,4.3412
-8.9142,-5.4788,7.1218
-5.1931,-0.70109,-1.5616
-21.232,-19.539,4.9031
-12.757,-7.9841,5.5384
-18.302,-15.942,10.112
-6.4484,-4.8552,1.5145
-15.821,-11.192,9.8347
-11.669,-3.1959,0.18824
-6.7326,0.37451,-1.2368
-19.811,-15.995,6.7281
-12.419,-14.028,11.467
-14.358,-7.6361,9.2994
-15.436,-9.0162,10.676
-12.103,-7.5206,7.9432
-10.198,-6.1164,3.9916
-11.121,-7.3092,4.4188
-13.8,-7.3712,6.311
-9.8853,-4.495,5.068
1.1949,-1.6994,4.5218
-22.836,-18.867,4.0467
-9.2968,-5.079,-0.42506
-22.728,-20.2,9.2954
-16.942,-12.058,10.023
-10.518,-7.0271,2.2932
-5.3703,-3.8245,1.2088
-23.157,-18.223,4.7968
-25.904,-19.53,5.1584
-9.624,-9.1349,6.0717
-25.987,-19.015,3.9103
-12.145,-7.4937,7.8494
-2.5354,-1.924,3.6005
-21.17,-18.783,3.6025
-19.855,-21.234,11.868
-19.706,-16.04,6.7176
-18.428,-12.584,8.6545
-10.615,-5.3718,1.3111
-27.142,-17.791,8.4437
-8.0311,-2.8896,-0.037747
-3.343,-2.5986,3.3069
-8.1392,-5.557,0.8115
-2.1157,-2.9775,0.31934
-7.5213,-5.9559,0.84377
-15.642,-8.0232,7.011
-15.273,-10.734,8.7124
-8.0534,-4.1548,2.2338
-20.432,-15.471,7.0383
-7.6389,-3.3077,0.50999
-21.253,-17.279,6.1858
-9.0547,-6.0934,-3.8272
-21.787,-18.005,5.0829
-5.398,-3.9979,1.6906
-20.033,-17.032,3.4088
-7.2954,-4.2532,-1.1792
-18.567,-16.039,10.105
-13.703,-13.475,12.498
-12.444,-10.354,11.372
-14.456,-9.0055,7.7515
-14.129,-6.5587,8.1227
-15.146,-10.44,7.8981
-2.9202,-2.8511,2.6753
-4.2179,-3.6024,1.6944
-5.799,-1.5596,0.2065
-19.383,-15.804,8.3587
-24.202,-12.801,11.373
-18.221,-7.9782,10.631
-20.359,-16.864,5.5316
-12.943,-7.4579,6.9213
-14.613,-8.5643,7.6133
-3.1426,-1.4974,-1.1074
-1.0193,-7.3452,5.5892
-17.506,-12.945,10.74
-3.9425,-3.2335,2.8788
-14.406,-6.6594,5.76
-0.35887,-4.3829,4.3007
-13.262,-8.8164,8.144
-2.2057,-5.551,8.8011
-12.059,-2.2312,5.3308
-1.0049,-2.827,5.2305
-15.242,-17.651,8.3569
-12.994,-6.7148,6.7344
-17.029,-14.221,8.9422
-17.698,-13.497,9.3969
-2.9039,-4.4565,6.5683
-23.041,-17.383,5.5874
-15.378,-5.5707,6.7314
-11.22,-8.1061,3.033
-15.193,-9.5597,11.614
-3.4492,-7.0847,2.1931
-23.119,-18.256,7.464
-24.116,-20.105,5.3357
-14.1,-8.0001,8.0775
-19.823,-13.142,7.5382
-10.49,-6.2228,7.4257
-14.292,-8.555,8.2838
-4.4919,-7.4943,0.70765
-12.243,-6.5335,3.8192
-25.41,-20.221,6.3855
-6.9486,-2.8307,0.21549
-11.462,-9.8934,7.6896
-6.0956,-4.0462,-0.72276
-21.824,-18.281,4.6519
-4.6298,-3.1346,1.7866
-21.052,-16.949,4.6604
-3.436,-3.0419,1.582
-0.73212,-0.25129,6.1517
-5.8077,-2.4514,0.48364
-20.011,-16.798,8.3327
-15.915,-10.984,8.4838
-7.3542,-4.6679,0.1701
-7.8169,-6.3881,1.1947
-4.0828,0.99166,2.0041
-5.7579,-3.6184,1.4998
-23.675,-18.655,2.3784
-7.0268,-3.0231,-0.071495
-15.986,-11.639,11.047
-11.056,-6.2095,4.6049
-23.716,-18.779,7.9954
-2.0606,-2.7243,2.7444
-11.925,-8.0214,5.1025
-14.407,-8.8871,4.7423
-9.5498,-4.6639,1.8791
-2.8397,-3.6431,4.4782
-4.4471,-0.72021,5.527
-11.841,-7.7636,6.9548
-4.5405,-3.1788,2.8319
-14.144,-8.4515,12.746
-11.374,-4.9258,0.79675
-5.3369,-1.9596,3.8907
-8.7514,-4.6818,-0.22174
-20.453,-16.255,7.2746
-10.975,-3.4634,1.1642
-7.1834,-3.4602,-0.21201
-12.54,-8.529,5.9227
-5.0415,-3.5454,2.5763
-5.8613,-3.2968,-0.1316
-6.311,-3.2614,-0.99468
-16.062,-13.656,4.1412
-18.173,-14.865,9.109
-18.172,-10.66,8.5116
-17.039,-10.728,10.659
-20.023,-16.139,6.8312
-21.867,-18.598,0.87457
-13.124,-7.3961,7.1602
-20.72,-16.972,6.4434
-18.685,-12.05,8.9139
-2.227,-2.6669,3.4603
-17.905,-10.505,8.4897
-19.499,-8.5033,8.8027
-16.145,-8.11,2.6893
-8.2585,-8.175,-1.8454
-12.283,-2.7104,4.5398
-9.8229,-3.3276,6.3673
-14.286,-5.9256,8.4331
-20.257,-15.49,7.6142
-10.115,-6.4444,-3.2047
-0.57252,-2.6816,6.904
-6.865,-4.5011,1.0102
-2.7786,-1.9184,5.5754
-17.718,-14.076,8.6916
-20.89,-20.134,5.6316
-4.8393,-6.0413,5.3337
-18.501,-13.798,14.737
-3.8591,-3.1965,2.7682
-3.414,-3.6759,3.3426
-17.486,-13.531,13.353
-5.6238,-2.8117,0.090347
-14.548,-7.9055,8.7435
-7.7743,-4.0144,3.3686
-14.628,-8.1641,9.3383
-20.49,-16.221,7.4487
-2.3592,-2.593,2.5271
-12.467,-7.0745,5.948
-17.002,-11.513,8.425
-1.5089,-2.7429,2.8827
-5.0787,-2.6855,2.5085
-13.393,-7.9367,5.1157
-8.7207,-3.286,0.816
-4.778,-3.7579,1.8834
-8.543,-4.4632,2.7357
-8.3088,-8.9367,5.3905
-22.156,-15.403,7.432
-23.297,-19.28,5.4431
-13.142,-9.6804,7.6232
-8.4209,-4.1119,1.4657
-15.998,-17.091,11.341
-16.344,-8.2107,9.1613
-6.1198,-2.7179,7.2832
-14.343,-6.977,4.7321
-10.105,-7.9856,4.2966
-10.692,-5.4899,4.0147
-9.9505,-5.8284,3.7663
-21.496,-18.971,4.1719
-9.0377,-2.7205,3.7527
-2.1237,-1.595,6.3877
-22.333,-17.688,6.2183
-14.387,-8.3537,6.473
-11.646,-7.8365,8.0475
-2.2007,-0.093209,8.275
-4.7474,-5.9891,2.7167
-3.2173,-2.83,1.3519
-20.312,-15.361,6.9061
-14.159,-8.8594,7.7214
-0.13553,-0.98436,3.1802
-11.582,-4.0681,4.1581
-8.6297,-5.8357,1.7501
-6.3653,-3.8257,0.60185
-8.5621,-4.2382,0.36305
-3.8674,-4.2835,4.1159
-1.3871,-2.7609,6.3734
-12.558,-7.2522,10.068
-4.0127,-7.8266,1.6727
-17.847,-13.353,11.17
-2.6958,-3.92,4.3871
-11.525,-6.5425,5.0833
-8.1246,-5.5011,-0.27763
-19.038,-15.622,7.6469
-22.487,-18.827,4.3555
-18.348,-20.67,6.4309
-4.1897,-2.4178,0.73392
-12.614,-8.9216,6.8512
-5.085,-2.3008,-0.0055687
-17.537,-12.583,9.2961
-14.725,-10.57,9.4327
-5.1874,-2.2997,1.9667
-20.454,-11.779,8.8935
-4.2044,-3.0746,2.652
-10.533,-6.2231,1.7294
-12.024,-4.6484,4.8707
-16.855,-15.108,6.6223
-18.915,-16.48,8.0284
-9.4086,-4.4551,0.32283
-8.5265,-7.5169,0.74404
-16.638,-14.632,6.8325
-10.053,-7.7616,-0.74586
-20.6,-16.858,8.0093
-10.751,-6.6565,4.2582
-13.428,-8.1107,8.2098
-6.8907,-4.6855,1.1268
-15.137,-12.484,10.91
-20.25,-14.449,9.5097
-21.104,-16.374,7.2603
-20.191,-16.317,7.4582
-19.114,-14.208,9.8687
-15.374,-7.1197,7.6679
-5.5549,-3.4889,-0.46299
-12.965,-9.1773,8.9091
-1.462,-2.2335,7.2282
-19.4,-12.941,9.3163
-11.308,-5.8031,5.273
-0.70358,-3.6857,4.9092
-3.708,-3.0695,3.6243
-20.486,-15.632,8.6997
-6.567,-3.2697,-0.52797
-2.8705,-1.1343,1.5755
-3.368,-4.4944,-0.28994
-18.748,-16.067,9.7513
-11.202,-8.4211,5.5101
-19.688,-19.18,4.9265
-2.8715,-3.5551,2.0853
-21.535,-18.266,6.0965
-12.927,-9.1042,9.0936
-10.698,-5.9379,6.7465
-9.9089,-9.2273,7.6726
-11.019,-5.0079,3.2504
-19.859,-15.178,9.1709
-19.535,-15.619,7.7245
-19.51,-15.382,10.725
-19.045,-16.727,7.1724
-2.5217,-3.6536,3.0746
-15.545,-15.54,7.365
-21.58,-18.511,6.0647
-12.139,-7.4807,4.6007
-14.928,-12.723,10.868
-5.1067,-1.7463,2.0326
-12.868,-8.3376,6.5279
-22.734,-19.595,5.67
-19.679,-17.333,10.366
-9.964,-5.5762,2.4222
-1.9144,-2.0659,5.0461
-21.586,-20.059,4.5606
-20.833,-16.756,6.6933
-8.2708,-3.594,0.58785
-4.0763,-0.33372,5.9726
-19.246,-11.712,5.9075
-11.513,-10.244,3.2094
-17.85,-11.879,10.712
-5.0352,-4.321,1.815
-14.438,-9.9746,7.2615
-9.4505,-7.311,1.6451
-11.733,-4.9912,3.1809
-26.774,-20.9,5.0375
-18.207,-16.442,7.241
-11.451,-2.3002,2.5156
-3.0219,-9.8611,1.2605
-14.359,-9.8599,6.7992
-9.2149,-4.8134,9.8999
-12.125,-8.1223,4.4363
-5.3472,-4.6368,6.0904
-20.182,-13.99,10.081
-16.46,-13.009,9.5807
-19.097,-13.537,10.677
-23.238,-18.121,1.7137
-1.032,-3.4079,-0.81061
-21.455,-17.8,11.02
-6.7075,-3.1911,0.73902
-19.88,-16.835,5.9596
-6.406,-4.4457,-0.33118
-7.1842,-4.6453,-0.96965
-14.29,-9.9313,9.4538
-14.277,-9.6395,5.2833
-5.622,-4.4025,0.63737
-8.5687,-4.447,-0.23148
-8.3607,-4.7661,0.17092
-18.595,-14.075,8.6656
-11.301,-5.1599,4.4664
-2.0752,-3.0787,4.7363
-9.7777,-2.8039,1.1312
-4.6916,-3.693,0.8184
-14.087,-8.1297,7.5553
-17.614,-12.878,10.973
-21.437,-18.008,4.5375
-10.708,-6.8734,5.1868
-10.538,-6.8255,1.6613
-14.168,-8.2016,9.8848
-17.3,-11.459,10.189
-20.939,-18.595,4.512
-7.4414,-4.7083,-0.12237
-6.3772,-3.9528,4.5525
-15.296,-8.7068,7.0789
-7.7647,-4.3426,0.64326
-19.668,-15.452,6.9364
-14.66,-9.3605,10.106
-13.45,-9.2624,7.2383
-13.049,-5.1067,-1.4985
-15.353,-11.078,3.3773
-19.311,-13.427,11.455
-14.475,-7.4254,5.8869
-13.412,-14.03,5.6444
-11.266,-7.8135,7.9608
-9.6857,-7.4067,0.81819
-20.175,-17.206,5.7709
-20.373,-15.41,7.3708
-2.5979,-2.6115,3.8046
-19.975,-13.824,10.092
-13.216,-9.8543,7.2831
-8.0245,-6.4255,-0.88151
-20.293,-13.462,6.1079
-24.75,-19.812,5.1218
-4.1396,-1.7119,4.2137
-21.163,-18.917,5.249
-22.044,-15.758,4.9445
-11.049,-5.6275,2.144
-20.93,-16.936,7.2295
0.96072,-4.9068,7.5921
-18.772,-20.341,7.2669
-21.766,-16.994,6.5476
-20.887,-15.779,5.1783
-9.6494,-6.5472,-1.4268
-1.071,1.6697,1.8859
-21.307,-17.618,7.8982
-12.545,-12.659,4.6225
-22.88,-16.705,0.19305
-21.347,-19.022,4.9586
-7.9726,-7.1725,4.9623
-13.829,-12.384,12.821
-1.7276,-2.7185,5.113
-2.931,-6.3819,6.9709
-3.9124,-3.8591,1.211
0.011144,0.4118,8.0036
-9.9282,-7.4099,2.0721
-2.413,-4.6104,7.7076
-21.571,-18.78,5.4075
-14.608,-8.5302,9.0898
-19.223,-16.474,7.4457
-22.1,-19.001,5.1515
-14.117,-9.4681,8.8377
-23.854,-18.633,4.8817
-17.012,-11.209,8.7474
-4.269,-4.2751,-0.23058
-1.603,-2.7228,4.679
-10.931,-10.605,0.94551
-4.3751,-2.4593,1.9604
-11.524,-8.8663,11.19
-17.137,-8.0906,8.4962
-10.71,-6.1412,2.4961
-1.5496,-2.6078,4.1037
-17.185,-13.832,10.588
-9.4244,-7.305,4.4602
-14.982,-9.7058,2.2592
-21.284,-20.8,6.201
-22.304,-15.804,12.298
-5.521,-5.0503,-0.52953
-13.792,-8.0382,7.1832
-24.45,-18.46,5.4808
-13.321,-12.456,9.508
-7.9481,-4.6628,0.65713
-19.892,-15.197,8.6472
-20.762,-15.879,8.8031
-5.9522,-3.9245,-0.65638
-11.771,-6.1349,3.8118
-14.608,-5.754,7.4709
-4.5803,-1.8126,-0.32693
-16.885,-11.566,9.8486
-16.223,-14.813,5.0541
-8.9447,-3.8245,-0.59963
-20.843,-18.177,10.83
-21.18,-19.311,5.0063
-21.141,-16.752,6.0416
-17.312,-12.924,10.055
-3.7084,-3.6227,4.4217
-3.9554,-3.3888,2.9082
-15.768,-13.716,10.09
-5.9777,-3.3173,4.6275
-14.422,-9.7504,8.5125
-14.627,-7.9199,1.8606
-6.0197,-4.3183,-0.65582
-12.048,-9.7404,6.138
-7.9797,-6.1399,2.3763
-19.777,-18.065,5.6003
-0.77608,1.6215,5.4212
-12.196,-3.584,5.4034
-9.221,-6.4293,0.57293
-9.5536,-8.0907,9.647
-9.2637,-5.5072,0.38566
-3.9385,-2.6855,5.637
-11.19,-8.0461,1.3347
2.282,-3.3357,5.1337
-22.709,-19.925,5.6025
-22.367,-18.154,10.868
-21.736,-17.589,4.9223
-11.655,-6.6933,4.8697
-10.098,-3.9865,-0.35111
-3.2718,-1.2482,4.4713
-8.3084,-8.1375,-1.22
-20.207,-15.642,8.5533
-26.567,-18.779,3.3294
-2.1292,-1.3104,0.62978
-12.028,-5.6634,1.4757
-15.069,-8.8621,7.9944
-22.058,-19.198,5.9574
-11.528,-7.1006,7.4124
-6.824,-3.7003,0.33251
-3.3434,-3.0097,5.3207
-21.892,-17.114,9.8194
-14.998,-9.1851,7.8381
-21.731,-13.984,10.286
-10.743,-6.3066,3.6146
-1.0431,-2.9897,6.4584
-11.374,-6.5782,2.8187
-18.935,-13.718,10.052
-7.0141,-3.2843,-0.77671
-23.482,-17.44,5.7502
-10.524,-2.7177,1.9252
-12.795,-8.2443,6.4006
-9.2833,-6.6133,-0.91844
-4.4028,-5.7009,-0.14562
-10.016,-4.236,-0.29546
-16.573,-12.204,7.905
-4.3038,-3.189,3.027
-14.108,-7.1901,3.7788
-10.024,-3.978,0.91406
-22.094,-19.176,4.7185
-12.524,-7.3066,7.1366
-21.401,-16.517,5.3824
-11.84,-6.3743,11.524
-7.2388,-8.0805,-1.5613
-1.4678,-3.0226,4.1401
-8.6445,-1.616,1.188
-14.312,-9.0815,7.3163
-23.378,-20.744,1.8153
-8.668,-4.5214,0.72595
-12.599,-7.6241,6.6032
-11.934,-14.852,10.337
-23.659,-14.484,5.1436
-14.017,-8.7582,8.4919
-3.8321,0.97988,7.9358
-7.2992,-3.5796,-0.03349
-17.644,-13.348,10.699
-20.704,-15.263,12.93
-24.547,-20.408,2.4587
-18.938,-8.6715,10.317
-18.346,-15.629,6.1179
-13.077,-8.1122,6.5081
-14.07,-6.4985,5.8019
-3.6281,-3.3214,2.0895
-16.255,-7.9027,11.415
-21.225,-19.361,5.349
-13.634,-4.9392,8.1324
-20.91,-16.148,7.5777
-22.575,-19.339,4.2014
-20.111,-14.869,9.1352
-21.427,-18.484,5.4131
-10.231,-4.9496,2.7764
-21.598,-19.92,5.712
-6.6044,-2.8582,-0.73238
-0.13576,1.7286,5.2643
-13.982,-9.5985,8.5306
-19.685,-15.416,7.8046
-15.217,-9.7382,9.2683
-10.289,-4.9719,2.4335
-23.41,-20.541,8.3698
-16.033,-10.748,10.671
-23.326,-18.937,2.7191
-2.0388,-3.2822,4.2479
-24.445,-15.932,4.4567
-20.309,-16.531,8.8258
-22.662,-19.361,5.8347
-22.322,-19.684,8.0938
-21.027,-18.841,5.7843
-22.651,-18.624,4.9796
-5.4009,-5.0217,-1.1647
-14.454,-4.1434,4.6202
-16.367,-5.7248,7.3644
-13.83,-7.151,6.2196
-16.24,-9.3242,10.091
-11.114,-8.4051,2.394
-13.89,-9.2951,8.5601
-6.1367,-3.1441,1.2218
-18.326,-15.064,9.7092
-8.1142,-4.5649,0.77034
-25.075,-16.71,5.3052
-7.0343,-2.9568,-0.5318
-7.6315,-6.6348,0.019066
-9.166,-6.38,2.4862
-11.133,-9.0433,4.1438
-19.972,-14.461,7.7454
-2.83,-2.2141,4.3913
-18.013,-14.237,9.0172
-7.2755,-7.7172,2.975
-21.39,-23.093,1.8881
-14.602,-6.4151,3.639
-2.6004,-4.1244,3.5645
-2.8624,-2.9711,3.9927
-2.4727,-1.3282,3.0525
-15.943,-11.418,5.6569
-3.6409,-3.2919,1.4785
-10.96,-6.8427,3.0331
-4.4704,-3.4981,1.0776
-11.613,-5.3429,3.6142
-3.1594,-1.9935,4.493
-8.7389,-7.9483,4.7165
-12.351,-8.0152,6.5017
-10.596,-7.5715,4.5567
-20.559,-17.201,6.2357
-11.852,-7.5353,4.8812
-12.604,-8.6287,5.2655
-19.581,-15.429,6.9793
-20.127,-10.695,11.447
-15.493,-10.751,7.7818
-12.247,-6.6172,-0.92062
-20.918,-16.714,7.8915
-12.043,-4.6072,7.9884
-12.415,-6.8545,5.301
-6.0975,-4.4771,3.0346
-14.566,-9.0634,8.4738
-3.6433,-4.5505,-0.28007
-2.1828,-0.29867,2.8285
-4.0566,-2.9865,1.0634
-21.066,-15.458,4.4169
-7.067,-1.699,0.97171
-9.8112,-4.8847,3.3479
-6.2445,-3.6494,1.4992
-18.873,-14.558,9.246
-10.13,-3.1801,5.9454
-5.408,-2.7527,4.2646
-10.867,-4.78,3.8683
-8.4035,-5.2078,2.9041
-17.693,-9.7146,8.4622
-1.4971,-2.4977,2.3713
-20.457,-16.351,7.4867
-21.15,-20.424,4.8586
-19.158,-13.626,7.5369
-1.6093,-1.9562,6.6665
-19.703,-14.797,8.0851
-2.3185,-2.8766,3.4271
-12.704,-7.2721,5.0834
-3.9679,-2.8484,2.4167
-14.604,-10.456,8.8029
0.062131,-3.8246,4.1321
-17.451,-13.666,13.467
-19.812,-11.751,10.353
-5.0568,-5.002,-0.03652
-19.529,-14.37,8.0995
-14.557,-3.5363,1.3582
-19.047,-18.497,4.4809
-8.4562,-4.7832,3.0156
-13.966,-9.0853,6.8267
-9.1086,-5.7279,1.4479
-18.916,-13.831,8.5271
-8.608,-3.7994,4.2745
-11.643,-6.7427,3.8096
-3.8493,-1.9309,2.3401
-1.9545,-5.2315,2.5103
-20.133,-16.479,10.665
-21.687,-19.087,8.2883
-20.01,-15.403,7.1396
-20.257,-17.606,4.7566
-14.893,-9.359,8.4246
-17.089,-11.592,8.8004
-8.9947,-3.8467,1.2325
-12.208,-6.1521,5.091
-4.9911,-4.7132,3.9247
-6.0195,-7.281,2.7053
-22.577,-19.344,6.3744
-7.1052,-6.7459,5.1272
-18.111,-16.066,9.2949
-14.516,-6.2083,9.6708
-15.64,-10.831,8.3348
-11.186,-5.9682,3.8599
-6.2994,-4.4934,-0.67233
-3.713,-4.9001,3.8512
-6.6687,-4.757,0.72528
-1.6667,-3.1317,3.7882
-9.8975,-3.0962,0.46364
-10.099,-6.529,-2.8414
-21.009,-24.483,6.1557
-7.7516,-2.4074,-1.4086
-22.307,-16.399,6.4923
-13.075,-10.18,6.7086
-1.4223,-6.3528,0.93803
-2.1501,0.28945,5.7441
-9.5647,-6.9664,-2.4399
-21.614,-21.791,6.4891
-22.439,-16.953,6.2802
-17.038,-8.6407,12.076
-10.098,-5.9672,6.2375
-18.807,-13.578,9.1456
-22.103,-18.439,5.5352
-24.64,-16.109,6.0757
-9.6892,-6.9542,6.1388
-8.8014,-4.1907,-0.39866
-2.7869,-4.6944,2.6701
-18.628,-14.021,7.8309
-12.694,-9.5552,5.1977
-8.7214,-3.4872,-1.1249
-10.39,-5.5425,2.7857
-16.373,-18.734,14.571
-14.288,-5.4045,7.725
-1.6264,-2.8177,4.7877
-21.167,-17.981,6.458
-20.276,-17.343,6.1376
-2.5653,-5.6074,0.72545
-3.2834,0.35774,8.5383
-10.297,-6.9465,0.32451
-26.172,-14.587,6.7727
-1.879,-2.2926,5.514
-14.353,-8.8589,9.1869
-4.7554,-4.9417,0.79371
-5.4581,-3.2036,0.56556
-10.144,-5.8249,1.5572
-18.576,-16.885,6.6232
-14.176,-8.1529,8.8797
-12.37,-8.1284,4.0634
-8.1037,-3.9418,0.50055
-12.016,-6.8934,5.6906
-13.34,-9.0578,7.7403
-2.15,-0.20764,4.1671
-17.845,-12.425,10.126
-13.978,-5.677,7.1343
-13.924,-7.0739,6.8205
-12.292,-6.88,3.1665
-12.849,-6.4671,4.348
-14.208,-10.549,8.2322
-5.6448,-4.5588,5.4837
-19.447,-16.635,7.2233
-12.64,-7.4063,5.7881
-2.2036,-3.9976,5.8525
-3.6395,-3.6108,2.6264
-18.928,-13.832,11.093
-6.4587,-3.2124,1.1796
-18.906,-15.251,7.0688
-15.255,-11.057,9.2309
-9.685,-7.3479,4.2664
-1.0527,-1.7599,2.9216
-2.5679,-4.9884,0.59692
-18.792,-16.499,5.2924
-11.692,-7.9069,5.618
-13.118,-7.9216,6.6195
-19.206,-17.572,4.4131
-17.801,-14.478,11.174
-10.284,-3.2184,1.9907
-8.6787,-8.5165,5.0566
-9.1477,-5.1063,2.6
-6.3194,-3.0182,0.78523
-15.228,-9.4548,12.258
-3.8188,-2.8876,3.0771
-21.505,-18.283,6.0791
-4.4264,-1.6259,1.2334
-13.766,-8.2322,7.1988
-5.6982,-3.2841,1.4288
-18.791,-14.12,9.368
-6.545,-6.159,1.1783
-7.7866,-6.1348,-0.81255
-19.575,-19.252,7.9161
-5.0847,-4.279,0.62462
-21.361,-19.778,6.1207
-19.132,-14.902,10.95
-17.918,-13.327,10.552
-17.442,-10.009,9.9475
-1.7174,-1.6427,3.9676
-18.86,-18.31,5.3374
-21.813,-15.937,7.8432
-20.224,-13.785,9.007
-19.498,-13.427,7.6409
-9.6766,-5.6125,0.51156
-7.4812,-5.6505,0.92574
-5.4251,-4.971,2.1944
-4.0237,-2.8368,1.3798
-2.4054,-5.9641,2.2782
-17.151,-12.108,7.9153
-19.887,-15.51,6.6497
-2.2476,-3.8356,5.7189
-13.144,-7.9518,7.5161
-14.198,-7.4859,7.9379
-10.295,-6.5563,9.228
-13.116,-7.413,5.847
-4.7539,-4.2869,1.0571
-11.044,-5.3265,2.8565
-23.672,-12.713,3.6972
-16.664,-11.794,6.7552
-10.319,-5.4803,0.98154
-11.203,-8.1716,6.0885
-11.773,-7.1457,6.8778
-7.5656,-4.585,0.29012
-14.168,-10.636,7.4241
-17.61,-19.85,-2.1619
-21.756,-14.335,9.7097
-14.518,-10.384,8.2245
-15.754,-7.3733,7.103
-21.914,-18.715,2.5727
-19.02,-14.894,10.625
-19.916,-15.659,6.1166
-22.871,-19.339,5.2278
-13.973,-7.1423,6.4492
-8.925,-7.0183,5.9802
-11.276,-3.0478,2.7488
-3.6205,-2.0584,0.87448
-8.8309,-7.5428,1.1537
-5.3765,-4.1807,-0.50996
2.0479,-4.0604,3.2109
-12.592,-7.0914,6.3248
-19.034,-9.0204,7.6011
-21.605,-16.959,7.0529
-7.6678,-6.0251,-1.5049
-11.273,-4.3376,2.7407
-12.196,-6.6313,3.9025
-9.7147,-8.0203,3.9856
-12.829,-8.5323,8.0274
-14.799,-8.7354,7.8705
-14.996,-10.495,9.116
-16.451,-11.143,8.7821
-4.9588,-2.8061,1.1084
-4.1129,-3.2155,-3.9184
-20.554,-19.267,5.0343
-12.256,-6.8123,4.4329
-15.136,-7.9161,6.9314
-19.062,-15.156,14.802
-19.097,-11.518,5.8606
-20.282,-15.909,8.4284
-10.506,-6.4359,-0.014128
-9.0688,-3.1553,0.88531
-13.634,-8.8768,8.1637
-6.9447,-3.1373,0.45698
-2.1065,-2.5107,4.6069
-24.195,-20.101,6.0114
-18.33,-12.387,10.803
-21.846,-15.236,9.1119
-13.102,-8.3878,7.1411
-2.2405,-1.3465,5.824
-18.021,-11.759,10.868
-14.959,-10.49,7.664
-22.375,-15.087,2.6027
-8.7816,-5.9037,0.11492
-17.438,-11.697,9.4099
-11.829,-7.3687,3.8189
-6.6168,-5.0642,2.5653
-4.2695,-1.3077,4.514
-19.944,-16.553,8.4248
-5.532,-5.0643,5.3951
-11.712,-6.4812,4.5566
-9.0173,-5.2641,2.4456
-6.0114,-2.5361,-0.080306
-14.015,-4.4544,3.9363
-8.1533,-2.8311,0.91795
-22.072,-19.531,5.0541
-5.5099,-7.4182,4.2973
-20.105,-16.349,7.9598
-17.534,-13.061,5.9919
-9.789,-4.0968,4.4116
-12.762,-7.9138,5.5606
-12.636,-6.5599,6.6477
-21.128,-16.23,6.3723
-6.5517,-3.8618,2.55
-13.535,-8.4823,6.766
-18.899,-13.019,6.7481
-9.5621,-6.4398,0.4598
-12.74,-8.3331,7.8334
-22.577,-20.025,5.0641
-9.1887,-6.0478,1.2973
-11.121,-5.0895,3.7931
-20.096,-15.985,8.5708
-18.538,-14.547,8.2633
-21.679,-17.64,4.7321
-18.685,-14.004,9.7783
-14.41,-8.3752,5.5848
-3.8185,-4.0204,2.088
-11.907,-6.7316,5.0054
-14.622,-9.4279,8.988
-20.007,-16.607,6.2568
-19.817,-16.214,7.4412
-7.2481,-3.9121,2.0542
-22.023,-18.856,8.9421
-7.6387,-4.4938,1.7308
-6.5492,-5.2498,4.2122
-7.7112,-4.1312,5.0353
-17.653,-12.754,8.1268
-5.9565,-2.3734,-2.066
-23.306,-16.531,7.9376
-12.378,-7.479,4.3843
-21.939,-18.621,5.5038
-14.324,-9.9866,9.3628
-7.0316,-6.5043,-0.21435
-12.538,-6.9022,5.497
-17.083,-9.1583,9.0169
-21.058,-20.342,4.086
-21.347,-19.505,4.945
-14.09,-6.7643,5.7417
-22.581,-16.988,5.6555
-5.7462,-3.0035,1.0996
-11.579,-10.74,5.603
-5.8414,-6.6085,0.22636
-11.894,-6.6488,5.3547
-10.495,-6.047,3.3104
-11.709,-10.01,5.3023
-5.3776,-0.77093,0.99293
-21.45,-17.932,6.9152
-21.478,-19.633,5.104
-22.144,-19.966,5.1759
-13.411,-8.1002,3.5388
-10.45,-1.5817,1.9275
-22.172,-19.626,6.9698
-21.016,-19.32,4.8727
1.571,-3.5707,4.2647
-9.573,-5.1492,2.6083
-24.036,-23.715,7.7538
-11.262,-6.6256,3.2242
-3.844,-4.2355,3.9665
-22.316,-17.995,7.4629
-5.9935,-2.0212,4.878
-6.9628,-3.2132,0.89918
-17.364,-9.9237,12.635
-18.943,-17.073,6.0903
-21.959,-16.327,6.4148
-15.99,-7.6987,7.2283
-13.034,-7.8438,7.2231
-16.571,-12.172,10.348
-20.689,-20.747,1.3627
-0.25089,-2.3261,7.4156
-15.223,-8.0161,10.123
-12.44,-7.7102,5.6626
-17.433,-14.396,7.6046
-21.535,-13.155,6.2043
-3.731,-0.40426,5.0014
-21.267,-23.265,7.6723
-13.157,-3.1449,1.3917
-1.8347,0.9961,4.2658
-16.661,-11.092,10.5
-17.168,-12.46,8.4225
-12.41,-1.441,5.7202
-19.115,-16.716,6.401
-8.7924,-5.0397,0.76067
-9.4898,-6.0745,0.36804
-23.292,-15.771,5.8468
-18.309,-12.756,10.382
-13.605,-4.9229,1.1373
-10.614,-3.0114,-2.0503
-9.5741,-5.3906,-0.67734
-2.9492,-3.0456,4.2371
-21.819,-17.068,6.7067
-20.505,-16.48,9.5807
-10.687,-6.8919,9.0766
-11.168,-3.9853,7.5281
-9.211,-9.4705,1.9552
-14.748,-8.221,7.073
-2.8662,-4.8729,1.219
0.3245,-2.9186,7.0656
-22.056,-18.777,4.5771
-14.778,-7.7811,8.1679
-5.7232,-3.6733,-0.030152
-15.203,-5.6222,2.4506
-11.558,-7.898,5.8858
-0.84407,-2.4016,-1.9327
-1.9912,-3.2579,4.4705
-20.36,-13.343,6.5721
-21.146,-18.75,5.6112
-22.487,-19.767,5.2029
-11.558,-6.9029,4.1526
-23.706,-16.057,11.08
-21.295,-18.646,5.8354
-22.409,-19.364,5.2518
-19.86,-15.128,7.3115
-2.0653,-2.9869,2.4362
-10.548,-6.6286,3.0297
-14.376,-9.1448,7.6782
-11.582,-7.2309,5.5951
-11.706,-2.9314,3.6471
-18.091,-16.694,8.2598
-1.6316,-2.6918,0.73002
-11.259,-5.328,3.3819
-11.753,-5.5259,3.0916
-9.0352,-1.6436,2.8055
-16.74,-16.55,11.091
-19.281,-15.218,8.4258
-14.76,-6.6113,12.431
-5.2299,-3.2288,1.1217
-15.481,-10.109,9.2637
-18.072,-12.904,9.4407
-21.722,-17.259,7.1873
-18.194,-12.258,10.212
-10.215,-8.337,6.6144
-11.132,-4.0364,-1.0369
-2.6568,-3.3571,2.756
-18.291,-11.568,3.7288
-16.454,-13.774,8.4
-4.9408,-3.2191,0.87625
-20.369,-16.187,6.2743
-10.567,-5.9603,1.2016
-7.3475,-3.883,0.05632
-19.988,-14.98,8.4183
-11.511,-5.0553,-1.6312
-3.2458,-3.3435,4.1868
-17.169,-15.72,5.0156
-1.4102,-3.5031,3.0648
-7.6335,-4.6707,-2.0774
-12.975,-6.1829,2.3867
-19.645,-15.958,9.9694
-24.211,-17.196,4.9461
-8.0784,-3.2869,0.037574
-7.5599,-3.3643,-0.22294
-8.4398,-5.3253,1.8337
-17.396,-10.559,8.4459
-17.273,-8.1762,14.348
-18.644,-18.576,5.5811
-12.106,-5.1776,2.4073
-18.154,-8.4724,13.585
-15.354,-12.174,7.0118
-10.326,-5.7697,0.8478
-13.737,-8.1627,8.0828
-5.9503,-2.3764,4.6347
-17.728,-11.259,9.0045
-14.617,-7.2547,2.833
-10.678,-4.2402,2.8525
-20.725,-14.519,11.23
-22.209,-18.486,8.7833
-13.657,-7.8684,7.3695
-20.87,-16.262,6.3964
-10.404,-4.3835,1.2201
-7.3897,-5.5452,-0.46584
-4.4374,-3.4011,4.5375
-16.785,-18.686,6.5577
-5.6591,-4.4168,1.1486
-14.342,-10.004,9.0708
-4.7948,-4.631,0.47971
-8.0165,-6.8662,2.0523
-6.8684,-5.1323,0.8455
-22.024,-17.277,6.4152
-8.9977,-7.6642,5.6885
-4.4901,-2.0215,1.508
-18.897,-15.319,9.3608
-19.832,-16.667,5.3414
-17.419,-11.911,8.9989
-11.908,-8.411,4.4973
-20.86,-15.818,7.2252
-3.5924,-3.566,1.9473
-12.707,-7.686,7.6148
-9.054,-5.7379,4.3394
-16.41,-15.917,4.2992
-17.907,-15.381,7.3834
-13.872,-8.8679,7.8782
-20.687,-16.12,6.2465
-9.5199,-4.6766,1.4396
-15.376,-9.3096,9.2782
-10.244,-4.8959,-0.3988
-11.952,-5.1484,8.9393
-4.466,-2.4649,-0.23024
-16.184,-9.3202,8.1803
-3.1971,-4.2391,1.88
-14.063,-10.252,7.8714
-6.8312,-4.2344,-0.076774
-19.185,-15.231,6.7546
-22.487,-17.565,4.3459
-10.789,-5.7004,2.7472
-5.745,-4.457,1.0345
-13.185,-8.7773,6.897
-10.066,-4.9376,6.7597
-17.767,-12.508,10.146
-7.503,-5.5643,0.83388
-16.478,-11.175,10.016
-12.574,-7.01,3.0458
-15.177,-6.0896,9.6743
-8.637,-4.5325,0.060014
-19.672,-6.3869,10.722
-13.597,-6.2605,8.6195
-13.728,-14.805,9.7583
-22.579,-19.745,5.4559
-18.929,-13.846,9.7189
-0.97212,-5.9822,4.8001
-4.4106,-3.2662,6.5147
-16.017,-7.7715,1.1922
-16.956,-12.055,11.405
-8.9121,-3.5406,-0.49934
-19.842,-14.646,9.0811
-15.721,-3.9804,4.3781
-19.026,-12.832,9.4391
-10.103,-7.1855,-1.562
-5.6695,-2.3257,1.2253
-13.584,-8.3894,6.7281
-16.014,-12.052,6.3879
-22.177,-19.246,5.4203
-21.811,-17.531,5.01
-9.7721,-5.8767,1.0142
-19.532,-19.862,6.1734
-16.224,-10.191,10.368
-13.76,-9.9026,7.5696
-5.8734,-7.1731,-0.30342
-12.866,-7.813,7.2634
-20.922,-13.862,8.5931
-18.531,-16.649,9.2738
-7.4332,-4.2647,0.12599
-7.6085,-10.744,0.17692
-11.414,-11.388,5.7342
-10.468,-7.1185,4.4502
-1.0715,-5.5048,1.9153
-18.592,-14.677,6.773
-10.061,-5.691,2.4228
-13.066,-7.8407,8.8942
-14.29,-9.3472,4.2147
-16.825,-8.8725,7.5332
-22.445,-18.617,5.7159
-20.147,-15.706,6.3964
-22.266,-13.269,15.853
-5.8895,-1.8409,0.70899
-5.8994,-3.5557,0.78104
-14.477,-7.4294,6.7869
-1.1917,-3.2646,2.5681
-20.214,-13.895,9.3768
-14.401,-0.25577,5.9127
-8.6198,-13.351,8.8929
-7.7376,-3.9881,1.1342
-1.3068,-2.1819,10.206
-5.6113,-1.4486,-1.8903
-6.2292,-4.0077,-0.14791
-20.587,-18.328,5.5357
-13.134,-7.1396,5.3473
-18.831,-13.887,8.7424
-21.273,-23.751,3.5533
-20.766,-15.159,7.2399
-17.189,-11.069,9.2598
-3.2304,-2.4692,2.1743
-17.431,-15.476,10.623
-14.09,-9.0449,7.7192
-16.251,-10.096,9.998
-5.697,-1.8694,0.46193
-12.666,-5.4818,6.0662
-15.123,-11.139,9.9883
-22.497,-18.528,4.2975
-2.4447,-2.9419,2.6126
-10.527,-4.8412,5.474
-12.538,-7.3422,5.7179
-17.911,-13.591,11.017
-21.567,-19.158,5.2208
-10.624,-5.65,4.7961
-11.529,-8.6223,5.2895
-7.942,-5.2712,1.9772
-18.317,-11.964,8.4141
-15.999,-10.799,9.6392
-19.615,-9.5445,7.9769
-2.034,-3.7972,3.5223
-19.774,-15.218,8.5166
-9.7669,-1.2668,4.0276
-6.8418,-5.7239,7.2949
-4.1374,-4.116,6.2776
-5.0459,-2.9449,1.1715
-3.5817,-0.48363,4.9257
-9.9996,-6.095,2.8662
-12.683,-7.0428,6.4605
-17.867,-7.8839,6.1424
-5.0134,-4.174,-1.4056
-4.9477,-2.5068,2.6036
-2.456,-2.5217,-2.5669
-20.722,-17.345,7.3524
-20.143,-18.983,5.6408
-5.3141,-3.2214,1.4814
-11.359,-6.6671,5.0949
-0.30465,-2.9988,-4.7074
-17.839,-12.67,10.613
-14.197,-9.3879,9.3058
-10.762,-8.8689,4.3369
-8.5049,-4.878,1.5542
-22.955,-18.951,5.0103
-13.325,-12.589,8.6375
-24.839,-20.855,5.4993
-19.749,-16.632,7.049
-10.573,-8.7275,0.90837
-6.7821,-6.134,0.19826
-17.316,-13.382,8.0493
-19.906,-16.205,7.2542
-5.6028,-0.28499,5.4884
-7.0271,-0.29847,0.8578
-8.9,-4.3913,0.44165
-10.489,-4.8595,2.8403
-19.957,-16.133,7.4035
-18.931,-14.608,9.3275
-9.4236,-5.3162,2.4577
-9.7805,-5.9376,3.4625
-20.582,-12.423,6.9922
-17.133,-11.376,9.7793
-26.201,-17.549,0.30988
-15.967,-13.153,7.6928
-0.29247,-3.1423,5.6496
-19.738,-17.266,10.88
-18.947,-12.96,12.142
-13.395,-4.7376,6.5287
-6.739,-4.895,0.61006
-11.589,-5.8987,3.7488
-4.8089,-0.14511,6.9153
-20.385,-15.741,8.2526
-17.684,-11.274,9.7318
-3.0724,-2.6084,2.5955
-17.844,-14.133,9.3443
-9.5099,-5.1979,3.7767
-15.059,-8.5733,5.1969
-7.3264,-3.582,0.36046
-22.284,-16.776,8.7902
-8.7433,-9.2798,-3.136
-20.37,-17.311,8.1523
-3.1976,-6.0474,4.5104
-12.982,-7.5857,6.4329
-11.476,-6.6824,5.1134
-6.0441,-4.9204,2.6672
-10.592,-6.226,5.2762
-22.897,-15.856,7.559
-22.415,-19.736,5.196
-22.111,-16.817,6.0896
-9.4724,-4.1274,1.0451
-18.814,-16.391,9.4791
-17.783,-9.6728,9.7044
-10.693,-4.312,4.4565
-15.084,-12.858,10.288
-14.495,-10.135,6.879
-21.417,-19.189,3.6863
-2.2583,-2.4461,2.2639
-17.388,-14.236,8.5223
-12.303,-5.7602,2.1719
-7.1042,-6.6826,3.0433
-22.333,-19.51,5.0617
-3.6071,-2.9904,1.9896
-17.118,-6.9723,6.8272
-15.688,-8.3903,5.564
-19.25,-15.631,7.7523
-20.954,-15.327,8.3856
-11.088,-6.7757,3.2329
-2.2677,-2.8796,2.7067
-7.6396,-4.8341,1.3393
-12.493,-8.2442,6.9489
-8.3179,-6.3854,-0.54699
-2.9078,-3.0563,3.7877
-9.8996,-5.7637,2.614
-20.023,-15.514,8.562
-8.5221,-6.7185,1.4259
-0.0042972,-2.5807,7.4831
-11.887,-7.2144,3.2769
-2.8409,0.20792,2.9388
-18.933,-18.779,5.2031
-22.543,-20.773,4.1752
-22.157,-19.856,5.2536
-19.025,-15.752,3.2794
-20.303,-16.306,8.8075
-3.1837,-3.774,1.4364
-14.771,-8.1872,2.0094
-24.019,-17.579,8.8528
-4.2019,-3.0923,2.9117
-4.6419,-2.4715,-1.1456
-9.2259,-4.2173,5.3843
-7.0958,-3.5496,0.4365
-10.538,-6.8575,3.2514
-23.617,-18.917,7.179
-19.025,-15.463,8.7227
-20.436,-17.105,8.3657
-2.3697,-1.9582,3.6558
-12.016,-7.2545,5.9676
-10.471,-3.7424,4.0697
-20.505,-16.541,12.638
-16.851,-15.642,10.31
-10.008,-6.9892,0.58438
-23.021,-19.513,5.6891
-11.84,-4.9702,9.3647
-2.5318,-3.7495,4.6275
-21.384,-19.31,4.8868
-12.362,-7.0251,10.117
-13.164,-11.897,9.0346
-10.108,-5.9376,1.4216
-9.3151,-4.1015,0.75152
-16.069,-10.783,10.326
-9.5303,-4.2113,-0.46882
-8.07,-5.7364,0.074323
-21.095,-18.646,5.6052
-20.643,-15.263,9.4153
-9.3494,-6.5599,1.3194
-19.032,-12.311,5.8995
-0.924,-2.6316,4.7472
-21.549,-19.218,6.8492
-5.669,-3.1904,0.40162
-5.2932,-1.9044,-2.0091
-7.6893,-4.6985,0.81006
-10.384,-7.9972,4.7619
-4.0507,-3.551,3.4532
-19.296,-16.873,7.887
-22.229,-19.366,4.8095
-19.998,-16.532,7.174
-10.162,-9.5635,5.3721
-12.061,-6.4139,5.0831
-10.181,-5.4659,0.96301
-9.0877,-4.1336,-0.026983
-15.366,-7.512,9.9038
-8.5902,-3.8217,0.0064061
-10.436,-3.1191,5.9197
-13.266,0.29012,0.22773
-6.0425,-4.2292,0.72788
-1.9381,-2.5179,7.1577
-10.786,-5.9831,4.292
-10.556,-6.6919,3.7856
-9.2114,-7.433,1.9449
-10.922,-5.0995,6.8667
-2.8427,-1.15,-0.40472
-3.2549,-4.1588,2.9853
-22.683,-17.181,3.989
-21.733,-17.552,7.4378
-21.107,-18.893,4.6458
-6.8461,-3.4072,0.60702
-21.553,-16.319,5.4663
-24.64,-18.805,8.238
-9.921,-6.5495,3.1755
-21.671,-15.587,8.0236
-21.696,-18.979,4.4789
-21.755,-16.907,4.4237
-20.915,-16.839,5.7732
-22.999,-18.387,4.3883
-15.764,-11.578,11.776
-8.9125,-0.28337,1.2889
-9.2712,-4.8907,2.0834
0.44245,-3.9551,6.4839
-10.77,-7.3089,5.2102
-24.369,-19.685,3.9457
-15.274,-14.626,4.9166
-2.399,-3.6254,3.1549
-12.443,-8.0273,4.11
-11.573,-7.7164,5.0008
-5.4878,-3.8967,0.2345
-18.214,-16.724,6.8313
-20.664,-14.327,10.55
-18.879,-14.418,12.558
-10.44,-6.2146,1.6026
-1.5129,-4.2378,3.6084
-8.9019,-3.6996,-0.23481
-7.8888,-3.9466,4.4991
-14.002,-9.9289,9.5764
-8.973,-4.3762,-1.4869
-18.935,-11.5,11.82
-10.81,-5.0767,2.9567
-5.9024,-3.9011,0.33536
-2.3432,-3.0397,5.742
-16.267,-18.062,6.5602
-12.445,-7.0249,5.3467
-19.951,-15.078,7.6086
-1.2728,-2.5172,4.6107
-3.6149,-1.2972,0.81393
-21.285,-18.494,4.6868
-3.9515,-2.4343,2.3614
-3.5038,-5.8495,3.2574
-12.941,-7.4485,7.0912
-20.327,-11.091,10.875
-10.274,-10.119,7.0751
-22.01,-15.618,14.733
-23.765,-20.454,4.6455
-20.555,-16.494,12.293
-14.883,-11.209,9.4211
-16.757,-14.314,8.3803
-3.6058,-2.9234,4.1051
-13.067,-10.002,7.5121
-1.8213,-4.5269,0.045015
0.58926,0.92484,5.1767
-2.213,-3.1184,4.9414
-5.5112,-1.1341,5.6635
-18.483,-12.903,8.973
-17.057,-12.132,10.049
-10.59,-4.4126,3.0428
-14.675,-9.4927,8.041
-1.9123,-3.1188,2.3396
-20.75,-16.161,6.2618
-8.8747,-9.9395,1.9396
-5.4624,-6.22,-0.67392
-19.576,-14.539,9.5664
-8.3013,-5.4997,0.965
-18.577,-15.44,7.7939
-16.131,-10.351,10.842
-18.054,-7.3168,10.738
-13.686,-9.9569,9.7456
-20.218,-14.823,6.7104
-11.095,-5.5677,3.18
-7.5588,-4.7342,3.6363
-1.9557,-2.4479,2.9895
-20.328,-17.249,6.3977
-10.349,-6.2143,6.5754
-3.6472,-1.7217,1.9228
-6.0015,-4.6224,-0.71927
-11.857,-5.7775,2.8508
-14.273,-9.4898,8.8313
-20.363,-16.366,8.345
-19.268,-15.397,9.4853
-5.9934,-2.2841,-2.9403
-19.227,-14.08,8.1193
-12.506,-9.9075,11.177
-19.536,-14.802,10.619
-17.514,-13.125,7.1999
-20.753,-19.929,4.9162
-26.141,-16.329,9.4943
-20.83,-15.508,7.4117
-4.546,-5.2448,-1.2179
-12.468,-10.625,6.8817
-16.65,-8.6251,12.296
-11.526,-8.092,6.7005
-14.573,-8.3632,6.5273
-5.6194,-2.8,0.14691
-23.441,-19.855,5.9871
-6.5004,-7.1381,4.9747
-21.967,-19.927,6.0908
-3.0939,-2.4923,3.1337
-8.027,-4.2189,-0.45338
-2.6755,-2.068,4.8118
-5.3518,-3.3513,4.9332
-3.2711,0.86759,4.431
-9.3687,-5.6358,1.0819
-5.6223,-4.0997,0.206
-2.6774,-3.2667,5.0131
-12.814,-8.1761,6.4717
-1.2937,-2.5549,1.9731
-14.73,-10.274,13.097
-16.666,-6.9474,7.421
-19.855,-9.7954,13.95
-7.3179,-3.2945,-1.1415
-20.168,-14.289,7.7445
-20.354,-15.522,7.6222
-3.4766,-2.9935,-0.89984
-21.352,-19.252,4.1644
-2.2091,-3.0393,4.3901
-7.4145,-7.0479,-1.22
-13.44,-6.7843,7.1465
-21.406,-13.993,5.5023
-4.1494,-4.0818,5.4781
-9.908,-1.7107,1.4738
-6.3982,-3.2689,2.8362
-19.677,-17.473,7.2565
-22.31,-18.146,6.9868
-9.8848,-8.0627,5.1387
-21.905,-16.078,4.9377
-21.695,-21.049,2.7811
-12.077,-7.2641,6.0684
-13.148,-5.6294,8.9404
-20.994,-15.022,9.073
-9.884,-8.9577,6.5347
-6.6747,-4.9291,-0.87483
-3.5119,-1.4292,1.684
-3.7721,-2.9272,0.53325
-12.286,-1.5342,5.8866
-25.869,-16.325,5.6203
-13.07,-6.2502,5.1476
-22.099,-20.207,5.2923
-18.613,-15.003,6.7008
-20.95,-17.134,5.4841
-16.909,-9.3169,13.237
-2.6921,-3.2792,2.2715
-16.418,-11.885,10.861
0.1139,-1.8941,3.1391
-6.3572,-3.3466,0.10937
-16.599,-9.6409,9.7747
-13.629,-5.725,4.839
-20.274,-16.671,6.8538
-8.7967,-5.0406,1.5533
-18.497,-12.504,10.982
-12.247,-5.8705,7.6013
-18.735,-11.117,9.2179
-11.356,-10.149,1.3705
-21.635,-17.624,4.6277
-6.4592,-3.709,-0.079962
-4.6642,-4.9312,2.0207
-12.879,-9.1286,-1.9207
-17.153,-8.6788,11.699
-18.035,-15.927,7.6487
-17.869,-11.761,10.83
-14.451,-10.632,6.9055
-22.85,-17.85,4.0065
-17.416,-11.414,10.387
-8.0146,-4.2921,0.40088
-20.679,-17.855,8.2126
-20.453,-18.564,4.3348
-19.446,-14.341,7.8214
-16.724,-12.788,9.5675
-20.945,-16.732,8.2307
-17.562,-11.136,9.2097
-6.4157,-3.2687,2.7469
-3.8932,-3.0716,1.6341
-4.159,-2.465,2.0444
-17.745,-12.215,9.8962
-11.696,-8.7768,5.7952
-13.829,-9.1902,10.125
-5.5431,-3.0851,0.80311
-18.083,-12.65,7.7178
-5.4443,-6.5158,0.95156
-13.689,-9.4283,8.4881
-2.7861,-2.8453,3.4852
-15.474,-9.2846,6.0345
-10.272,-6.2137,3.1422
-2.7899,-5.2124,4.7
-23.01,-13.686,5.0799
-13.207,-10.638,11.953
-17.585,-11.016,10.164
-26.817,-19.57,8.7657
-18.586,-12.687,10.544
1.5112,-4.3411,6.7178
-17.27,-17.917,9.2427
-8.1959,-5.1989,2.4311
-17.102,-5.0742,4.7475
-2.1061,-7.3999,-0.19689
-9.6949,-7.1849,0.83488
-20.484,-17.612,10.085
-19.787,-18.077,6.8113
-3.4785,-1.7665,6.2551
-20.403,-15.415,8.0492
-8.7079,-4.6268,2.0446
-22.211,-18.067,5.59
-20.357,-15.181,5.3263
-13.268,-7.357,3.0845
-16.976,-11.262,9.0922
-11.608,-6.3956,4.0015
-9.9518,-5.5159,-1.3561
-22.549,-19.346,6.5047
-17.591,-15.772,9.1258
-20.506,-18.159,6.7398
-20.341,-16.583,3.1339
-3.0513,-2.5026,2.9691
-8.195,-3.9101,-0.035157
-7.0223,-1.3202,1.9503
-20.564,-15.579,7.1521
-15.367,-10.106,10.738
-21.377,-16.646,6.6576
-2.6938,-3.5233,3.4656
-19.872,-16.001,9.0868
-10.875,-6.3218,4.3505
-16.133,-11.502,7.5606
-9.937,-5.4025,2.0459
-13.408,-8.9828,8.4428
-26.238,-23.306,3.1349
-0.23748,-2.568,2.3101
-14.398,-8.1426,9.6228
-13.144,-8.5183,5.9512
0.15362,-3.6292,0.18935
-7.0302,-3.7833,1.5981
-21.247,-15.993,5.1634
-9.3802,-8.5049,-1.7591
-15.083,-9.5741,9.6579
-11.168,-5.944,2.2176
-10.705,-12.05,3.9526
-10.954,-9.3248,8.0254
-2.7032,-7.6225,4.144
-20.926,-17.375,5.9699
-18.461,-15.871,8.2101
1.1603,-2.4943,12.193
-9.951,-4.1796,9.2005
-17.023,-11.516,9.1016
-16.678,-11.528,4.9164
-4.7039,-2.4887,5.667
-13.936,-10.117,8.2879
-16.59,-8.6576,11.037
-2.9858,-3.2646,4.7191
-3.3247,-2.799,3.8883
-3.0105,-0.64094,6.2602
-18.832,-13.732,7.9937
-17.567,-14.236,10.181
-9.4514,-5.9022,-0.36387
-7.4717,-4.5667,0.9323
-3.794,-3.2647,0.63431
-5.6017,-4.8894,0.39742
-19.264,-12.107,8.351
-14.467,-8.0138,7.6027
-18.112,-7.8431,5.8259
-13.257,-9.2592,7.8591
-19.907,-18.616,4.0809
-18.692,-13.221,9.3679
-22.007,-18.882,5.1592
-4.6375,-3.3388,0.96736
-3.445,-2.9535,2.8341
-10.332,-10.031,5.4812
-6.309,-2.0365,4.5535
-2.3155,-2.3964,6.4446
-18.717,-15.21,8.4159
-12.423,-4.2687,7.2788
-2.2407,-1.5381,3.5809
-13.203,-8.1914,7.6322
-19.248,-11.812,11.127
-15.784,-10.165,5.4028
-13.633,-11.021,-0.19477
-4.7181,-2.4992,1.9867
-14.433,-9.6702,9.081
-15.359,-7.1347,7.2649
-4.5191,-2.7494,2.7464
-17.868,-14.238,9.838
-18.246,-13.554,11.097
-11.751,-6.8027,4.0138
-1.5468,-2.8127,5.7356
-18.109,-11.714,10.234
-3.2605,-3.415,2.7513
-21.32,-20.195,5.3114
-5.3181,-2.2079,2.3692
-3.3683,-0.26131,2.1255
-14.316,-10.034,6.5335
-20.701,-21.96,6.3802
-4.8084,-3.5326,2.0045
-22.426,-20.537,3.4579
-18.572,-14.405,9.1913
-20.309,-15.898,9.0635
-14.23,-8.2797,9.7543
-10.326,-11.334,2.5339
-11.447,-5.0548,4.9061
-2.3515,-0.077519,7.2168
-4.134,-2.8637,0.08375
-19.622,-15.904,7.8774
-8.5995,-7.332,-2.6784
-13.897,-11.943,9.6383
-19.721,-17.727,10.893
-8.3471,-5.5185,1.0777
-18.233,-15.345,11.699
-19.809,-16.544,7.547
-21.198,-20.529,9.118
-2.361,-2.9119,1.6272
-10.203,-5.6874,-0.61342
-23.079,-20.27,4.1325
-16.206,-5.1697,6.9299
-8.6733,-4.0818,1.4403
-23.725,-17.934,7.7072
-4.7388,-3.8897,2.2809
-13.449,-9.0273,2.5831
-16.247,-10.037,10.15
-14.951,-9.7625,8.6535
-12.037,-7.6902,6.3817
-14.91,-10.823,9.7136
-7.4805,-4.5419,0.021733
-9.6,-5.5363,0.58357
-4.6359,-5.3429,-3.4596
-9.4101,-3.6178,1.1445
-2.4452,-2.6416,8.6956
-13.169,-7.7171,4.9703
-22.325,-20.339,5.7089
-12.349,-8.6461,5.6186
-21.998,-13.817,7.9638
-20.958,-21.516,4.7599
-20.094,-17.378,6.8776
-1.2534,-3.3938,4.0346
-20.223,-16.033,6.6422
1.0953,-3.5341,-3.812
-17.373,-12.121,9.0462
-7.4761,-4.1296,0.29779
-20.911,-18.883,6.1171
-1.6308,-3.5024,4.7139
-11.498,-8.0665,6.1423
-10.747,-6.0573,2.922
-14.744,-8.8301,8.2751
-5.1558,-3.632,0.26876
-10.788,-5.475,2.4471
-10.543,-5.0453,5.1258
-11.836,-6.0163,4.5446
-18.907,-16.552,6.4181
-14.853,-7.7301,7.7103
-10.972,-6.7741,4.186
-20.918,-13.176,8.6917
-7.5943,-2.3252,0.70532
-18.507,-14.986,6.3925
-13.003,-7.6879,6.7882
-15.969,-6.1528,10.955
-2.6611,-6.1773,3.155
-16.021,-10.604,9.5497
-21.939,-19.676,4.7216
-12.724,-8.6792,7.5176
-24.991,-15.09,5.7124
-7.8625,-4.8945,0.90966
-20.703,-17.426,6.3119
-13.135,-12.779,9.9113
-11.822,-8.4196,6.8486
-18.157,-9.7778,9.3579
-22.741,-21.146,5.8821
-23.209,-18.639,4.5706
-3.0099,-3.4274,2.8328
-18.996,-18.184,4.1073
-9.5034,0.20922,-3.2583
-19.136,-18.378,8.2526
-16.906,-12.931,10.698
-17.704,-15.876,11.286
-19.59,-15.606,9.7502
-6.263,-3.8447,1.9136
-16.382,-7.3106,10.82
-0.20582,-4.2904,-0.26606
-20.953,-19.122,-0.17231
-6.0247,-3.7485,1.4422
-4.3897,-2.9708,3.8851
-4.5477,-5.7444,1.0685
-6.4624,-4.9171,1.3676
-10.293,-6.5725,1.6919
-19.25,-16.104,6.9382
-11.023,-8.1875,1.9977
-17.701,-11.976,9.347
-20.746,-16.129,4.9622
-19.259,-15.842,7.4224
-12.001,-7.3321,5.8005
-20.27,-17.105,7.1878
-2.7667,-3.0378,1.9564
-9.4607,-5.6649,2.3708
-6.595,-3.0536,-0.3187
-12.331,-5.0236,4.7176
-16.729,-10.499,8.5292
-4.6176,-1.2868,4.155
-8.2609,-3.7918,1.1179
-22.909,-19.262,3.845
-10.312,-4.1951,-6.4403
-11.447,-5.9522,4.1191
-18.681,-13.684,8.6513
-3.6318,-1.7063,4.3561
-16.236,-8.7308,6.7746
-5.8697,-2.1454,-1.0545
-14.674,-9.9347,7.467
-15.06,-11.525,4.8456
-12.141,-5.1572,2.795
-20.2,-18.868,8.0463
-14.231,-8.2261,7.3347
-12.559,-9.7132,3.9953
-2.159,-2.4296,4.8987
-17.71,-16.855,8.6635
-3.0425,-4.0484,-0.57689
-4.6739,-7.7034,1.5079
-7.4584,-4.1654,-1.3285
-19.118,-14.47,9.7396
-3.5098,2.4165,0.90824
-22.039,-17.513,5.2609
-20.764,-13.046,11.334
-6.307,-7.1503,0.66548
-14.987,-8.7685,5.6966
-4.0768,-2.8496,1.5791
-17.184,-15.384,12.786
-8.1098,-0.86563,-2.5582
-13.204,-9.4879,6.0133
-20.12,-16.592,7.6148
-22.187,-19.947,4.7626
-4.8797,-2.4692,2.0509
-18.503,-14.369,9.838
-10.01,-4.2998,-0.74762
-11.629,-8.3117,7.6539
-6.8963,-8.6453,7.3105
-18.083,-12.241,8.7774
-3.0592,-3.0185,4.5788
-17.641,-19.62,5.9087
-18.395,-12.276,8.2345
-2.5172,-2.7756,3.4027
-12.052,-7.5385,1.2731
-21.81,-13.176,9.3326
-23.252,-14.701,6.9136
-2.7538,-2.6112,4.2531
-8.5491,-6.9567,-1.213
-4.5403,-3.7985,1.1618
-24.956,-19.128,1.2825
-9.4024,-3.4625,-0.29883
-19.182,-13.746,10.39
-18.698,-13.671,10.583
-25.333,-18.564,7.1344
-9.7926,-5.4971,3.9721
-5.7479,-1.4183,-1.2183
-3.2895,-3.4097,2.6663
-14.011,-8.3942,6.7641
-8.7918,-0.57152,-0.36547
-5.5383,-3.0445,-0.013095
-20.288,-16.455,6.5543
-17.682,-13.946,9.533
-10.419,-3.1365,1.6813
-11.137,-3.2667,2.8733
-9.9177,-6.3809,0.91245
-8.958,-4.8359,4.6177
-11.111,-6.9864,5.274
-3.5177,-1.0332,4.6006
-22.258,-18.902,5.9717
-1.6111,-3.1352,3.9023
-13.69,-11.901,6.0144
-13.506,-7.721,7.5528
-21.718,-16.086,4.1865
-21.463,-16.058,6.6404
-21.942,-17.458,5.3701
-3.3209,-4.1102,2.7061
-12.194,-7.3214,0.9063
-5.838,-3.526,0.97015
-6.9931,-8.1522,2.9404
-17.02,-11.053,8.628
-8.7768,-4.836,1.5042
-5.2296,-4.0989,-1.8711
-19.326,-17.733,7.9542
-7.0266,-2.7176,-0.45913
-12.158,-5.0578,0.17773
-15.133,-6.079,5.6084
-17.556,-11.139,8.1186
-6.5295,-6.7598,-1.1156
-2.4921,-1.5909,4.0081
-9.5133,-7.094,4.908
-22.486,-18.527,7.4111
-6.1895,-3.2748,1.0194
0.068141,-2.4346,3.7059
-5.4938,-3.2443,1.5831
-5.5437,-5.5008,1.8943
-9.8094,-4.9399,1.9378
-10.138,-6.2394,6.3722
-20.194,-14.431,8.3289
-14.694,-9.143,6.9838
-4.3041,-3.0632,1.9602
-21.579,-20.212,4.6326
-14.709,-10.172,4.8494
-2.2415,-3.5135,2.7845
-4.592,-3.1775,3.0852
-8.5402,-4.7872,1.1967
-17.274,-15.334,9.2841
-15.904,-18.872,11.609
-3.56,-0.91412,2.878
-1.9528,-3.2999,4.114
-13.993,-7.7346,7.5832
-18.071,-13.67,10.418
-6.435,-3.8626,-0.55966
-8.8284,-4.9585,1.3054
-18.074,-16.987,7.9355
-15.836,-13.207,12.288
-8.0573,-5.0262,3.3075
-21.3,-18.822,5.2916
-9.9003,-5.4097,-0.59902
-16.004,-17.659,5.8504
-13.587,-4.9212,1.0537
-22.558,-18.3,7.3392
-1.1011,-4.2704,3.6092
-9.6873,-4.8246,0.091887
-22.746,-16.774,5.6498
-11.381,-7.02,3.324
-17.279,-13.284,7.3591
-23.945,-20.179,4.6254
-12.531,-4.2959,-3.1819
-9.2102,-5.3027,2.4367
-2.57,-2.9528,5.8674
-10.68,-5.1291,-4.2223
-11.71,-11.648,10.56
-7.1414,-2.7143,1.501
-17.195,-12.862,9.8952
-14.122,-10.246,8.4924
-13.956,-8.3689,7.8027
-3.6906,-5.51,1.2855
-19.584,-17.537,7.4863
-11.965,-7.295,3.5481
-11.191,-4.9393,2.6358
-20.982,-16.734,8.0549
-14.19,-10.6,9.9435
-19.032,-17.427,4.7416
-3.2797,-4.051,2.9047
-9.4926,-3.9788,-0.53087
-16.761,-11.687,8.8476
-15.291,-9.3184,4.3878
-13.797,-8.1429,8.7912
-11.604,-6.316,4.2622
-20.995,-15.852,7.8492
-6.4152,-3.6054,8.5732
-2.3315,-3.5864,2.5543
-17.565,-14.544,5.6034
-1.2547,-2.7222,4.2448
-10.637,-7.8706,1.5887
-0.97704,-5.027,2.6218
-20.553,-14.909,7.3238
-12.973,-8.7069,7.1307
-18.546,-14.56,10.51
-21.878,-17.861,6.3324
-5.9257,-3.5344,4.2639
-5.1188,-3.2058,4.7743
-22.086,-18.137,7.6225
-17.464,-16.071,6.1372
-2.3115,-1.0798,6.2571
-6.3618,-3.2809,-2.4836
-1.3128,-2.8574,6.837
-4.8316,-7.7044,3.6242
-18.644,-13.183,8.0039
-5.7848,-2.6585,1.2935
-16.771,-10.687,6.5731
-21.241,-15.408,6.982
-20.553,-18.194,7.8232
-21.376,-19.689,4.7154
-17.407,-15.498,10.08
-1.9011,-3.7391,4.1265
-24.768,-23.079,3.726
-17.837,-14.278,8.1015
-6.3555,-4.7735,0.88198
-19.566,-16.058,7.4252
-8.1756,-5.4729,0.6921
-5.9178,-2.5397,4.5014
-19.833,-18.042,7.0666
-11.241,-6.6876,1.4959
-2.5549,-3.8194,4.0102
-16.05,-21.22,6.3393
-9.4314,-4.1009,1.95
-13.052,-7.9515,6.9909
-0.49604,-4.9095,5.5341
-21.684,-12.075,3.8627
-5.099,-3.6562,0.59896
-5.9276,-4.1228,-0.51539
-14.467,-8.405,8.6898
-3.1088,-2.9383,3.2816
-2.9375,-5.188,2.1444
-16.01,-12.114,10.667
-2.0043,-2.2096,3.9071
-3.3529,-1.1532,-0.36436
-18.107,-21.612,7.6635
-22.21,-16.932,6.7564
-4.9157,-3.1294,0.87633
-15.069,-3.3784,9.4789
-10.978,-6.3448,2.1484
-21.207,-15.367,9.2986
-3.4233,-2.2931,4.8383
-15.727,-9.1615,9.0977
-19.702,-15.272,7.5919
-23.365,-16.927,3.7759
-11.382,-5.0167,1.9078
-18.171,-12.83,7.7492
-12.965,-9.4495,7.084
-20.279,-12.603,10.163
-20.772,-15.923,5.0107
-10.526,-5.8433,2.2559
-12.708,-8.7898,7.4843
-17.247,-14.422,8.3656
-0.50148,-5.2223,0.56283
-15.66,-6.6267,8.8127
-11.799,-5.9003,3.1027
-9.3481,-5.0528,-2.6402
-5.9741,-4.5602,0.75674
-4.1762,-3.4374,1.8928
-16.978,-12.986,9.034
-12.351,-6.9299,5.5249
-1.4146,-2.0713,1.06
-21.816,-17.101,6.3579
-1.0562,-2.1327,4.2892
-9.021,-2.721,2.0522
-9.4097,-4.8861,4.4224
-16.621,-15.82,10.684
-5.1196,-4.6022,0.060366
-7.5169,-4.9048,0.070764
-13.128,-9.196,5.9234
-11.401,-12.753,4.7651
-20.603,-17.513,8.6248
-19.887,-8.4638,7.3478
-13.329,-8.7908,7.2481
-13.235,-7.855,7.5407
-16.992,-14.367,10.959
-13.178,-1.8391,0.26098
-18.443,-13.673,9.3214
-21.927,-18.851,5.3032
-9.0247,-3.8781,-1.208
-17.843,-10.284,9.9041
-4.7436,-3.2784,-1.8222
-5.2741,-1.9305,0.67605
-10.191,-2.1586,1.4062
-20.036,-10.274,8.7973
-15.188,-15.9,7.1422
-6.674,-1.7207,2.4844
-18.766,-15.084,8.2788
-8.9216,-5.388,7.7203
-3.1059,-3.6802,2.7593
-12.909,-7.3006,7.4455
-13.202,-6.7611,5.8154
-17.56,-12.637,11.02
-25.981,-15.879,6.238
-3.2874,-2.5819,3.0336
-21.737,-17.775,5.2402
-20.848,-17.498,6.8352
-11.308,-8.0065,10.774
-13.823,-7.7077,12.205
-17.986,-13.932,9.6562
-13.34,-7.407,5.6397
-6.8575,-2.8472,0.61463
-12.487,-6.5743,3.9516
-11.239,-7.9239,5.1185
-5.9721,-2.8711,2.3982
-22.23,-14.976,4.2175
0.20656,-3.4331,4.283
-3.7905,-3.1573,2.4138
-1.5519,-1.9372,5.6956
-11.172,-6.3463,11.722
-8.7131,-5.8219,0.69151
-1.1598,-3.8682,4.0171
-9.9185,-4.8108,2.8216
-10.564,-12.012,5.759
-7.7928,-7.6255,0.63036
-12.958,-9.3798,7.8343
-23.261,-17.657,8.9735
-16.653,-9.9698,6.9099
-19.823,-16.77,7.394
-12.058,-7.4383,5.8904
-10.744,-1.6577,-2.0732
-13.637,-6.8481,7.5527
-3.7845,-2.1281,3.6665
-15.023,-10.461,4.7228
-11.335,-5.4667,3.8989
-14.313,-7.8379,11.769
-9.1669,-3.5839,0.34629
-17.89,-14.223,6.5549
-4.8137,-5.044,-0.57869
-22.238,-19.107,4.949
-21.847,-19.382,4.6651
-14.203,-10.652,9.274
-17.881,-17.169,6.5843
-21.721,-17.738,5.078
-19.458,-16.255,3.2462
-19.402,-16.756,7.636
-16.912,-17.121,5.0159
-23.896,-20.793,5.782
-21.715,-19.479,6.1885
-16.872,-17.257,7.9244
-22.857,-19.275,5.3962
-21.755,-17.13,7.6507
-5.2816,-3.9077,2.0167
-22.467,-17.388,4.4315
-21.237,-13.858,7.7612
-11.274,-6.2557,9.2445
-5.5516,-4.5283,5.0228
-12.609,-8.3345,7.7018
-9.2424,0.31648,-2.8599
-1.7734,-7.7574,4.721
-11.333,-7.38,3.2886
-18.611,-14.051,8.3248
-21.762,-17.669,5.8345
-10.645,-1.4055,2.0043
-18.988,-10.79,7.5885
-17.6,-12.464,10.691
-4.1224,-3.0022,2.5131
-13.235,-5.6426,3.1226
-19.948,-15.688,6.1821
-18.859,-20.718,5.1148
-4.6438,-3.7376,0.19396
-0.41289,-10.749,7.5441
-7.4394,-2.9018,0.84861
-4.714,-3.036,2.0901
-0.53703,-0.91494,5.2883
-16.127,-14.448,7.3304
-12.975,-8.0995,6.5568
-5.7728,-6.721,4.9047
-17.54,-7.962,12.084
-17.292,-18.097,5.1216
-12.799,-7.3058,8.4799
-15.468,-10.001,8.6098
-14.79,-8.8438,6.9134
-11.719,-11.349,8.6288
-11.894,-5.0616,7.458
-11.708,-8.5873,6.6123
-18.832,-19.279,4.6405
-8.6698,-3.7365,1.8961
-15.354,-11.547,9.8809
-3.5891,-3.793,1.2398
-13.836,-9.0704,11.975
-9.2687,-6.0714,2.0126
-18.15,-10.512,10.613
-3.8422,-3.1443,0.71741
-22.422,-19.091,3.86
-21.802,-16.564,5.8674
-20.454,-17.911,5.8124
-14.26,-10.441,9.138
-18.954,-13.598,11.389
0.21607,-3.8108,1.4801
-15.084,-8.9373,8.7906
-13.415,-9.6419,7.4024
-16.608,-12.071,9.8493
-20.562,-15.092,8.3122
-3.9547,-2.1898,1.1671
-13.347,-9.5354,5.1865
-7.0848,-1.6325,5.0711
-18.141,-13.636,7.313
-11.433,-6.4094,3.733
-24.797,-17.476,1.383
-14.551,-8.5195,7.8095
-10.464,-4.7104,1.6665
-8.3034,-5.444,0.64523
-0.77426,-2.0903,-2.1475
-9.1244,0.25964,-1.4469
-15.412,-8.8651,8.5318
-2.4657,-5.3714,0.92102
-3.9857,-3.0468,1.3213
-2.5946,-1.9516,2.8729
-7.2765,-3.2904,0.97857
-9.9014,-9.6049,5.887
-13.877,-10.636,10.013
-4.6098,-3.3228,2.7805
-10.883,-7.4307,3.1299
-12.857,-7.4957,6.7603
-9.731,-6.3212,2.3433
-9.7799,-5.0598,2.382
-22.946,-15.494,5.9368
-4.82,-3.6478,3.0173
-8.2086,-2.4285,-1.7649
-15.287,-10.79,8.9108
-16.554,-10.15,10.7
-13.62,-10.798,9.9448
-12.596,-4.6654,5.5865
-20.404,-19.227,4.3745
-5.6829,-5.1142,1.6772
-9.1969,-6.9764,4.8291
-16.284,-6.3975,8.1769
-9.0248,-6.7812,2.6222
-8.7669,-5.2622,0.31912
-4.3975,-2.3737,2.1449
-1.641,-2.5854,6.4536
-7.9772,-3.6368,-0.80166
-7.8759,-3.738,0.12459
-12.535,-8.5625,6.4445
-11.859,-7.6139,7.0558
-22.359,-16.96,5.0455
-3.6944,-4.2717,2.8716
-20.63,-14.767,7.0378
-17.829,-16.631,2.7543
-5.8273,-5.227,-2.3664
-21.323,-19.02,5.9207
-14.273,-11.22,6.9401
-23.898,-21.272,5.9521
-21.452,-15.809,9.7416
-10.935,-8.0632,8.0386
-7.1296,-4.653,0.54519
-5.3407,-1.9753,-1.6434
-20.811,-17.853,7.2907
-14.401,-5.9978,9.1126
-0.96336,-2.0299,4.3008
-9.479,-3.625,5.1055
-20.794,-11.338,9.6896
-19.758,-18.095,1.9723
-19.388,-14.912,7.1779
-15.617,-14.708,8.3212
-2.2805,-2.4405,4.0623
-19.082,-13.581,11.224
-16.657,-12.823,8.8554
-9.8904,-6.5175,1.6895
-12.288,-5.526,4.7923
-12.995,-7.9613,6.609
-2.7858,-2.3778,4.7718
-9.7917,-4.8969,1.1327
-20.616,-18.345,4.7847
-2.1556,-1.0703,3.414
-9.1693,-8.7918,3.7856
-13.108,-14.128,7.0139
-9.6418,-2.5372,4.257
-21.043,-14.364,6.5783
-23.249,-19.228,6.198
-3.7472,-2.7856,2.3461
-13.119,-8.804,7.8108
-10.559,1.6708,2.884
-6.2771,2.9527,-0.92179
-21.907,-20.063,5.7649
-18.932,-16.493,6.8404
-13.95,-9.1777,8.1863
-13.194,-10.581,7.3841
-20.169,-15.137,13.633
-11.977,-4.6772,4.5995
-12.829,-4.2111,8.4453
-9.181,-4.4105,0.63348
-21.488,-16.728,8.1108
-22.928,-15.821,8.2871
-14.766,-8.4869,9.4005
-13.105,-8.8039,5.7115
-10.377,-12.572,3.0823
-18.767,-14.186,7.8702
-0.063157,-2.7583,7.9395
-12.069,-7.4103,3.7039
-2.298,-3.0036,4.4925
-13.318,-9.8692,6.8766
-11.174,-5.9596,4.8763
-19.284,-9.0778,6.4102
-12.181,-6.56,3.4171
-4.0675,-3.2765,3.064
-16.403,-9.8303,6.8512
-4.5589,-2.4111,1.1519
-17.783,-15.07,7.8777
-18.428,-15.256,9.1421
-14.904,-11.091,8.3511
-6.4953,-3.2894,0.37727
-7.9398,-5.8807,2.6106
-10.186,-3.2535,-0.29559
-11.516,-6.4518,4.3067
-20.823,-8.4445,11.696
-22.284,-19.234,5.0929
-19.317,-15.758,9.1187
-13.231,-7.9205,6.7914
-18.109,-16.19,5.7687
-20.003,-15.338,7.4325
-21.131,-17.512,7.1276
-8.9453,-0.67169,2.008
-9.0344,-3.3191,-1.6233
-13.154,-7.7153,7.2917
-8.6195,-4.3464,3.8659
-15.865,-13.378,11.403
-13.652,-8.2861,7.0362
-14.383,-9.9133,10.156
-3.9697,-4.1616,3.9445
-18.525,-14.812,10.249
-10.863,-7.7589,4.1412
-2.0691,-3.6189,0.47682
-18.069,-16.205,12.771
-10.055,-10.527,6.2303
-13.692,-9.0952,9.3954
-6.8501,-4.2931,1.5726
-8.7316,-5.6914,2.1395
-19.698,-16.49,10.121
-7.4185,-3.6349,0.040126
-22.336,-16.814,8.7588
-19.581,-18.843,8.5501
-7.8248,-4.3896,1.1301
-19.267,-14.588,9.634
-3.3602,-2.5744,0.62601
-16.285,-12.509,9.4808
-3.7344,-4.8202,5.8944
-14.43,-6.803,7.2902
-7.8542,-4.1507,0.68583
-20.101,-12.949,10.265
-11.028,-6.5508,4.5253
-19.826,-17.372,5.3072
-18.664,-14.383,9.3403
-5.8122,-4.0117,0.17465
-3.1372,-3.4517,4.8673
-18.569,-14.321,7.8154
-9.9283,-5.5123,2.0051
-20.786,-12.476,12.083
-1.5213,-2.3059,3.9444
-8.4319,-5.9642,2.4274
-14.834,-9.6335,8.334
-10.584,-4.1706,3.0635
0.17942,2.6073,6.3078
-2.8851,-1.7811,4.2184
-14.191,-10.477,9.3893
-6.5137,-2.8956,-0.13853
-3.0603,-4.1094,4.7114
-2.1458,-6.0053,3.1256
-12.929,-2.3528,2.011
-2.266,-6.1208,2.3237
-10.691,-6.3166,2.6702
-21.845,-17.728,3.821
-20.501,-17.256,6.1336
-5.7771,-3.0362,7.5322
-3.658,-2.643,4.1584
-8.8152,-6.6979,1.952
-20.34,-15.712,8.0378
-17.692,-12.915,9.6958
-2.3542,-2.9087,3.4916
-18.705,-12.837,11.009
-16.37,-11.184,10.994
-6.4965,-5.1414,1.5045
-9.4396,-6.0257,1.4193
-11.61,-7.4239,4.7875
-22.353,-18.804,5.213
-16.178,-11.35,8.4121
-11.173,-5.2746,4.1346
-9.1691,-5.1106,2.4422
-6.7714,-4.5199,0.9425
-22.271,-18.372,5.5554
-21.912,-16.688,7.0442
-16.124,-12.174,10.066
-14.315,-6.0629,4.9541
-18.878,-13.712,10.306
-19.162,-11.508,8.2671
-20.119,-16.261,9.8
-5.5107,-2.9337,1.6899
-18.774,-15.886,7.5494
-16.812,-15.347,8.3391
-23.056,-10.879,9.2962
-12.296,-6.7865,5.6685
-17.747,-14.055,9.171
-8.6618,-4.2852,0.67006
-9.7244,-5.2705,1.0955
-2.8608,-3.8577,3.8418
-21.285,-16.765,9.4268
-6.2144,-4.9454,1.4965
-5.2688,-3.6852,1.433
-4.0478,-2.4665,3.6214
-19.317,-15.649,13.085
-9.0025,-5.0167,4.2289
-24.733,-16.017,8.0775
-19.314,-15.442,8.9198
-9.002,-5.0404,1.3181
-5.0675,-2.0499,-0.0044653
-21.258,-18.654,6.1663
-20.549,-17.037,7.5548
-18.323,-9.1196,10.87
-15.901,-9.6363,8.8818
-11.476,-8.4781,3.4914
-11.917,-6.3144,6.1393
-20.177,-16.225,6.7186
-3.7813,-3.1089,0.67672
-6.8402,-4.6514,0.031405
-12.651,-9.381,4.3362
-6.2451,-3.8072,-0.67242
-15.145,-8.4292,9.4911
-16.923,-13.166,8.9677
-19.183,-9.4372,11.589
-19.103,-13.941,9.1952
-18.096,-13.634,9.0916
-17.319,-11.45,10.981
-16.393,-5.6329,9.9651
-11.973,-5.917,2.351
-20.914,-16.754,6.338
-8.2913,-9.5567,5.7383
-19.693,-15.332,7.4337
-4.2011,-2.3208,-0.16648
-21.41,-12.08,7.1221
-0.9609,-0.81266,2.168
-11.759,-5.6282,0.27122
-22.523,-17.578,5.4398
-17.179,-13.224,9.9175
-20.225,-15.075,6.5581
-3.7791,-2.9406,1.5552
-13.704,-6.676,5.8052
-19.039,-16.637,5.4279
-9.4961,-6.6804,0.44259
-12.539,-8.0083,5.3827
-8.7313,-7.8249,0.033005
-20.642,-19.915,4.2614
-4.8293,-3.4242,5.1604
-0.47147,-2.857,3.2312
-9.7957,-4.2572,0.78497
-11.313,-8.0295,2.6084
-19.72,-14.643,8.8036
-12.888,-9.6045,7.7425
-17.627,-13.057,10.316
-6.5184,-4.0678,-0.93361
-17.954,-12.255,10.176
-12.415,-4.7231,5.3362
-8.5303,-5.14,0.94876
-7.1658,-2.8119,0.7471
-11.563,-6.1866,4.4566
-20.516,-16.598,9.0413
-23.721,-21.085,7.1318
-14.26,-8.4859,8.731
-4.6921,-2.5327,4.9698
-20.228,-16.839,8.2723
-12.242,-8.447,4.9617
-20.723,-17.238,8.2657
-8.2683,-4.6583,1.1724
-9.1934,-8.3223,5.5792
-3.5143,-2.8424,2.7257
-21.272,-18.605,4.1759
1.6657,-3.2834,7.1587
-2.4112,-2.3021,5.7076
-12.772,-7.4712,6.8814
-7.1749,-4.0145,-0.76197
-19.067,-17.455,6.5098
-6.9621,-5.5779,-5.0273
-10.8,-6.6415,1.3308
-10.923,-9.4955,6.6953
-14.143,-9.4464,7.6142
-14.179,-8.4552,6.5578
-3.9635,2.5876,-0.095315
-4.6236,-3.4009,0.27407
-7.4001,-10.354,0.93442
-14.178,-7.8386,8.0216
-17.792,-14.978,7.6259
-1.5391,-4.1428,-2.4871
-18.817,-15.457,3.7272
-18.439,-17.522,7.5888
-18.17,-13.359,7.6211
-15.473,-10.405,9.3931
-5.2942,-4.548,6.0687
-16.107,-9.3508,10.183
-14.609,-11.576,9.4908
-8.0712,-4.6779,-1.3154
-1.9684,-2.9229,4.1529
-4.379,-4.5203,-3.5339
-22.195,-18.07,5.0479
-1.661,-4.5603,6.6428
-22.679,-15.953,5.7223
-6.3028,-1.667,3.259
-5.2841,-4.8752,-0.042884
-17.437,-6.7808,7.8616
-0.28053,-4.3705,4.2621
-11.179,-10.923,10.922
-12.125,-13.185,6.2906
-21.188,-15.651,8.7803
-3.196,-1.5503,3.9353
-20.377,-16.773,5.5996
-9.9825,-8.3873,4.8368
-2.6428,-3.3056,4.2972
-7.1824,-5.5121,-0.028782
-5.7375,-3.5926,-0.32856
-14.171,-9.3651,8.5345
-14.531,-10.486,1.8384
-0.83744,-2.6954,8.7812
-21.325,-12.373,10.918
-9.8145,-5.1835,2.9328
-21.854,-18.236,6.7311
-14.033,-10.575,8.5769
-2.8321,-1.9358,4.6419
-7.2106,-4.0262,7.7623
-22.269,-19.119,5.2386
-19.957,-14.534,8.7794
-15.947,-7.1161,9.2472
-11.826,-7.8689,6.5308
-15.341,-9.41,9.0992
-4.8185,-2.8805,2.6832
-7.1686,-5.3947,0.14932
-10.195,-4.7759,2.3804
-5.4844,-0.93901,0.6318
-11.658,-7.6582,5.5523
-10.964,-5.6672,1.8927
-11.615,-6.0133,3.8794
-5.6754,-1.9617,4.3743
-21.694,-17.725,4.6204
-21.08,-8.8824,7.5883
-23.594,-19.254,6.1617
-19.348,-10.722,8.0564
-17.806,-13.369,7.4861
-10.571,-7.5266,7.1291
-19.364,-18.69,5.1696
-12.5,-7.2689,7.3707
-1.1608,2.3021,3.3727
-11.916,-5.7782,4.1035
-18.129,-15.158,8.6416
-22.222,-19.036,4.7764
-0.96673,-0.6448,1.6612
-24.303,-25.035,10.048
-7.4553,-3.013,-0.056205
-22.258,-11.427,7.4356
-9.7551,-5.3043,1.2807
-2.7342,-1.8864,3.6178
-19.014,-11.289,5.2298
-3.5774,-3.1803,3.9821
-14.045,-7.916,5.8234
-11.605,-7.0593,3.964
-17.593,-11.814,8.6967
-22.331,-16.118,10.082
-4.6134,-6.0304,1.2944
-13.748,-3.6303,2.6341
-20.192,-21.903,9.2388
-15.361,-4.0623,3.4344
-4.09,-2.8899,2.2327
-1.4327,-5.4963,7.6565
-10.402,-7.6375,7.1778
-7.0588,-5.031,1.2028
-13.064,-8.327,4.81
-10.299,-6.0473,4.1509
-17.171,-14.054,1.3021
-21.157,-17.29,8.1339
-16.852,-15.182,6.2939
-21.807,-19.27,5.3303
-14.538,-2.9821,4.5396
-14.131,-8.5913,9.8122
-6.367,-4.0474,0.65522
-2.9227,-2.8096,5.8645
-11.532,-7.3042,8.7356
-12.651,-18.201,11.012
-19.451,-18.926,3.868
-1.9361,-2.4212,1.3611
-7.2028,-3.364,0.45768
-12.682,-8.5147,6.1265
-21.581,-16.549,6.522
-18.51,-12.381,9.6692
-8.9807,-5.9656,1.5019
-11.275,-6.0442,2.0337
-13.241,-13.116,7.1516
-18.423,-14.13,9.0474
-11.971,-11.63,10.907
-10.817,-6.7265,2.8259
-23.183,-19.783,5.1914
-9.4811,-5.6098,2.5629
-2.6779,-0.25822,0.42589
-2.0461,-3.9314,5.2988
-14.467,-8.708,6.2676
-10.734,-4.6759,2.3404
-7.7006,-4.7725,0.75158
-18.161,-9.6635,10.739
-11.174,-10.035,9.2617
-16.439,-11.684,9.5472
-1.5763,-5.5004,3.3537
-19.685,-15.979,8.3167
-14.581,-8.8295,7.8475
-12.965,-9.157,8.156
-7.8749,-4.9538,0.35014
-14.706,-7.8798,3.2981
-11.497,-6.8743,4.0644
-9.861,-5.4868,5.014
-2.4126,-6.1514,2.2056
-14.87,-6.3457,2.9104
-11.163,-7.5265,6.2368
-0.44697,-3.4102,2.742
-1.1621,-5.0757,2.3939
-4.0743,-3.6975,2.0216
-8.359,-2.5062,5.772
-19.46,-15.787,10.168
-18.687,-14.811,9.2412
-5.6621,-5.5104,5.6837
-20.365,-20.107,4.9714
-2.1683,-2.2515,5.0208
-21.323,-17.695,-1.5548
-18.52,-9.7969,9.6263
-18.067,-6.3376,11.71
-8.4305,-5.6721,0.30746
-19.227,-13.56,8.3749
-4.4493,-3.9505,4.9979
-2.2877,-2.7163,3.6592
-8.8564,-2.5343,4.2282
-21.069,-10.006,9.2748
-5.0675,-3.5016,5.2515
-22.349,-20.137,6.3316
-16.842,-15.965,9.4176
-9.547,-7.045,7.3176
-9.7937,-7.3985,3.9717
-21.268,-16.63,3.2671
-23.527,-15.566,8.7336
-22.56,-19.482,5.4664
-1.2593,-5.9357,-0.83643
-20.737,-17.583,6.6039
-20.681,-18.298,5.8613
-2.4711,-6.5608,3.5651
-7.9057,-4.253,0.17445
-13.62,-9.7353,9.541
-6.3226,-3.9216,0.68701
-16.372,-9.6198,9.1275
-21.063,-15.903,13.51
-22.378,-17.895,7.3732
-15.308,-18.024,3.4329
-20.55,-16.41,7.3438
-22.042,-16.649,6.7687
-21.972,-20.291,5.5051
-1.8769,-3.1731,4.3991
-10.041,-8.2038,3.1677
-4.5662,-4.1877,8.0016
-16.124,-11.6,9.3884
-26.315,-12.778,4.4215
-15.047,-9.8241,7.7959
-6.0998,-3.212,-1.3182
-5.2712,-4.4386,-0.098657
-23.333,-15.328,3.7807
-22.95,-18.805,4.7096
-19.985,-16.086,6.8262
-21.45,-19.402,4.1184
-8.7505,-3.0233,-0.81457
-2.5946,-2.9239,2.8042
-5.806,-4.2606,-0.3176
-12.682,-11.796,7.5642
-14.286,-12.624,8.5922
-17.93,-13.082,9.2775
-7.8645,-7.1512,1.4767
-1.7416,-3.415,3.9589
-12.843,-7.9251,6.6482
-3.5672,-3.1099,3.2657
-6.8701,-4.1066,0.26719
-24.522,-16.28,5.3675
-19.165,-13.553,6.3325
-24.229,-14.433,5.316
-10.431,-6.272,5.7283
-21.019,-17.367,8.6269
-13.114,-4.8457,4.3875
-14.048,-8.9517,4.1212
-23.288,-19.361,3.2766
-7.992,-5.8143,2.84
-12.647,-7.6606,4.6181
-23.188,-19.486,3.6337
-6.5818,-3.8866,-0.53278
-17.626,-14.134,7.0375
-20.706,-16.817,6.9376
-0.9549,-3.2598,8.1265
3.1482,-6.419,7.5852
-5.5443,-3.9142,-0.060969
-14.048,-6.6537,7.0045
-15.126,-8.4373,10.558
-7.5625,-2.3601,-1.9028
-6.5012,-5.2341,6.4923
-18.472,-14.586,9.6981
-1.9472,-2.9078,3.8062
-10.853,-6.3825,9.4713
-13.483,-7.9244,6.0206
-9.8754,-5.4027,6.086
-21.815,-19.593,3.3739
-23.889,-18.842,2.1668
-9.0333,-7.1158,1.6699
0.37142,-5.6511,2.0866
-10.385,-6.1046,3.6926
-18.504,-16.266,8.5206
-11.247,-12.931,3.1111
-12.466,-10.877,4.4449
-21.048,-13.013,4.4723
-16.097,-11.246,10.331
-20.786,-18.757,5.9615
-19.349,-15.682,9.6291
-4.0767,-6.1396,3.7806
-19.438,-14.019,9.6103
-20.981,-19.277,9.5198
-2.749,-2.5699,2.847
-8.4132,-5.1457,0.050254
-17.29,-12.797,10.908
-4.6765,-4.1168,1.1855
-16.215,-13.179,9.4889
-22.57,-19.123,5.7276
-21.854,-18.218,8.6163
-2.8466,-4.2065,3.4661
-6.879,-6.7058,2.6481
-14.089,-7.9632,7.5154
-12.084,-6.1261,4.0912
-7.8597,-3.5688,0.4187
-15.138,-9.0412,8.3714
-9.6705,-3.6943,2.8128
-8.0528,-5.384,0.50735
-13.852,-6.3213,6.4162
-5.1249,-6.119,3.5077
-10.26,-6.6284,0.48644
-8.369,-5.2858,0.31942
-8.0359,-4.5637,1.231
-11.686,-7.5912,4.5608
-21.976,-19.868,3.0351
-22.482,-16.678,8.3455
-10.465,-6.5922,-0.70578
-12.511,-7.3692,1.5415
-4.6441,-1.5552,3.4917
-18.716,-14.27,11.591
-2.7936,-2.0533,3.6356
-19.096,-15.02,8.6905
-10.284,-6.4871,4.6099
-20.243,-14.787,8.4245
-10.818,-4.9388,1.7578
-3.7304,-2.8109,1.9752
-15.527,-12.618,7.3356
-17.109,-10.819,7.8951
1.1975,-4.3824,3.796
-7.3731,-3.0293,0.69261
-6.4152,-3.9442,0.25272
-10.058,-2.8783,2.2159
-2.9667,-3.3616,0.0066062
-2.5408,-6.8781,6.6897
-2.7887,-3.6931,2.6548
-9.716,-7.1937,2.6957
-8.0519,-4.4983,0.90974
-21.091,-17.68,5.4718
-1.7275,-3.8442,3.9235
-19.607,-18.339,2.9227
-21.807,-16.53,3.8151
-19.436,-14.075,8.674
-17.409,-12.262,10.459
-7.3813,-2.5178,-3.4976
-9.3909,-4.2992,0.32691
-21.209,-14.01,12.094
-12.707,-1.836,3.588
-14.947,-12.939,10.621
-10.469,-4.5268,1.8785
-7.9706,-3.4682,1.3652
-21.177,-19.263,5.139
-12.692,-9.2782,8.1646
-4.9707,-3.9054,0.82669
-22.954,-17.544,7.8312
-10.541,-3.921,0.85193
-4.6847,-1.7807,1.8885
-1.5199,-3.789,4.3724
-11.226,-6.4929,6.1675
-12.566,-7.0135,5.9016
-21.849,-17.381,7.6897
-10.444,-4.3814,3.9359
-3.8347,-3.4563,3.5855
-18.477,-13.335,10.28
-23.324,-19.36,4.6502
-24.11,-21.521,11.456
-6.4243,-4.4067,-1.5145
-21.918,-17.874,8.5457
-22.894,-15.551,7.1765
-19.744,-16.577,6.2104
-10.578,-4.952,3.8586
-8.145,-3.343,-0.21319
-21.208,-18.547,5.3441
-8.105,-2.3705,-5.0549
-8.5815,-4.573,1.4137
-8.6505,-5.9341,6.5738
-9.1094,-5.2525,0.2875
-19.214,-13.448,8.6254
-20.819,-17.36,6.4289
-9.9597,-5.1292,4.291
-12.231,-5.8406,4.8705
-10.282,-10.099,8.1074
-4.8845,-3.9953,1.6639
-3.5918,-4.4227,-2.295
-20.49,-16.601,7.1101
-10.435,-4.8116,-1.3067
-5.9169,0.2082,-0.2201
-19.037,-15.102,9.9923
-15.122,-9.7277,9.0362
-14.523,-9.6995,8.3742
0.68496,-3.075,5.686
-17.786,-12.692,8.7849
-2.7661,-0.25305,0.4564
-15.681,-12.329,10.714
-15.745,-16.403,5.0815
-10.126,-5.8931,1.4226
-1.1435,-2.5235,7.8945
-14.641,-10.746,7.7301
-20.814,-16.291,9.2731
-4.5887,-2.3385,0.98578
-2.4062,-3.4063,5.7393
-23.286,-18.729,5.8075
-13.872,-7.487,5.6537
-12.294,-4.7163,0.53085
-12.102,-8.0859,6.873
-9.7961,-3.105,-1.7563
-19.382,-20.538,8.6456
-8.7842,-3.6215,-0.10037
-9.2896,-4.5493,-3.4866
-2.1751,-1.965,4.0675
-11.65,-6.6217,5.258
-9.1271,-7.0696,0.076322
-16.019,-13.263,10.462
-11.466,-7.2291,4.8695
-18.534,-13.857,10.925
-5.7216,-2.7715,5.0827
-3.2789,-2.0021,0.52995
-2.8736,-2.7643,4.2302
-21.403,-18.329,5.0468
-10.291,-3.9424,6.1401
-21.095,-15.478,7.8972
-11.957,-7.753,5.5165
-14.934,-5.5741,4.0165
-2.0636,-5.7619,0.11105
-23.297,-22.2,1.6464
-21.281,-18.858,7.1808
-5.3815,-4.4201,0.73885
-21.235,-18.49,6.395
-4.1152,-2.8937,3.8731
-8.7583,-4.529,0.9764
-10.205,-1.8449,2.8783
-6.6018,-3.1851,6.0861
-19.567,-20.477,2.8481
-8.9846,-5.0171,1.4985
-14.833,-10.472,9.7016
-9.0912,-9.8183,7.6996
-2.2348,-1.6046,10.702
-11.587,-7.7557,5.1035
-20.42,-18.294,4.3672
-17.509,-12.566,11.875
-2.5429,-2.5753,3.1733
-16.958,-17.156,9.3406
-25.045,-20.131,9.0726
-13.849,-7.5648,6.4033
-13.237,-9.4467,6.3312
-10.669,-7.1874,2.9796
-19.111,-19.016,7.2639
-16.392,-17.387,8.5524
-10.98,-6.2462,3.6025
-13.826,-7.6749,3.4422
-14.733,-8.5131,8.3169
-13.143,-9.9541,3.5559
-18.071,-12.972,9.2433
-21.111,-18.427,6.7926
-22.664,-17.731,11.819
-11.122,-7.332,3.3142
-18.029,-12.76,9.5155
-21.457,-22.242,10.913
-1.5921,1.312,6.2211
-18.643,-15.137,7.491
-9.9553,-4.5429,3.551
-6.9293,-7.3434,2.2392
-12.901,-8.7097,5.0361
-17.226,-14.329,8.9716
-5.8131,-1.1651,-1.8338
-21.173,-18.932,5.1686
-6.3433,-4.3065,0.26544
-15.802,-16.986,8.3558
-15.918,-11.913,10.183
-11.485,-8.679,7.2446
-16.958,-13.471,8.9904
-4.034,-3.2068,0.91866
-10.815,-5.7269,3.1336
-13.084,-8.0478,7.2903
-19.412,-17.004,6.2233
-4.4714,-2.3844,1.9833
-9.746,-7.4814,1.3279
-7.8372,-3.4726,2.7483
-22.121,-17.064,4.7506
-18.68,-14.008,12.944
-10.302,-2.8165,-2.105
-10.354,-9.4614,8.0569
-12.065,-10.316,10.147
-17.212,-19.168,5.3728
-8.9217,-4.4631,-0.032124
-12.047,-6.9017,1.2474
-1.363,-3.0636,7.0064
-7.8735,-4.9236,0.60182
-13.334,-8.5356,5.9694
-8.4832,-4.5465,-4.0672
-4.0438,-2.3657,2.9453
-23.137,-18.502,5.3558
-16.254,-12.858,9.6636
-13.718,-7.5372,7.0034
-16.558,-10.009,12.002
-7.9949,-5.8639,2.9973
-10.651,-1.697,3.286
-14.766,-6.5601,6.1365
-13.977,-17.488,9.5364
-14.483,-8.9297,7.63
-3.5312,-4.7854,0.80429
-23.921,-16.689,7.4463
-20.682,-13.296,10.92
-18.59,-17.035,6.6762
-10.187,-5.182,2.1086
-21.771,-15.624,7.5308
-22.496,-19.27,6.7862
-22.161,-18.405,9.2048
-14.591,-8.9627,6.7582
-20.34,-13.36,11.153
-7.2228,-4.4332,0.89217
-22.465,-13.682,9.4603
-9.582,-5.452,2.0602
-2.4559,-6.3034,7.6487
-19.075,-15.253,11.662
-13.249,-12.56,6.6649
-21.928,-15.722,3.8587
-5.0339,-3.5647,0.90521
-18.631,-17.356,6.4097
-1.5548,-3.3322,6.7961
-12.16,-8.7043,6.4048
-17.921,-13.668,5.7197
-18.965,-17.588,5.552
-20.669,-16.642,10.54
-15.351,-9.3256,9.4039
-15.947,-9.5608,8.6339
-13.437,-8.6653,7.6788
-1.2964,-3.2011,5.8283
-3.937,-3.1711,3.4792
-21.279,-18.836,5.2641
-17.267,-16.444,6.5325
-22.459,-17.157,4.8241
-14.954,-8.7294,8.3606
-21.342,-17.668,4.3662
-21.973,-18.514,6.5564
-16.481,-13.31,7.8682
-9.0756,-0.44617,1.0667
-20.751,-18.011,9.2637
-9.4447,-4.795,0.54131
-19.442,-15.606,9.314
-12.305,-6.9243,4.7664
-14.454,-8.6242,8.113
-6.9103,-4.7329,0.47471
-17.457,-11.581,8.7701
-13.027,-13.142,6.502
-19.943,-11.646,11.179
-17.012,-15.701,6.7231
-11.959,-5.4845,3.474
-18.077,-13.228,9.3322
-19.686,-15.428,9.2358
-21.112,-18.495,6.1523
-21.024,-17.28,6.6902
-20.459,-15.863,6.9736
-7.2471,-5.6944,-0.80622
-6.1647,-1.2934,3.1925
-12.501,-8.7272,9.9123
-13.493,-8.3038,7.6133
-10.409,-5.7982,1.7597
-7.528,0.185,-2.7879
-22.69,-14.51,4.7151
-9.7173,-7.7321,4.2805
-13.613,0.75222,7.2777
-20.852,-18.386,6.5346
-6.2393,-6.2853,3.204
-13.379,-8.4718,6.035
-10.356,-5.9195,-1.1146
-22.505,-18.568,4.989
-16.64,-13.584,9.393
-7.7604,-0.60901,1.8616
-4.8836,-2.772,0.79132
-19.452,-14.007,9.2421
-20.363,-16.575,13.249
-2.221,-3.0542,4.0508
-15.017,-9.5509,7.6537
-20.694,-15.43,6.7879
-10.644,-6.1257,5.0482
-21.078,-12.548,5.9799
-13.581,-5.7515,3.8246
-3.7729,-2.3106,3.1959
-14.106,-8.2677,4.4383
-13.267,-8.7528,5.8544
-21.979,-17.612,5.7409
-14.923,-10.425,3.0746
-8.8944,-3.647,0.30071
-17.193,-12.014,9.1753
-4.5569,-3.8751,2.943
-20.852,-17.259,5.3093
-18.062,-13.002,10.263
-12.21,-6.235,8.8187
-2.387,-2.2897,4.3158
-1.3453,-2.6245,4.1154
-3.1436,-2.6099,4.9376
-2.6278,-2.6818,3.1294
-6.1906,-5.0776,3.7196
-18.584,-11.069,9.6385
-21.765,-18.291,5.0124
-12.637,-8.527,5.1771
-15.234,-10.831,9.865
0.24144,-0.36974,6.2142
-12.391,-7.1067,2.3928
-15.861,-13.133,7.138
-19.845,-12.296,8.1185
-20.495,-17.229,7.8112
-6.5961,-4.6202,-0.1773
-3.052,-5.8316,1.2865
-18.75,-12.389,7.3631
-4.9857,-2.9188,1.1531
-18.8,-12.938,10.696
-3.746,-0.92141,1.9283
-14.525,-9.0488,8.4624
-2.3233,-2.3223,2.2009
-19.223,-17.425,5.006
-16.438,-12.568,7.5439
-18.976,-16.497,6.9934
-14.477,-8.0937,13.039
-3.7273,-2.5391,1.8949
-17.11,-11.172,11.536
-4.0648,-2.9238,1.8047
-3.4072,-2.1932,0.59835
-18.835,-23.172,7.0896
-3.78,-3.7941,3.354
-19.079,-14.357,8.619
-18.005,-11.964,8.7359
-12.693,-7.7805,7.2604
-21.411,-23.137,5.9801
-18.419,-14.741,9.9957
-3.1866,-5.599,-2.1066
-19.794,-15.554,6.4948
-5.3434,-0.92137,0.90503
-14.449,-7.2397,6.3846
-3.8461,-3.4046,4.6061
-18.03,-12.497,10.918
-15.395,-16.592,7.4618
-10.45,-6.7239,1.7141
-4.755,-3.8351,2.8911
-8.4389,-4.7722,0.7371
-10.664,-8.3235,5.1463
-23.253,-18.872,6.2239
-10.831,-3.7327,0.45017
-19.599,-15.391,7.0447
-17.435,-13.128,9.0597
-13.533,-8.5516,7.9397
-21.111,-20.491,3.5261
-3.1836,-2.8068,7.0819
-2.7615,-5.5229,0.88542
-5.4608,-2.2461,-0.27212
-19.32,-12.385,10.032
-3.3484,-2.4213,2.4241
-22.291,-18.605,4.1604
-12.914,-6.5495,5.5197
-18.016,-15.141,8.1986
-9.2457,-6.1402,1.0558
-12.049,-6.4597,5.3801
-20.531,-16.864,7.2435
-14.68,-12.196,7.9349
-7.2874,-3.2405,1.3671
-6.6538,-3.7663,0.081744
-2.4344,0.18666,2.0826
-12.403,-4.8659,8.5683
-7.3826,-3.809,1.4191
-7.1611,-4.6867,0.34128
-9.1594,1.0891,-0.98382
-8.9837,-4.94,1.1104
-11.889,-21.18,8.7706
-13.532,-9.3421,6.6657
-10.842,-5.4857,2.4695
-20.926,-20.018,7.1579
-7.0716,-4.0185,-0.37782
-8.8726,-6.1854,4.8865
-19.628,-15.476,7.593
-7.6269,-3.7824,0.51452
-11.447,-9.3167,2.3617
-2.4852,-2.7488,4.4937
-15.816,-10.367,9.0168
-8.5796,-7.9336,3.7684
-9.0038,-5.323,0.36625
-6.9251,-4.0598,0.34035
-9.9011,-7.6802,5.1919
-5.3952,-4.5318,0.52664
-22.023,-19.167,5.7089
-22.892,-19.986,7.7078
-13.716,-11.201,6.517
-1.636,-3.1405,6.0594
-18.165,-13.427,9.6631
-6.3215,-2.9358,4.5458
-19.434,-12.364,8.5032
-1.7981,-1.5239,5.6677
-7.0033,-4.1123,-1.5588
-9.3826,-5.6645,0.95483
-6.9405,-3.5639,0.93349
-18.334,-14.384,9.819
-16.761,-15.756,9.1078
-12.616,-12.178,6.21
-3.8125,-5.9827,2.3006
-10.434,-5.3116,2.0923
-3.5769,-3.733,3.0335
-1.3367,-3.6414,6.4137
-2.3828,-1.6532,6.0844
-7.2147,-6.3569,2.7562
-9.9424,-7.0032,2.3995
-10.598,-4.6503,5.412
-19.273,-18.73,-0.35083
-20.66,-18.615,6.4228
-8.9116,-1.0195,1.5185
-7.2839,-4.446,1.9752
-4.6707,-0.39487,6.8047
-10.565,-3.2972,2.057
-16.712,-13.839,10.459
-16.873,-12.299,9.707
-3.0281,-0.59669,7.0652
-17.963,-11.452,11.354
-2.2929,-3.6109,-0.88648
-17.608,-11.6,7.863
-16.352,-10.223,10.925
-5.5569,-9.1479,1.2851
-9.5011,-5.414,0.37324
-6.2805,-6.416,2.4931
-3.9896,-2.998,1.2367
-16.231,-13.482,8.4997
-5.9772,-4.3835,-0.70417
-22.953,-18.555,7.5553
-22.338,-19.108,6.408
-22.002,-16.192,9.0972
-5.6365,-3.3971,2.1068
-8.6386,-4.0278,-1.0697
-7.6255,-5.8578,8.4236
-21.749,-19.843,3.8154
-20.806,-17.658,4.806
-21.767,-15.116,7.0139
-10.572,-6.0781,3.9954
-6.1101,-6.9621,8.5784
-13.841,-4.059,2.8059
-4.8483,-2.4763,3.5149
-3.3744,-0.12968,1.8889
-11.121,-6.852,3.5035
-17.828,-14.907,9.5803
-12.953,-6.2042,6.5734
-22.224,-18.021,5.9955
-13.27,-7.0553,2.4081
-4.8307,-3.9321,1.4507
-8.2005,-6.4932,-0.1029
-11.237,-7.4406,3.5048
-11.7,-6.8999,2.2228
-3.9711,-7.3519,3.5776
-13.914,-11.606,3.5499
-16.927,-17.705,9.1005
-20.077,-16.468,4.5601
-21.007,-18.12,5.2373
-12.498,-6.3078,2.9172
-12.356,-6.7168,5.3393
-6.4048,-4.5297,1.5637
-15.251,-13.302,8.6865
-8.361,-7.4661,-2.6274
-12.432,-7.5728,10.191
-13.174,-6.3786,8.3827
-2.5578,-1.4255,3.9725
-1.6268,-2.7496,4.9959
-12.426,-7.0746,6.191
-13.971,-4.9336,5.9215
-3.9749,-2.5918,0.72147
-22.974,-19.771,7.1324
-13.285,-7.2647,4.9543
-16.695,-12.341,9.9548
-15.753,-11.979,10.471
-23.468,-18.617,4.8865
-14.269,-5.0988,7.4185
-19.116,-15.375,8.8521
-13.003,-7.7346,5.1505
-12.186,-8.261,8.935
-2.4611,-2.6657,4.8792
-5.2533,-2.9835,0.54676
-23.473,-18.643,8.2163
-12.757,-8.7411,6.2391
-14.67,-10.86,10.048
-17.493,-14.289,8.77
-13.926,-10.591,9.1947
-7.4591,-2.6057,0.32296
-14.39,-10.164,7.7567
-11.184,-8.3277,6.8446
-19.054,-14.909,9.9347
-3.9491,-2.5599,6.1164
-1.1669,-1.6793,0.71079
-19.62,-15.507,6.5425
-20.584,-12.769,10.954
-20.744,-18.719,3.853
-2.0926,-1.3086,2.3906
-4.2263,-2.322,2.4689
-3.6071,-5.1309,5.1413
-19.931,-14.935,3.6588
-3.0492,-2.1632,-1.7945
-2.7593,-2.8773,4.6737
-5.0984,-4.918,1.4783
-13.752,-6.5696,7.299
-14.569,-7.9199,7.8673
-2.9156,-3.5768,4.3355
-8.7291,-4.4943,0.23072
-20.513,-17.212,8.3309
-6.6457,-3.931,0.2099
-15.505,-5.8684,6.286
-6.5326,-0.3895,3.868
-8.5203,-4.5352,-0.54381
-18.833,-12.497,10.061
-9.2975,-4.4847,1.6898
-20.398,-16.235,8.115
-0.72282,-0.2858,5.5001
-7.5415,-4.3618,0.081186
-10.239,-5.0391,2.2302
-10.677,-9.9021,0.31854
-17.893,-14.305,9.3812
-25.313,-20.503,4.2794
-20.86,-18.627,5.9261
-23.621,-16.043,8.3737
-25.007,-23.733,5.3792
-7.8486,-3.6913,-0.28769
-18.637,-13.891,8.0694
-4.6214,-1.0922,2.1317
-1.0071,-3.6484,6.1497
-9.2538,-4.804,0.35613
-13.699,-8.2459,7.5316
-3.9072,-2.6124,2.9948
-11.081,-8.5173,7.2607
-4.4383,-2.4247,2.1362
-15.91,-14.512,9.4428
-2.7695,-2.7795,4.1744
-0.89944,-1.8273,3.2736
-16.896,-8.9435,8.6388
-2.5612,-6.2657,9.0231
-5.7605,-3.4432,0.8881
-19.157,-17.633,6.3392
-1.6959,-3.0753,4.8267
-17.139,-12.902,10.139
-2.4006,-3.2398,4.0816
-7.6646,-5.973,4.7029
-9.3822,-5.7007,2.1776
-19.518,-15.382,9.4089
-21.286,-17.8,6.7897
-18.033,-19.319,10.365
-4.7679,-4.5483,3.3569
-7.5124,-3.3327,-0.51691
-0.62094,-3.3322,3.9353
-22.067,-15.784,6.1776
-1.4224,-2.9984,4.3631
-23.359,-18.193,8.1343
-1.8152,-2.9171,4.9663
-17.141,-13.261,8.8838
0.21475,-3.1314,2.4812
-19.984,-18.439,5.6451
-17.226,-23.225,6.2477
-17.602,-11.058,9.3178
-9.0887,-7.2633,2.0981
-4.3822,-4.8528,0.64391
-1.9791,-2.8717,4.9736
-18.738,-9.6017,8.5585
-7.6602,-4.4596,-1.2539
-16.215,-11.806,10.141
-12.493,-5.7695,4.9594
-21.349,-15.706,6.2427
-20.368,-14.432,9.7815
-13.4,-7.3521,6.6428
-19.374,-14.37,10.428
-14.705,-8.3624,7.1179
-5.4057,-5.4106,4.1157
-17.367,-9.4131,12.73
-1.2075,-2.5369,4.9416
-13.744,-8.6582,5.1899
0.0049734,-6.0803,-1.4311
-12.845,-11.025,13.085
-21.74,-18.83,6.7948
-18.387,-13.276,6.2435
-19.177,-16.147,7.6357
-20.878,-19.758,5.1095
-8.0236,-3.5049,-0.84167
-6.308,-3.1327,0.25854
-27.109,-14.46,6.3154
-6.4976,-7.3716,2.3706
-9.8435,-4.0732,0.41883
-8.6351,-5.5069,-0.41535
-21.426,-18.873,5.1536
-12.436,-7.6665,10.147
-1.984,-3.8397,5.8124
-9.4384,-10.399,9.1701
-19.338,-13.167,4.4963
-22.04,-24.263,9.1679
-3.7554,-3.4878,0.93405
-3.2924,1.6782,7.4818
-7.7816,-3.1023,0.070085
-7.8396,-4.7269,0.076263
-20.648,-18.293,3.9604
-9.58,-6.7027,7.5632
-10.541,-5.4625,2.026
-18.758,-14.029,9.5958
-11.713,-10.052,4.0426
-20.641,-11.221,7.741
-1.4293,-1.3204,6.2957
-13.323,-7.7322,6.4655
-14.466,-5.4738,6.0585
-19.862,-18.252,6.643
-14.128,-10.952,9.4
-21.71,-17.776,8.6741
-19.268,-16.027,5.9901
-11.331,-6.2782,2.9532
-8.6034,-4.4039,3.7415
-9.8911,-6.5157,4.2868
-10.871,-5.7241,5.0809
-20.877,-17.494,5.4744
-21.461,-11.562,11.826
-7.2637,-4.8149,2.6884
-18.707,-12.644,6.9004
-7.2297,-4.6499,-0.39795
-0.36851,-3.6819,4.5949
-18.419,-15.818,8.6618
-17.326,-13.085,10.425
-13.299,-8.0099,4.4424
-11.679,-9.7276,12.243
-16.568,-9.4072,11.301
-7.5117,-3.7792,-0.17423
-20.194,-12.862,2.6363
-11.683,-5.6326,5.153
-10.92,-6.8782,4.6686
-13.944,-9.7889,4.6513
-7.4682,-0.87498,-1.1148
-21.302,-17.248,7.2715
-13.48,-9.231,9.6856
-10.636,-5.3698,4.7313
-11.538,-6.4557,1.3013
-15.111,-9.5151,8.199
-14.784,-9.0302,7.8797
-8.8419,-4.2986,-0.31478
-4.8332,-3.5209,1.088
-11.598,-5.0981,4.3151
-9.3626,-9.1217,4.994
-7.7798,-5.6282,3.1917
-10.654,-6.699,2.4456
-21.761,-18.308,5.5888
-14.254,-10.448,10.801
-5.7282,-5.3758,-3.7438
-8.8964,-4.6893,0.25648
-10.115,-3.9467,3.0509
-16.378,-12.252,12.363
-18.203,-13.345,10.499
-12.21,-10.604,10.797
-4.3158,-3.9659,2.4377
-10.819,-7.1996,1.0334
-20.1,-11.912,9.9385
-12.569,-8.6999,5.8924
-9.4189,-5.9112,1.5975
-12.241,-7.6509,5.3337
-11.36,-5.3817,2.783
-20.496,-16.037,7.5534
-4.235,-3.0749,0.57904
-6.6778,-6.4445,2.9749
-14.635,-17.155,12.453
-21.225,-17.742,4.9467
-15.403,-9.4241,7.2691
-3.7627,1.252,1.2267
-13.762,-7.3729,7.5812
-6.4898,-3.6678,0.47852
-2.7444,-5.412,-1.3293
-10.533,-9.5708,7.8194
-2.7078,-3.9785,4.4937
-17.408,-14.327,8.1088
-18.988,-14.979,8.5811
-23.332,-20.414,5.3658
-12.668,-6.6845,4.7901
-7.3272,-3.5996,0.02362
-19.904,-16.744,7.2082
-13.119,-7.6617,5.7361
-7.6731,-2.2735,4.1191
-21.734,-17.521,6.7911
-20.748,-15.735,14.159
-21.743,-24.005,2.5174
-17.854,-13.286,10.94
-17.276,-14.313,4.2474
-5.5337,-5.5649,5.0627
-13.603,-5.8318,0.90844
-16.56,-6.7365,10.759
-4.4415,-0.19009,3.5662
-13.536,-8.3326,6.4408
-2.9467,-1.9551,1.3754
-14.844,-8.7478,6.6658
-13.325,-8.9625,8.1736
-23.138,-17.027,6.4781
-11.786,-5.5847,4.1109
-5.2132,-2.3655,-1.5926
-10.98,-5.5629,7.1674
-5.5748,-4.3482,0.36932
-12.271,-12.365,9.0226
-7.7732,-4.122,-0.97161
-8.1818,-2.365,2.2281
-4.7475,-1.969,1.5769
-16.274,-8.1832,8.6418
-3.3562,-3.1529,11.096
-9.5635,-4.5091,0.38279
-13.372,-7.6009,5.1495
-7.1209,-3.1414,-1.8832
-3.2236,-3.9502,1.8991
-19.803,-18.581,9.2814
-8.7904,-4.8807,0.81808
-22.021,-16.708,10.423
-4.8374,-3.8548,2.2058
-20.03,-15.459,0.87837
-20.458,-16.897,6.5684
-8.6226,-9.9735,2.8772
-5.7396,-1.6661,-0.21382
-4.1064,-2.1554,1.9872
-17.25,-14.372,10.545
-3.3518,-1.9134,3.2141
-18.578,-17.231,3.6845
-3.5808,-6.9858,-1.9629
-17.371,-10.882,10.856
-1.2407,-3.4514,4.2711
-16.091,-8.2263,9.7252
-14.655,-9.0083,8.278
-14.409,-10.547,8.2651
-8.1325,-7.7857,1.9272
-5.2463,-2.3233,3.2322
-12.87,-8.5556,7.1745
-20.816,-17.528,3.9942
-1.9302,1.6455,2.1904
-1.5865,-4.0357,5.6018
-6.8408,-4.9664,-0.77481
-15.286,-9.2812,9.9014
-6.8166,-4.8115,-0.25453
-13.326,-7.6226,7.8426
-19.275,-16.008,9.9713
-3.3481,-2.661,2.0086
-4.7152,-3.1168,2.115
-7.4476,-3.3777,1.0443
-3.3287,-2.66,3.2559
-11.611,-7.7864,4.8617
-21.441,-19.01,4.8518
-15.214,-5.9752,7.2102
-12.884,-9.1254,3.9801
-10.817,-5.6083,11.816
-11.928,-3.0936,6.2956
-12.894,-8.2507,6.5371
-1.5918,-3.8558,3.8484
-23.121,-14.362,9.4734
-21.208,-20.802,6.2371
-19.593,-12.082,5.2555
-13.825,-8.5279,8.5116
-6.9151,-7.788,-0.36363
-14.122,-8.3267,9.2553
-9.1668,-3.0511,0.12992
-8.3524,-3.0387,4.2046
-13.316,-6.96,7.5661
-21.284,-18.302,4.3398
-14.076,-8.6739,6.319
-9.7117,-6.6932,4.2479
-10.095,-5.3418,-0.037054
-22.833,-18.43,4.6644
-21.98,-17.592,6.4589
-20.233,-23.684,8.589
-8.0081,-4.6198,0.86142
-10.372,-6.4198,0.827
0.20946,-5.3939,3.3895
-11.498,-8.3963,5.3343
-21.573,-13.783,12.569
-18.045,-17.712,7.666
-10.802,-7.4473,0.85863
-9.9911,-4.8574,2.4098
-0.79315,-4.5097,3.1034
-0.67219,-3.2626,5.3754
-3.2406,-3.5202,1.5907
-5.16,-2.4957,7.3061
-18.266,-13.612,9.2951
-21.63,-19.138,4.0843
-5.3271,-5.4836,0.082678
-19.777,-10.964,12.433
-12.572,-7.1431,6.3041
-15.509,-12.554,9.57
-13.075,-6.8653,7.4825
-5.8722,-2.7203,0.014231
-18.522,-18.243,6.6621
-22.893,-19.783,4.1796
-15.181,-9.5228,7.2038
-15.777,-11.968,10.469
-13.127,-6.7,3.713
-10.89,-7.5826,4.2037
-20.582,-15.053,8.6988
-10.696,-6.0964,2.3552
-20.812,-16.664,8.9466
-22.447,-16.956,11.092
-5.0057,-3.0587,0.25811
-4.7732,-1.52,3.8564
-19.355,-13.611,15.064
-23.386,-18.58,6.0487
-11.615,-6.226,2.941
-12.427,-7.3978,0.90484
-12.673,-8.132,6.1316
-4.0804,-4.7869,-0.22398
-21.876,-17.76,5.0852
-8.5015,-8.4,-0.46711
-5.9582,-3.3141,5.8413
-17.381,-8.8942,7.891
-10.998,-5.0371,1.5441
-11.285,-7.281,5.5853
-6.0507,-5.1929,3.1369
-20.572,-18.099,8.8398
-7.459,-7.0344,0.90064
-10.579,1.2444,-0.07353
-19.813,-12.723,7.4177
-9.0602,-4.3372,1.6795
-7.0708,-0.90059,2.666
-10.858,-7.1928,-0.57308
-18.727,-12.8,10.281
-17.505,-19.231,4.5856
-4.256,-3.4546,6.6436
-21.134,-18.582,6.8975
-18.578,-7.5596,10.571
-6.7635,-0.65292,-0.45062
-11.968,-6.0638,4.107
-7.3696,-2.1499,0.55298
-20.549,-15.455,8.4506
-5.6157,-4.0594,-0.087766
-21.162,-19.546,4.3873
-5.1577,-4.1562,-1.0128
-9.2969,-1.9668,2.479
-23.086,-18.368,7.7868
-9.9401,-2.1578,7.2976
-12.814,-8.8437,6.9161
-0.68727,-7.2582,4.2212
-20.992,-10.339,11.738
-18.775,-15.263,10.899
-9.5103,-5.8426,-0.44725
-17.852,-19.67,9.7406
-13.659,-13.608,13.322
-22.196,-20.818,7.2241
-11.146,-5.4999,3.0885
-8.9023,-6.9645,2.634
-20.926,-22.472,6.4319
-13.363,-8.033,7.2988
-8.9352,-6.4626,1.3371
-2.8732,-5.6227,-0.90462
-22.383,-18.336,-0.086281
-18.359,-14.712,7.3237
-6.8767,-4.2099,2.5288
-17.054,-12.519,10.522
-21.126,-19.379,10.923
-23.666,-19.138,5.9116
-11.185,-7.5997,6.4747
-9.9639,-6.3566,0.59424
-3.8944,-2.9071,-0.77697
-6.6118,-5.1865,2.4561
-3.3642,-7.0109,3.7032
-19.642,-15.934,8.3505
-10.227,-5.3471,0.7497
-5.2196,-1.1053,1.4572
-12.811,-8.3251,12.083
-6.5731,-7.5193,0.78349
-13.396,-8.0476,7.9392
-7.3398,-3.7224,-1.0308
-2.9057,-2.7992,2.5957
-14.847,-4.6009,1.2736
-16.535,-11.442,8.5032
-18.849,-12.303,9.6664
-20.437,-14.98,7.5581
-18.815,-11.217,9.5262
-7.098,-3.2544,0.31237
-5.8329,-0.28626,-0.0046674
-12.647,-5.6875,6.7113
-20.147,-11.428,4.62
-7.6887,-5.569,-0.89607
-8.1318,-7.5149,0.092144
-9.3664,-5.5533,0.7256
-18.474,-15.292,9.298
-12.052,-9.5045,8.0464
-22.639,-18.728,5.3654
-12.721,-7.7389,6.3206
-10.792,-6.1884,3.6414
-12.392,-6.7491,2.3252
-12.006,-7.1668,5.4948
-4.0317,-5.9598,0.43193
-2.5535,-2.5039,4.4848
-11.12,-5.6604,3.2152
-1.8112,-2.3721,8.8542
-8.7481,-0.15033,1.5228
-17.645,-10.967,10.017
-21.5,-15.389,8.0073
-14.779,-5.3084,5.8125
-22.2,-12.658,5.0377
-23.143,-17.53,6.1884
-17.971,-11.662,9.4078
-21.619,-18.367,5.8217
-0.99279,-2.6745,5.3593
-9.1331,-5.3757,1.8162
-18.426,-13.863,10.563
-15.268,-10.836,6.0576
-21.026,-17.802,7.5929
-8.7125,-5.2696,-0.41601
-7.0004,-9.2552,2.6063
-11.889,-7.8853,5.8388
-14.39,-0.7548,7.495
-10.099,-7.4499,3.9182
-18.808,-14.52,8.241
-2.67,-1.2848,1.7048
-12.651,-10.073,7.8937
-20.313,-16.644,8.0683
-7.5232,-6.8145,-3.1498
-1.2562,-4.0076,1.6645
-20.946,-19.71,4.8237
-10.427,-6.0222,5.2658
-15.841,-8.5728,9.3498
-18.359,-14.829,10.9
-5.0348,-4.848,7.9807
-12.442,-6.5679,3.4862
-8.687,-3.7589,-0.66185
-13.641,-7.1808,2.6797
-2.5696,-3.1967,5.4893
-4.7929,-6.6928,5.1802
-16.843,-13.374,10.605
-22.056,-19.292,5.5198
-14.27,-10.277,2.5046
-2.2424,-3.3789,4.1519
-13.524,-7.6856,8.5193
-13.389,-8.4045,7.3055
-18.797,-15.012,8.5125
-15.554,-10.986,8.6216
-12.513,-7.8035,6.3474
-18.846,-16.614,12.338
-8.7129,-4.9965,1.0454
-6.6183,-4.4099,-0.24561
-3.522,-7.2292,0.86108
-1.9315,-0.77882,2.2037
-11.383,-5.4723,1.0574
-2.8646,-2.1656,1.7231
-3.0743,-3.622,2.9758
-17.151,-11.966,8.3155
-20.154,-16.071,14.422
-21.31,-19.261,5.4308
-10.816,-4.3044,8.3166
-12.429,-11.376,7.6685
-17.809,-13.19,6.4999
-17.001,-12.733,9.3989
0.098954,-5.9855,4.3383
-21.29,-18.952,7.3438
-14.969,-9.8149,9.0476
-18.325,-19,9.1255
-17.288,-11.305,10.645
-1.9339,-4.7429,4.3438
-12.274,-9.1589,6.0734
-21.998,-17.977,6.8111
-10.411,-5.7237,4.7875
-17.853,-13.033,9.4969
-22.905,-18.782,5.4196
-15.926,-9.118,9.3744
0.045776,-7.3511,0.99251
-1.4542,-3.0266,3.1175
-8.187,-5.0118,0.24214
-20.707,-16.867,8.2678
-19.016,-17.03,6.6872
-17.439,-11.491,5.4843
-8.677,-4.3662,1.7395
-15.382,-10.356,10.644
-19.569,-15.963,8.0674
-15.762,-9.7657,8.5588
-15.574,-10.21,8.7192
-1.1633,-2.8703,5.98
-20.424,-10.582,10.465
-21.879,-18.617,5.4083
-1.1167,-3.7918,5.5737
-24.684,-17.422,1.9164
-21.879,-22.011,6.0599
-0.4924,0.75301,-1.4845
-8.3188,-4.1387,0.061365
-6.3903,-4.8209,6.0351
-10.929,-6.188,3.3606
-16.05,-11.33,7.9949
-19.498,-14.567,5.8424
-6.6871,-5.184,-2.2016
-18.484,-14.886,5.063
-6.0914,-2.563,-0.83276
-12.537,-8.1232,7.0035
-3.7733,-2.4859,2.7177
-20.387,-15.384,5.59
-12.548,-8.0848,7.4195
-8.6419,-6.6444,0.80326
-21.473,-15.647,7.909
-8.8508,-1.3844,1.3408
-1.9648,-3.3706,4.036
-10.799,-0.1011,-1.3772
-11.963,-7.5365,3.8601
-12.013,-8.294,7.3133
-13.583,-7.0607,7.8775
-11.986,-11.054,3.9837
-22.543,-21.083,8.3962
-7.4356,-4.7318,1.7281
-24.767,-19.377,9.5988
-10.937,-5.2774,2.9576
-3.99,-2.4745,3.0813
-15.18,-9.4846,3.3393
-21.47,-17.556,7.9395
-18.464,-14.403,10.386
-12.339,-6.6349,0.024166
-19.207,-14.137,9.8035
-14.506,-9.4801,8.3681
-19.851,-16.449,8.2059
-5.3086,-3.0971,0.070602
-11.185,-6.3155,5.4353
-11.239,-1.4319,-2.3097
-5.1112,-5.1098,-0.71448
-20.201,-16.459,8.668
-17.632,-12.746,9.8856
-12.665,-2.1247,3.0404
-6.5956,-5.8156,1.4908
-10.113,-7.6182,7.2556
-20.348,-17.162,7.495
-18.993,-12.674,9.0616
-10.796,-6.4351,3.805
-22.571,-11.909,9.6213
-13.766,-4.3882,-0.69934
-2.1465,-2.3087,4.8205
-16.346,-8.6761,8.5991
0.4465,-5.4784,5.4416
-13.269,-7.7973,7.0769
-17.359,-11.733,12.687
-20.539,-17.535,5.2966
-1.606,0.96156,6.1747
-21.867,-19.238,5.7055
-1.5436,-3.0226,5.7401
-16.415,-14.202,9.0654
-21.162,-12.923,6.8763
-20.074,-18.185,7.4393
-20.522,-15.504,5.7519
-8.3583,-4.2911,-0.19646
-17.383,-14.773,10.062
-13.601,-8.8346,8.0328
-23.133,-18.416,6.5152
-22.3,-11.765,9.3268
-15.016,-8.8442,10.088
-9.3151,-5.8508,1.5326
-0.068134,-3.1885,5.0869
-19.73,-8.685,10.546
-13.359,-11.564,6.2512
-14.733,-8.0864,8.1622
-19.458,-12.146,7.781
-20.638,-11.426,9.822
-13.215,-9.5946,6.8848
-19.827,-16.124,9.2863
-5.5531,-4.4586,-1.5698
-18.338,-15.47,8.1509
-18.142,-14.638,8.7294
-20.183,-18.747,5.9315
-8.7077,-5.1839,-0.99845
-20.408,-16.436,8.4209
-22.323,-18.512,5.0039
-6.4315,-2.3755,-0.30863
-1.3127,-2.6085,4.0653
-9.5467,-1.4152,-5.0511
-21.379,-16.836,6.9143
0.3668,-5.8292,2.3856
-20.002,-14.667,9.4317
-18.534,-12.916,9.5187
-4.7434,-4.9176,-1.337
-20.079,-15.742,6.4349
-22.44,-15.664,2.5246
-23.376,-15.616,6.0134
-11.779,-8.1113,-0.37776
-2.4133,-4.0457,0.62329
-13.939,-4.957,4.1652
-5.306,-1.1658,1.8131
-13.401,-8.3184,6.9235
-3.0296,-3.3376,2.4947
-18.076,-12.966,9.9762
-22.519,-18.604,6.2535
-21.248,-17.264,6.4931
-24.569,-17.844,8.748
-21.14,-18.858,10.186
-12.322,-5.1628,9.663
-12.241,-7.9041,5.6418
-21.385,-15.329,9.7701
-19.633,-15.314,7.4118
-19.935,-18.108,10.062
-10.469,-3.7017,-0.11984
-6.4923,-7.421,0.49165
-19.611,-14.166,6.3175
-19.624,-14.703,11.164
-6.9969,-6.3621,-0.21623
-10.373,-5.7186,3.3068
-1.6256,-2.8646,5.2714
-4.7194,-7.8158,1.4359
-5.5062,-3.1051,1.5824
-22.347,-19.82,4.8801
-8.2965,-6.2995,4.0316
-10.579,-6.9212,1.995
-13.464,-7.8746,7.0781
-0.87948,-1.5536,4.2933
-16.086,-9.1669,8.7837
-22.397,-16.747,0.9509
-20.338,-19.813,2.5416
-9.6833,-4.0621,-1.524
-16.533,-9.7887,8.2666
-22.01,-20.956,0.30799
-10.66,-7.3772,4.9636
-25.084,-14.2,8.7326
-13.916,-4.7871,3.8064
-6.2062,-8.7939,2.0629
-21.057,-19.786,4.1046
-17.568,-13.186,8.9919
-23.621,-19.696,2.2603
-12.921,-9.1636,6.3471
-14.121,-7.4854,7.0278
-12.026,-3.8305,1.5757
-12.33,-7.2143,5.7841
-15.93,-7.0243,9.8465
-4.4369,-8.416,5.0048
-22.123,-19.201,5.4741
0.52266,-5.8256,3.1402
-14.746,-9.3411,9.5423
-5.1148,-5.8927,1.5526
-12.839,-5.9502,4.5711
-11.827,-6.0059,9.5848
-14.818,-11.087,10.84
-6.8464,-6.6386,3.5239
-5.6672,-2.5666,0.91714
-19.994,-14.174,6.7206
-21.834,-17.336,4.9538
-4.9267,-1.763,0.41895
-20.962,-14.267,12.589
-13.118,-13.132,7.3888
2.1024,0.91747,1.2227
-8.2757,-6.4377,2.3499
-9.1628,-5.6274,0.70611
-17.497,-14.708,11.769
-25.176,-17.118,2.795
-20.374,-17.255,6.5255
-19.03,-14.597,8.1061
-2.5275,-3.1542,3.7231
-4.9741,0.53446,2.5688
-6.7751,-2.9283,-0.0027864
-6.4189,-3.334,1.242
-22.882,-18.085,5.0713
-16.347,-12.272,8.8324
-22.51,-16.875,6.9166
-19.655,-15.094,9.6156
-9.414,-3.5709,0.62364
-19.02,-15.755,8.0371
-20.294,-17.482,5.7482
-5.3392,-4.0488,1.4414
-13.305,-9.3041,8.2149
-13.302,-6.9464,6.6724
-14.866,-5.4048,4.9201
-6.9348,-4.4036,-0.44877
-18.941,-7.7244,12.365
-11.717,-7.3547,10.031
-5.8104,-8.5359,-3.3002
-21.482,-18.137,8.6723
-1.6753,-1.9179,4.8513
-10.975,-7.2174,3.613
-23.176,-19.659,6.5441
-20.154,-16.4,10.482
-2.7154,-2.9247,3.5385
-9.9225,-3.8636,0.8532
-5.2966,-2.5863,-2.2861
-21.257,-17.721,5.3765
-1.8278,-7.2798,2.978
-17.8,-10.817,9.4116
-5.7551,-3.7165,-0.14433
-20.465,-15.993,8.3505
-19.961,-17.514,6.832
-11.38,-6.5322,4.8276
-21.258,-14.237,9.6903
-11.591,-6.889,4.2397
-13.942,-8.7132,7.8546
-4.0948,-3.0745,2.0903
-19.253,-14.42,8.6633
-20.126,-14.591,9.2553
-10.854,-7.5183,4.0577
-21.316,-16.132,7.3282
-19.489,-19.605,3.3778
-8.5069,-4.3172,1.5306
-18.311,-17.274,8.0792
-1.5963,-3.4241,2.7313
-9.0176,-4.9632,0.98735
-0.45054,-0.49786,4.0842
-20.757,-17.161,6.5701
-7.2734,-2.6939,0.099724
-9.535,-4.352,-1.4402
-7.7378,-4.8475,1.3962
-20.21,-16.607,5.875
-13.79,-6.546,5.4681
-21.469,-19.624,5.4312
-11.449,-9.6232,-0.70794
-17.032,-11.547,8.9585
-14.28,-9.0386,7.4748
-11.883,-6.1947,2.6979
-16.994,-14.056,12.057
-5.1102,-3.5185,0.87788
-21.716,-16.798,9.1254
-13.844,-10.069,7.7962
-11.113,-5.6317,1.2534
-9.0606,-5.5576,0.82511
-13.227,-10.146,11.714
-17.825,-13.063,9.0066
-22.421,-18.822,5.2939
-11.483,-7.9223,0.98466
-12.624,-3.4877,0.70282
-9.2853,-4.0938,-3.5568
-6.0005,-4.0458,0.70719
-19.517,-13.897,4.2531
-4.034,-3.1241,1.4299
-11.539,-6.2617,4.3267
-22.827,-22.484,6.6217
-18.083,-14.414,10.112
-7.8252,-4.831,-0.34748
-8.849,-5.3125,1.717
-3.8051,-3.2902,0.46078
-18.54,-12.308,10.512
-4.0015,-1.6058,3.345
-19.724,-14.042,6.2645
-15.751,-9.4118,9.3661
-5.502,-3.9267,-0.2607
-10.093,-4.9625,4.128
-21.037,-16.572,7.3387
-13.04,-5.8505,7.1002
-16.566,-17.629,10.336
-7.5832,-7.4705,3.046
-17.314,-14.451,9.0268
-11.398,-4.1912,2.5085
-3.1284,-1.8414,2.9012
-1.9677,0.65294,0.76806
-21.356,-19.13,5.1899
-22.999,-23.422,3.2425
-18.187,-11.372,11.169
-19.861,-16.831,6.7704
-21.515,-16.896,7.7559
-5.8686,-6.0889,2.1094
-7.2241,-2.5021,-2.4154
-3.0594,-0.80291,5.1489
-8.9311,-4.2435,0.10448
-18.941,-14.209,8.023
-7.8029,-6.4495,-0.82329
-4.5129,-5.4523,-0.36564
-2.3567,-2.912,3.7941
-18.923,-16.009,9.2513
-9.4649,-10.259,5.9425
-21.849,-18.798,4.6374
-3.3075,-0.83165,-1.5911
-14.687,-4.3531,4.9031
-14.473,-14.626,7.2245
-6.9662,-2.8661,4.448
-13.457,-9.5341,8.8212
-17.3,-12.034,9.6335
-12.644,-7.4112,4.9059
-13.162,-8.5536,8.5657
-13.428,-11.613,1.3726
-11.086,-2.659,4.889
-10.817,-5.694,2.0072
-20.776,-17.421,3.435
-19.685,-17.631,8.3081
-5.1325,-6.5124,-0.57514
-7.158,-4.7864,0.31176
-22.524,-19.713,6.4859
-19.862,-13.784,10.866
-19.012,-17.557,6.1305
-20.186,-15.791,7.4919
-25.039,-17.273,9.9837
-5.9241,-3.6928,-0.8363
-20.749,-14.739,4.4909
-10.083,-7.5129,1.8064
-11.116,-4.2192,1.6502
-16.759,-12.435,9.6982
-12.681,-8.6887,4.3999
-5.1101,-2.8462,5.8388
-18.019,-15.594,8.4848
-21.921,-18.497,5.7956
-11.366,-6.6266,2.0607
-5.748,-3.7255,-0.069177
-11.098,-2.7174,1.7054
-14.188,-8.7401,7.4929
-14.312,-8.9332,7.9147
-5.2804,-3.7011,0.67572
-20.177,-15.031,9.5368
-22.858,-19.159,3.9019
-13.429,-13.543,7.9066
-23.796,-18.703,9.3065
-11.591,-7.2794,2.7002
-19.73,-23.344,6.1449
-17.41,-14.606,8.0515
-11.198,-7.9994,4.5522
-2.5325,-8.8224,-2.1439
-12.593,-7.5229,5.8546
-4.8605,-3.5291,1.1045
-13.407,-8.1882,8.2019
-22.312,-18.934,4.3914
-5.5198,-2.732,2.5334
-12.37,-8.0484,6.622
-18.411,-13.912,9.061
-8.0128,-4.9738,0.38468
-13.531,-8.5719,9.3442
-19.136,-13.598,8.5893
-8.3602,-5.5583,1.2306
-15.775,-13.103,10.814
-15.182,-19.438,10.649
-1.5963,-7.7761,6.1793
-3.5905,-3.192,2.8212
-6.9991,-0.74325,1.1985
-7.1709,-8.4153,1.1653
-12.351,-9.1031,5.0844
-14.465,-8.5117,7.5456
-20.606,-22.796,5.9661
-14.767,-10.664,7.515
-11.305,-5.6389,2.5677
-4.0252,-3.0474,1.3559
-2.0299,-2.9107,3.5175
-14.771,-9.1033,6.8223
-22.388,-20.883,8.3129
-16.662,-8.5031,10.382
-6.1526,-2.7513,-0.96726
-13.572,-8.426,9.5499
-1.6603,-4.2838,3.1208
-9.3483,-7.3805,0.0076391
-4.0682,-3.198,3.8655
-9.1041,-4.8647,0.11638
-12.255,-7.9737,5.1538
-1.7749,1.3888,8.3016
-17.668,-13.401,9.6939
-10.791,-5.5985,2.0299
-12.652,-5.2331,-0.083695
-13.694,-11.533,2.7287
-0.66533,-4.2155,5.6069
-2.7189,-1.4938,0.38988
-21.591,-19.241,4.6748
-21.363,-19.008,5.4558
-12.291,-8.4699,3.7245
1.9294,-0.34296,11.457
-11.581,-5.9742,3.7368
-12.991,-10.648,11.936
-11.587,-8.4025,7.0282
-12.829,-8.0234,6.931
-9.1182,-4.574,0.66493
-5.3094,-1.8948,-2.5117
-19.866,-17.589,6.2032
-8.3434,-3.3054,-3.9419
-21.735,-17.41,5.0696
-6.5132,-4.4259,0.67282
-6.9489,-3.6683,1.1155
-19.091,-14.295,9.5269
-21.618,-18.939,5.9939
-0.69071,-2.0871,1.0522
-11.052,-5.0416,2.9504
-10.557,-7.1642,4.7893
-1.124,-2.531,5.6583
-11.167,-5.0352,5.0047
-3.6875,-2.2926,0.70493
-13.523,-6.833,6.1944
-17.818,-8.9464,6.5043
-11.38,-3.9476,5.1463
-14.165,-7.1625,6.3449
-13.823,-4.5417,2.2078
-18.943,-15.665,6.9093
-12.121,-1.0947,2.6985
-5.0489,-1.5894,5.7513
-13.901,-11.637,6.3244
-12.973,-8.2574,7.1163
-2.5901,-3.1809,5.6786
-23.848,-15.844,5.171
-19.17,-10.724,11.04
-19.242,-19.829,6.7402
-16.495,-10.019,11.07
-0.92232,-0.4843,3.0557
-12.256,-4.8451,0.072887
-10.42,-6.6409,4.1151
-5.6739,0.48785,-2.5348
-13.007,-8.2989,6.4471
-10.353,-4.9512,2.1848
-18.047,-13.159,7.7969
-14.324,-7.3742,8.3678
-20.938,-16.731,3.0356
-18.092,-8.7911,9.8502
-19.35,-13.696,9.2319
-1.4077,-2.3107,4.741
-13.608,-7.4182,7.5063
-19.97,-12.003,9.0837
-18.667,-13.673,8.0795
-18.376,-13.311,8.4888
-12.476,-9.8009,7.5168
-16.935,-11.617,11.457
-9.9789,-4.8874,-4.769
-14.679,-8.5336,7.2859
-12.106,-6.417,3.857
-19.056,-15.196,9.7703
-19.361,-15.026,8.8557
-21.78,-19.286,5.3997
-18.433,-15.111,9.4855
-2.7824,-8.1281,-1.9066
-14.473,-8.4269,9.3665
-16.917,-12.572,9.4612
-2.9012,-3.4714,3.5236
-17.304,-10.738,5.8095
-20.089,-15.62,6.8743
-19.118,-14.274,8.4911
-21.405,-17.938,4.476
-9.3886,-5.1895,3.1449
-13.665,-7.8729,8.2169
-6.2217,-0.56145,3.1744
-16.54,-11.234,9.614
-9.9384,-5.1946,6.6895
-4.9185,-1.9959,-1.2313
-12.573,-6.4105,2.1586
-11.227,-11.298,7.8613
-7.9331,-9.3791,3.2953
-16.444,-12.202,10.993
-20.627,-18.675,8.2861
-21.066,-16.794,7.1175
-12.035,-6.0786,7.4537
-21.565,-17.636,6.0589
-19.13,-13.989,8.8214
-5.8901,-1.8824,0.65179
-17.946,-14.923,11.984
-15.527,-15.888,2.6578
-6.6859,-3.9978,1.1069
-9.2545,-4.1008,1.5567
-7.0737,-3.0298,6.1939
-14.822,-3.2616,4.4376
-16.799,-13.339,9.8661
-21.652,-18.026,2.0514
-8.5505,-6.1073,2.1958
-12.784,-3.3959,4.9098
-7.4671,-3.3897,-1.9996
-7.5648,-5.802,-0.36004
-11.117,-7.0507,3.2788
-4.9409,-5.0062,-2.3484
-20.003,-16.935,10.39
-2.7706,-3.705,2.7309
-5.6083,-5.4011,1.6055
-12.575,-8.6708,4.2609
-18.616,-15.727,9.5216
-16.895,-12.319,10.887
-4.3476,-2.3052,3.1447
-6.6342,-0.57849,3.6877
-19.242,-14.704,9.5684
-1.4649,-3.0523,5.2952
-9.2514,-7.0184,1.2006
-23.415,-18.48,3.5711
-13.966,-7.8966,7.0801
-22.749,-20.813,5.711
-17.522,-17.176,7.3859
-6.8998,-5.3963,-0.1491
-0.80197,-4.5639,3.0591
-11.988,-6.7553,4.8531
-1.6451,-2.515,2.4227
-7.3722,-8.3317,-1.2763
-7.8889,-4.3691,0.62969
-11.833,-7.4577,6.2955
-14.237,-8.5129,8.3801
-0.5662,-1.2149,6.4344
-8.5145,-6.1879,-1.6922
-17.633,-10.151,5.6984
-6.0015,-2.299,-0.46972
1.8238,-2.7996,-0.36804
-2.8233,-3.9424,2.9151
-11.033,-7.4293,3.1213
-13.022,2.7114,-0.019513
-0.67904,-0.58901,9.2772
-14.444,-8.7052,9.3054
-12.855,-7.1456,3.2604
-12.693,-6.5004,5.8698
-19.822,-15.665,8.803
-6.4333,-3.3639,-2.4856
-7.8926,-3.5407,-0.39599
-11.624,-9.6149,0.92482
-17.935,-14.259,8.7174
-15.757,-7.044,12.106
-15.283,-7.6159,10.596
-11.668,-6.7324,5.9113
-8.3712,-4.9344,2.8277
-15.724,-7.2358,11.209
-19.972,-12.914,10.006
-8.0374,-5.8868,0.097554
-8.3636,-5.2215,0.44149
-13.853,-7.3806,6.0182
-19.618,-14.954,9.6232
-3.6681,-3.9179,2.2071
-7.7556,-3.1098,1.2848
-5.2268,-2.9363,0.56208
-20.163,-16.383,7.1615
-9.6506,-6.1203,7.0715
1.8636,-1.0428,8.8973
-14.063,-8.7749,7.7062
-8.5181,-1.8507,5.8686
-1.5614,-3.1322,4.013
-5.3347,-4.3463,0.62862
-7.4277,-3.8836,0.12273
-8.1927,-3.7155,-2.4724
-14.964,-8.8372,6.2678
-2.9984,-2.6359,4.2166
-19.538,-12.186,10.894
-23.379,-10.948,9.8703
-13.247,-8.4555,4.345
-13.563,-8.7095,7.2747
-23.755,-19.22,4.8559
-19.369,-14.116,10.359
-15.145,-9.1552,7.8742
-3.2981,-3.6734,-0.78927
-19.953,-23.25,5.2923
-20.808,-16.905,7.2598
-7.9284,-4.2257,1.9888
-18.856,-14.181,8.5902
-22.358,-14.846,7.7713
-19.08,-15.118,9.9906
-18.532,-12.105,8.9305
-16.285,-14.812,15.284
-7.525,-1.9353,-0.35205
-12.773,-5.4905,8.1328
-12.196,-7.6291,4.4106
-20.668,-17.205,6.2001
-13.34,-7.265,6.8096
-23.134,-19.314,6.023
-10.206,-6.0109,3.7341
-6.2253,-3.9495,1.3883
-0.68509,-4.1615,10.085
-2.3348,-4.3084,2.4476
-11.055,-6.5082,4.3329
-15.096,-9.8518,8.9254
-1.4527,-2.4156,3.9077
-21.038,-16.664,4.3617
-17.686,-15.25,9.0171
-19.497,-16.823,5.5006
-17.616,-12.909,9.3668
-16.604,-11.81,12.029
-11.345,-6.3674,4.4802
-16.972,-13.384,11.178
-11.662,-2.86,8.2448
-17.965,-11.813,8.2426
-2.2577,-7.5795,5.093
-8.84,-3.7142,1.2853
-16.651,-11.75,9.5675
-20.393,-14.165,9.6829
-18.266,-17.525,6.4186
-23.435,-16.118,2.3043
-14.99,-3.317,5.9817
-12.483,-7.7974,4.8682
-15.855,-11.555,8.3109
-12.472,-7.4976,-0.083975
-13.064,-7.3202,6.4877
1.1272,-1.6221,5.1493
-1.7111,0.22726,7.4254
-23.754,-20.755,3.5245
-11.334,-9.981,0.7853
-3.2753,-3.2696,4.9543
-19.78,-17.11,5.3335
-7.8774,-1.5384,-1.7168
-21.513,-17.966,7.843
-6.7906,-4.3505,0.69679
-13.748,-10.322,8.0973
-8.2479,-3.3601,-2.8188
-9.4718,0.56865,6.1224
-20.273,-16.899,7.0604
-16.645,-12.238,10.185
-18.857,-9.7877,11.322
-5.1405,-4.6967,4.1813
-26.071,-15.571,9.7351
-15.347,-12.047,6.4803
-7.2666,-4.8768,0.44573
-19.587,-14.398,7.6081
-14.55,-10.136,8.5663
-9.4299,-8.924,2.8516
-16.388,-14.961,7.4188
-12.11,-7.9292,4.3143
-17.937,-12.948,10.602
-19.242,-18.134,7.7041
-18.106,-21.524,6.1873
-9.7596,-6.3429,4.0247
-25.653,-18.887,4.7277
-14.565,-1.6755,3.1972
-6.8139,-3.9535,1.7711
-18.846,-14.926,7.4791
-22.164,-21.466,8.6609
-19.335,-17.627,6.4248
-14.585,-11.136,9.8771
-8.3774,-4.9401,0.28884
-2.4736,-3.4463,2.5933
-10.206,-6.0181,9.646
-9.1334,-4.8595,1.7365
-10.726,-5.7732,3.4774
-11.912,-6.7132,4.8319
-10.958,-7.0344,3.5581
-21.858,-12.299,6.2595
-21.494,-18.539,4.6438
-23.903,-14.197,5.5537
-13.39,-8.1316,6.7348
-11.309,-7.3841,5.2548
-9.4042,-4.9468,3.2695
-24.456,-18.393,5.8303
-0.77012,-5.2789,1.8943
-8.7917,-7.9389,0.13985
-23.099,-21.175,7.1312
-15.012,-10.563,3.4514
-22.375,-15.412,9.4277
-2.0236,-2.6274,4.075
-12.888,-14.095,7.2764
-4.8485,-7.598,1.3138
-21.675,-18.152,7.2826
-3.6789,-0.50422,0.10846
-11.891,-6.1044,3.8518
-9.8067,-7.1293,3.8326
-23.56,-17.152,9.319
-12.525,-8.0075,4.8071
-3.9937,-2.9982,4.4231
-21.818,-18.484,5.183
-1.8083,-2.2193,4.4241
-8.7179,-4.7815,0.97163
-4.462,-2.2717,3.1081
-14.337,-9.8787,9.4423
-14.524,-8.6731,8.1078
-17.679,-13.385,8.9331
-6.5523,-5.6821,1.1807
-12.956,-7.7896,8.3821
-3.1536,-1.0207,0.73293
-5.6666,-3.4988,-0.76318
-17.478,-15.047,11.513
-14.252,-9.6458,10.338
-10.325,-6.8983,-0.081211
-5.2849,-2.551,1.4825
-19.527,-17.308,4.4888
-11.031,-7.5194,7.8998
-5.9605,-5.2253,-2.2898
-4.5248,-3.195,1.2814
-14.119,-12.979,5.4439
-4.1646,-5.3672,3.2279
-12.953,-13.771,9.1766
-11.696,-4.1619,2.0112
-11.004,-5.5345,2.5951
-1.3171,0.051142,-1.3961
-11.212,-11.182,6.9228
-13.562,-10.047,8.5877
-10.597,-6.4415,2.5005
-0.94508,-4.033,6.0669
-0.15621,-0.31929,2.3732
-19.542,-15.554,6.7136
-19.84,-18.169,6.4989
-20.569,-15.3,7.7156
-20.656,-17.499,9.7031
-11.731,-3.8467,3.1668
-13.137,-13.271,3.5395
-2.7412,-2.8114,5.1775
-20.682,-18.895,12.129
-13.372,-9.42,8.163
-6.9316,-8.0195,3.9366
-4.7042,-3.0355,0.6861
-15.383,-9.3917,8.3548
-8.6812,-4.936,-4.7154
-16.565,-11.931,10.968
-4.0315,-5.9227,1.5635
-12.475,-14.177,8.1651
-21.997,-21.982,5.6376
-22.56,-17.602,7.8668
-4.1046,-3.9956,1.4784
-11.159,-9.8836,9.5706
-12.933,-7.133,5.202
-17.08,-8.7195,3.9244
-17.447,-11.654,8.8789
0.20251,-0.77083,7.0206
-21.32,-17.672,6.026
-7.0446,-4.959,0.83102
-21.885,-19.549,6.5409
-3.7808,-2.8314,4.0558
-20.91,-18.606,6.583
-5.7177,-2.9448,0.9886
-20.41,-16.73,6.5147
-16.421,-20.558,8.4267
-13.658,-7.09,4.7984
-4.0316,-7.5205,2.2291
-4.0822,-4.3435,9.0045
-21.33,-18.297,4.1434
-12.03,-8.1742,6.4271
-22.764,-17.801,3.5649
-2.4127,-0.84181,-4.2157
-1.814,-2.5844,5.2705
-13.538,-10.729,7.0809
-13.948,-11.063,7.1826
4.4192,-10.264,-0.47648
-13.95,-8.3077,6.04
-7.3991,-4.4555,0.15466
-12.584,-7.342,5.355
-18.764,-8.4501,14.718
-4.2481,-7.8274,-2.9444
-6.4018,-3.6641,1.4751
-9.4441,-6.2703,3.6215
-22.159,-21.419,5.356
-10.202,-6.3739,2.2041
-10.295,-5.5308,1.8811
-21.956,-18.717,4.2287
-13.357,-7.2801,6.2144
-19.558,-16.111,10.055
-18.849,-14.236,6.1203
-18.408,-15.309,10.466
-11.084,-6.1525,0.9681
-18.125,-14.204,5.4197
-0.97966,-2.7885,5.8095
-2.4733,-4.4204,3.6202
-22.505,-19.434,5.9772
-19.453,-13.864,7.6546
-3.6925,-4.7232,0.45757
-20.933,-13.528,10.259
0.86968,2.7316,4.9846
-0.8266,-2.8405,7.2306
-27.764,-20.212,4.5309
-7.9689,-7.9991,5.9192
-9.4748,-3.978,2.3904
-4.7275,-3.622,1.9312
-1.3393,-3.1689,4.7948
-8.652,-8.2923,0.61618
-8.1592,-0.21356,4.326
-20.772,-18.188,5.1246
-3.4692,-3.031,2.8393
-18.294,-19.679,6.0328
-10.858,-7.7103,3.7696
-18.453,-11.918,5.7767
-10.697,-5.0279,1.9674
-22.028,-17.359,5.9409
-8.9153,-7.1307,5.6223
-4.3536,-2.6462,0.9515
-10.95,-5.1097,5.4625
-3.5972,-2.7127,4.9597
-16.795,-11.308,10.088
-5.6296,-2.6341,3.5478
-12.505,-7.355,6.2122
-3.047,-3.9319,3.4283
-9.607,-4.4212,0.53442
-17.224,-12.509,9.6841
-16.05,-12.357,5.6164
-3.7844,-3.2359,3.6702
-7.9902,-6.7602,5.2364
-11,-9.0405,8.8866
-12.197,-7.5238,5.2891
-16.784,-14.864,9.2397
-7.8983,-4.8934,-3.5066
-18.452,-12.909,9.8461
-14.362,-7.8576,7.5848
-9.2192,-5.2538,0.35657
-20.477,-15.538,7.1905
-5.3257,-4.1224,1.268
-23.523,-19.175,7.6911
-18.878,-15.105,11.562
-16.628,-17.24,9.5703
-11.577,-5.726,1.8349
-7.0667,-7.2645,-0.64105
-11.216,-3.8529,2.0127
-9.3794,-7.1737,3.7863
-12.554,-8.1666,7.6352
-17.471,-11.209,12.042
-13.581,-5.7616,11.172
-23.054,-20.574,4.966
-5.8281,-3.2808,1.4872
-9.5153,-6.6109,-0.29361
-8.1996,-5.1136,3.1022
-1.8643,-3.5497,3.1343
-24.131,-16.03,7.5284
-10.543,-6.3318,3.0268
-21.146,-16.639,7.147
-10.274,-5.8011,2.4437
-17.915,-14.087,9.6976
-13.071,-8.5789,7.5344
-18.976,-15.605,6.3833
-4.8719,-4.6597,0.84812
-6.2071,-2.5125,0.031634
-20.615,-11.549,9.351
-23.9,-19.538,2.7483
-8.7736,-4.2011,0.92618
-10.482,-4.636,1.1787
-13.888,-8.5957,9.6285
-16.835,-11.898,10.185
-17.291,-5.9722,5.6094
-1.5752,-3.7449,0.88541
-6.3703,-2.3719,-0.36131
-14.816,-10.69,10.623
-7.2277,-3.6475,-0.21837
-21.688,-18.032,4.7885
-6.2327,-3.9212,1.7522
-1.3106,-3.7523,2.4451
-8.8109,-4.7325,-1.3575
-4.6584,-2.653,2.4229
-10.26,-6.0214,3.1241
-3.9237,-1.5192,2.1287
-6.3027,-2.8128,6.4993
-11.608,-8.3714,4.9424
-18.382,-13.223,11.095
-8.6335,-8.4149,0.68512
-19.54,-16.385,9.6844
-7.7459,-5.7216,1.3542
-20.531,-16.936,7.4774
-12.611,-7.4346,4.554
-19.646,-15.375,8.1441
-12.067,-7.2143,4.9554
-19.067,-14.976,8.0596
-14.619,-9.5473,7.2407
-20.025,-21.956,4.4885
-6.7463,-4.7085,0.73173
-12.289,-7.8286,6.5477
-19.394,-17.485,7.7311
-1.5332,-3.9197,5.7138
-13.877,-5.0375,6.8745
-15.699,-8.7812,13.167
-14.04,-10.28,7.4833
-1.279,-0.74238,-1.3371
-18.97,-19.583,4.3739
0.33208,-2.5794,3.659
-1.9937,-1.9625,5.3232
-12.608,-5.3575,5.3006
-10.555,-9.129,7.9
-2.6657,-2.7232,3.4002
-13.917,-7.7612,5.8753
-10.996,-7.954,3.9566
-2.8883,-2.4488,1.8069
-9.0097,-5.6061,1.8619
-10.307,-8.5193,7.7289
-17.404,-12.204,9.8521
-20.343,-17.284,6.4454
-22.301,-16.84,6.0602
-20.768,-22.236,7.5494
-13.205,-6.9552,3.5695
-14.98,-15.028,8.9272
-14.949,-7.3522,7.6986
-12.883,-9.6286,7.4102
-16.581,-10.524,9.9304
-3.7683,-3.3116,1.528
-1.294,-1.233,-1.6104
-1.7071,-3.1698,3.3179
-2.0288,-3.0354,4.9944
-19.927,-16.276,8.976
-12.303,-8.4049,7.965
-11.13,-7.0325,3.8955
-18.569,-16.617,8.143
-8.5906,-5.508,0.23634
-10.931,-5.3125,2.2727
-21.434,-18.564,5.0448
-10.299,-7.8845,7.9509
-19.223,-15.63,8.2606
-16.853,-13.298,12.253
-10.561,-4.8231,1.8696
-5.7927,-4.1561,0.38982
-10.594,-6.6811,5.611
-11.143,-11.644,0.94072
-9.1636,-10.009,5.7413
-6.8936,-4.1535,-0.50624
-21.109,-16.76,3.6065
-9.5001,-4.5176,5.2867
-8.7965,-7.1482,4.5282
-2.5523,-3.0224,5.6928
-21.364,-18.146,6.9965
-1.3751,-1.7337,1.3911
-1.1915,-3.1395,4.3515
-7.7611,-5.3359,0.72948
-8.2259,-5.9069,-1.0284
0.15057,-2.8122,5.0969
-8.5942,-5.7536,-1.1828
-7.7894,-5.2686,0.62812
-14.823,-8.5367,8.2462
-13.277,-8.4542,13.159
-1.5159,-2.3071,4.1558
-20.692,-13.233,8.1532
-20.583,-16.212,6.8594
-15.107,-11.174,9.2078
-12.333,-7.7332,5.0585
-13.896,-5.3879,4.4104
-8.1539,-4.0382,1.3698
-12.588,-6.5625,6.4377
-19.384,-16.289,7.4103
-21.969,-17.304,7.5689
-17.843,-8.1883,10.478
-23.142,-18.402,7.053
-20.6,-16.337,8.1541
-21.324,-17.98,5.3439
-18.574,-18.026,5.3257
-13.678,-5.7231,7.6022
-4.0721,-2.9843,2.2648
-9.7086,-7.0299,6.2059
-6.694,-3.8643,1.8473
-14.123,-10.04,2.003
-17.348,-13.943,10.223
-10.969,-8.6294,3.05
-21.264,-16.957,5.4024
-19.795,-16.871,5.7077
-19.413,-13.874,10.172
-2.7642,-3.141,4.3721
-18.834,-15.53,9.0793
-12.848,-11.666,10.326
-5.7948,-2.8951,-0.79268
-3.9616,-2.4782,1.0557
-4.7947,-0.98375,0.10517
-15.612,-15.775,10.269
-20.29,-15.732,6.2288
-19.667,-14.002,7.2141
-8.8243,-5.9273,1.9381
-19.166,-15.355,8.871
-3.101,-2.0415,3.0967
-21.034,-18.124,5.8803
-13.218,-7.9296,5.8076
-17.905,-12.247,11.024
-17.744,-14.3,9.7054
-8.3312,-4.2389,2.0005
-13.452,-7.6883,6.352
-10.41,-5.7947,3.4064
-2.9608,-1.5249,1.7078
-3.1272,-2.9762,-0.45049
-9.2757,-4.2903,-0.6023
-7.5282,-4.5766,-1.2032
-11.808,-5.4858,3.0526
-14.894,-14.007,6.4442
-12.866,-7.6895,3.0164
-3.1663,-4.2945,1.9429
-17.156,-21.518,7.0124
-2.9023,-3.5487,-2.4948
-1.5984,-3.2377,4.4607
-16.007,-16.434,10.474
-19.897,-16.419,7.7985
-6.1272,-3.4633,-2.2766
-3.7816,-2.953,-0.23806
-4.0383,-0.622,6.5409
-8.0223,-8.1558,3.0847
-3.3687,-2.2834,3.8161
-2.0805,-3.5392,4.6579
-9.4614,-3.3302,1.6097
-23.545,-18.316,8.8237
-10.591,-4.6886,2.7423
-13.552,-9.1813,7.7585
-19.262,-16.082,8.6659
-20.645,-15.47,4.9492
-21.462,-18.803,5.3679
-3.5559,-6.1566,0.46182
-13.135,-9.1488,8.4083
-1.8962,-3.3647,5.9622
-6.3672,-3.7418,-1.2966
-9.6268,-6.1859,1.1324
-7.3872,-2.545,-0.69216
-18.874,-14.821,10.214
-22.22,-13.801,11.564
-9.6626,-6.793,5.7015
-11.345,-6.9475,5.4431
1.2277,-1.4279,0.15709
-7.7603,-4.3992,0.35381
-12.41,-1.3365,5.8689
-13.337,-8.7647,6.7384
0.42743,-8.1715,2.6075
-13.37,-9.4297,7.9344
-7.3776,-5.2229,0.4034
-10.002,-3.8713,1.367
-1.7367,-3.9602,4.4281
-21.395,-17.974,5.5577
-6.8577,-3.8535,1.0606
-14.945,-9.0167,8.3204
-0.54428,-2.781,5.6405
-11.209,-0.63868,1.8737
-15.225,-9.7269,9.8751
-7.4771,-3.4651,1.7432
-20.844,-18.415,6.086
-15.994,-14.332,10.001
-13.317,-6.8407,5.0766
-20.578,-15.888,9.4644
-20.087,-14.001,10.661
-21.499,-18.589,5.823
-6.2096,-3.9486,0.62376
-7.3908,-4.9154,0.22286
-4.1736,-3.8258,2.8168
-7.3213,-4.8661,-0.41172
-5.2521,-3.4143,2.4381
-11.29,-5.8883,3.6626
-10.928,-7.2118,2.7
-19.796,-15.51,10.766
-22.873,-19.533,5.2816
-2.4674,-4.7837,-4.011
-14.734,-7.7275,8.6123
-13.106,-10.585,6.9545
-21.811,-17.942,5.6454
-6.3563,-2.8367,0.82639
-17.999,-12.12,9.7726
-19.914,-17.143,8.355
-11.175,-5.9322,1.7008
-20.991,-15.857,9.202
-2.2633,-3.239,4.5414
-4.168,-3.5544,6.0646
-10.483,-6.0086,3.0878
-14.189,-9.0396,8.5639
-19.252,-18.886,2.9538
-6.4007,-3.2988,1.3866
-16.949,-13.165,10.374
-8.6312,-4.6201,-1.6167
-11.471,-8.4336,5.4027
-2.3836,-3.1769,4.2768
-21.764,-17.559,4.1689
-22.827,-19.648,4.1289
-13.257,-9.6913,8.233
-13.804,-4.7942,6.3431
-7.8091,-4.5362,-0.61982
-21.419,-18.015,6.0819
-14.374,-9.5407,9.186
-11.075,-5.4425,2.8262
-16.396,-11.153,7.342
-9.0105,-4.8231,5.1352
-22.969,-20.244,6.6852
-22.718,-18.405,5.2544
-18.472,-13.437,12.606
-3.7235,-3.1055,0.82597
-10.145,-7.0565,2.4212
-18.913,-14.098,12.992
-22.123,-13.463,3.1755
-25.577,-20.686,7.6305
-19.055,-13.371,8.6512
-9.4504,-5.0282,1.7716
-10.564,-5.1663,2.2172
-9.5189,-3.8425,3.5527
-16.407,-13.741,9.5614
-5.9499,-3.5602,0.59573
-17.999,-13.715,6.7081
-4.9891,-2.0368,1.2387
-12.019,-10.008,5.6864
-12.823,-8.6543,6.9477
-9.7843,-7.2638,-1.2265
-20.071,-15.877,6.1064
-20.242,-17.801,5.593
-11.603,-6.8536,9.2741
-25.76,-22.635,8.4607
-7.8243,-4.8538,0.15533
-2.1767,-1.6135,0.95267
-17.763,-11.946,9.3631
-9.864,-5.6339,7.4142
-5.4769,-5.4199,1.3999
-12.851,-2.2866,3.725
-16.454,-6.7611,7.1058
-18.421,-15.431,9.6217
-11.106,-10.005,6.3432
-2.9701,-4.375,3.4846
-9.3026,-4.114,0.60259
-10.24,-5.187,1.5519
-2.8603,-0.66396,-0.79651
-6.3536,-2.8316,-0.32065
-0.85385,-3.0532,5.7457
-13.667,-11.773,10.798
-9.9691,-5.3498,4.8538
-19.895,-17.949,4.2685
-5.8672,-3.8505,0.72187
-19.137,-13.867,9.3773
-5.6409,-1.0499,1.7006
-9.4226,-5.475,1.9452
-4.2122,-4.8417,-0.96264
-17.19,-17.222,9.4341
-11.973,-5.8855,4.0459
-9.5342,-5.653,-1.0995
-4.6411,-2.9008,0.77892
-8.9834,-5.8568,3.7762
-11.447,-9.7603,4.0984
-7.7083,-4.6454,1.177
-12.826,-8.4268,7.0993
-8.7833,-0.43662,-1.0992
-18.502,-15.489,7.5986
-22.501,-18.55,6.6117
-6.2506,-2.4665,-0.46654
-4.0217,-2.3644,2.7331
-11.045,-5.6224,3.0589
-6.5523,-7.6937,5.8913
-17.996,-14.227,9.6343
-9.272,-5.8122,2.1225
-20.816,-16.688,6.8718
-15.539,-10.376,7.9818
-9.7441,-0.43582,1.9737
-10.887,-6.0422,-1.2542
-11.023,-8.2102,1.1189
-18.813,-14.12,8.4767
-23.167,-18.071,4.9801
-20.896,-17.951,6.7288
-4.6376,-4.4334,3.4683
-13.827,-7.6381,8.4655
-18.041,-12.051,9.9226
-3.6689,-2.3514,2.0919
-22.86,-18.983,4.7256
-22.072,-22.168,8.0454
-4.3784,-0.67794,-1.4892
-19.851,-13.703,6.7412
-13.611,-9.5291,9.1025
-19.672,-14.517,8.1924
-13.981,-6.3166,6.4704
-19.166,-18.201,3.2477
-10.585,-7.98,6.8713
-20.989,-17.474,5.512
-5.785,-3.876,-0.11878
-10.389,-6.1911,4.8902
-4.2137,-3.1721,-0.46924
-19.165,-14.538,7.9957
-20.49,-15.031,10.979
-4.5683,-4.1368,1.1693
-12.881,-8.0513,7.6458
-3.4503,-0.30064,-0.13758
-7.2452,-3.9427,-0.84405
0.85469,-3.7742,6.5319
-8.4469,-3.4036,3.9571
-22.511,-18.158,5.9568
-14.326,-4.8896,4.9712
-2.9912,-2.5475,2.8196
-11.568,-8.3614,4.5029
0.87149,-2.9444,6.7232
-15.374,-7.288,8.4244
-21.497,-15.659,7.1387
-9.6108,-6.0581,3.6983
-3.9794,-3.6347,2.3785
-11.322,-3.2576,9.7276
-11.549,-6.8066,5.4324
-5.3378,-2.6727,0.58024
-9.2022,-8.3585,6.4554
-10.536,-5.7702,1.0942
-13.15,-10.345,5.0823
-18.155,-11.613,10.082
-19.088,-13.384,8.7253
-21.665,-19.955,4.4141
-14.019,-11.958,10.409
-19.891,-14.252,6.9
-8.9031,-5.7067,1.3448
-12.657,-4.0275,0.34356
-18.606,-14.43,9.3351
-3.0837,-3.0542,3.1167
-18.453,-16.926,4.148
-3.9851,-1.2386,1.499
-7.7794,-4.6512,-0.83512
-4.3158,-4.3563,0.81982
-13.437,-9.3201,7.5506
-3.1832,-3.1347,1.3512
-14.259,-10.06,7.2571
-13.407,-9.3975,8.0081
-20.62,-16.484,8.3576
-20.42,-15.551,4.6277
-19.742,-12.683,10.22
-14.443,-7.6907,9.735
-4.9001,-5.2464,1.1799
-21.923,-17.981,9.9456
-7.7217,-4.9439,1.642
-14.461,-5.1058,8.0749
-1.7346,-4.4775,5.2341
-13.933,-11.447,7.3125
-16.722,-15.243,6.8702
-14.969,-8.2342,7.5899
-14.785,-8.7926,8.2266
-14.775,-9.2502,7.4704
-20.579,-17.713,7.4458
-16.472,-8.4883,5.299
-20.056,-18.399,3.7315
-18.869,-12.394,10.21
-22.906,-18.193,5.6482
-17.368,-15.987,4.003
-21.636,-14.724,10.532
-21.749,-20.496,3.6628
-14.018,-7.5799,7.1414
-12.924,-8.8711,6.6994
-13.373,-8.1959,7.8207
-18.159,-14.33,9.9234
-5.9276,-3.5786,0.024057
-8.0241,-3.8164,-0.78083
-11.587,-5.6861,3.9484
-22.574,-19.689,3.7423
-7.4652,-3.6696,0.56472
-19.485,-15.173,8.4065
-9.2265,-5.0391,1.5478
-20.956,-18.14,5.6584
-22.028,-17.475,3.3138
-21.39,-19.249,4.5488
-13.759,-9.1915,5.3162
-9.2334,-5.2761,1.5565
-13.879,-8.884,8.4473
-12.668,-6.1068,2.7761
-19.816,-14.731,9.3674
-10.342,-4.9794,2.391
-3.6619,-3.4083,1.605
-3.0762,-3.4227,4.2329
-10.787,-8.0864,5.1056
-14.071,-6.693,7.9195
-22.666,-20.349,5.7271
-4.1507,-3.9459,8.745
-9.1741,-8.4352,7.7594
-6.5844,-3.3127,1.3678
-10.623,-8.0794,3.2601
-10.177,-5.777,1.3468
-8.3486,-4.6775,0.77022
-22.386,-18.869,7.8077
-16.59,-12.129,9.6218
-14.683,-13.281,14.575
-18.122,-12.775,8.7031
-2.9644,-2.9288,3.3762
-7.7361,-4.0497,1.1788
-20.719,-15.158,3.2169
-11.322,-7.5346,3.7585
-17.989,-15.613,6.0599
-9.2026,-6.445,4.1982
-7.5765,-6.9662,3.4803
-20.933,-16.281,7.3211
-18.921,-5.2767,10.887
-13.182,-8.1589,8.3667
-9.129,-5.7335,-0.77872
-25.214,-18.914,3.1298
-20.852,-19.643,2.9923
-3.8933,-4.3442,3.8853
-14.036,-7.39,5.7391
-9.1596,-6.0485,0.075775
-20.552,-16.544,7.8349
-18.471,-12.634,8.6744
-22.722,-17.54,7.4101
-18.105,-15.296,8.8747
-17.738,-15.851,10.153
-7.624,-3.4045,-0.55322
-19.255,-17.048,2.0092
-5.5616,-3.5905,1.2032
-21.892,-18.185,4.9833
-16.601,-13.632,9.322
-2.109,-3.1241,1.8613
-22.488,-18.835,4.4971
-22.18,-17.946,5.5716
-2.9088,-4.2407,3.6295
-11.821,-6.0064,3.6433
-7.8521,-5.1026,-0.41342
-12.191,-6.3573,3.9939
-2.9844,-2.6538,1.6648
-12.864,-6.2652,1.7027
-20.82,-16.875,8.2885
-4.852,-10.088,3.9163
-17.311,-13.993,6.8696
-17.695,-14.421,9.3789
-4.2978,-3.8357,1.0992
1.9332,-6.4236,1.8786
-3.6866,-2.8433,2.5911
-10.439,-3.47,5.6153
-19.024,-21.153,8.5893
1.4423,-5.1003,2.4182
-5.1204,-4.8,4.2494
-27.853,-20.669,7.681
-10.004,-5.422,4.3817
1.9911,-2.3497,5.8606
-13.584,-7.802,8.3979
-5.3831,-1.8536,-0.66594
-17.614,-12.465,11.014
-10.737,-4.9862,4.6245
-21.745,-16.628,8.6287
-23.115,-18.917,6.3231
-5.1134,-4.2734,0.66994
-20.49,-20.114,11.466
-15.618,-13.14,12.175
-21.732,-19.085,4.3647
-22.741,-16.603,5.2558
-20.655,-10.149,9.1124
-21.684,-16.014,5.8061
-5.2607,-2.0295,-1.7787
-9.9817,-7.4231,-2.1096
-2.378,-3.5714,5.3447
-18.131,-14.537,9.2173
-19.877,-15.413,10.05
-15.971,-12.448,9.7567
-9.9441,-6.0959,2.2166
-4.3887,-0.019381,2.7485
-11.891,-7.5925,5.0679
-3.5397,-3.2918,1.5618
-3.8241,-1.9812,2.9858
-19.707,-14.263,10.307
-20.548,-18.88,4.9569
-11.143,-5.3473,5.8431
-18.765,-13.933,9.583
-15.032,-8.5172,7.5267
-11.338,-6.2919,4.6853
-16,-11.422,11.227
-14.341,-10.544,7.7398
-7.6643,-5.2621,-0.74019
-11.464,-11.233,12.183
-19.596,-20.2,7.3232
-9.4383,-5.753,1.2368
-18.915,-7.0023,5.7093
-9.7729,-3.043,-2.2416
-3.0704,-3.8385,4.4977
-11.717,-2.8394,-0.21424
-22.47,-16.946,4.8558
-14.178,-8.5514,8.568
-10.852,-4.8072,-0.3773
-20.295,-17.27,6.6008
-7.3912,-4.2655,1.9072
-23.01,-18.243,6.315
-13.586,-9.1893,7.4755
-20.79,-17.374,7.1878
-6.38,0.13193,1.5653
-20.92,-18.831,5.6849
-17.022,-14.505,13.138
-20.518,-15.702,6.7244
-17.176,-11.964,11.156
-2.0326,-2.7908,3.799
-10.776,-5.1133,5.0119
-5.1913,-2.8454,-0.38862
-21.803,-16.461,5.5325
-8.8238,-4.7951,1.1501
-15.078,-10.37,7.8724
-18.571,-13.023,8.7854
-18.857,-12.591,9.3511
-15.905,-11.892,6.5952
-8.0896,-2.5466,-1.3088
-13.482,-10.079,2.4846
-2.3612,-3.3764,4.1592
-20.043,-20.054,9.9973
-2.3547,-2.5426,4.8775
-16.985,-12.247,9.006
-10.666,-5.973,2.4929
-7.7153,-3.9402,1.7026
-17.408,-13.527,9.2967
-5.5831,-4.0295,2.3035
-3.7179,-2.7788,0.71069
-18.63,-13.998,8.4826
-13.326,-3.6714,3.0825
-14.167,-8.2381,6.8997
-19.957,-14.143,8.4784
-5.1308,-4.7977,-1.5445
-23.143,-18.203,4.3666
-0.24604,-5.6482,4.9983
-20.511,-16.572,6.8092
-5.8914,-3.6835,-2.8124
-6.9388,-5.2204,1.0578
-10.694,-7.838,3.5657
-4.2263,-2.8766,3.871
-1.8885,-2.5777,6.356
-5.8899,-6.128,2.3446
-13.693,-13.654,11.22
-20.807,-17.83,6.3183
-14.695,-8.6043,5.8676
-9.0275,-6.238,1.9287
-0.66606,-3.1275,6.5619
-0.086555,1.4219,7.9635
-22.189,-15.853,7.688
-17.94,-14.584,9.8885
-18.338,-13.244,8.0773
-6.9873,-3.5165,0.15712
-6.7546,-4.4654,0.20855
-2.3835,-7.3968,1.6313
-16.404,-11.14,5.9055
-22.293,-18.817,3.5734
-15.007,-7.8088,6.3159
-18.098,-13.027,10.166
-10.7,-4.9551,3.4371
-20.497,-16.707,5.6737
-12.481,-6.8586,4.9495
-22.795,-15.716,8.2036
-9.9564,-5.4949,2.8072
-1.2589,-2.1465,4.6305
-13.141,-7.059,6.0925
-6.5206,-4.0284,1.885
-8.2459,-5.0105,0.99234
-16.163,-12.057,8.569
-10.787,-9.0989,4.6832
-8.1448,-4.2211,4.8919
-10.346,-4.2458,0.53874
-8.5431,-4.369,-0.9223
-9.0993,-7.4191,-2.3967
-21.054,-16.582,3.1844
-24.952,-17.198,7.1324
-1.3791,-2.985,6.8349
-21.836,-19.788,6.141
-21.884,-18.105,5.0149
-14.437,-9.4591,6.9533
-13.35,-11.309,6.3499
-5.234,-6.1695,3.0395
-21.377,-18.279,4.1943
-9.8225,-4.6561,1.42
-11.636,-5.2207,4.308
-6.74,-1.4812,2.6734
-21.903,-17.969,6.2342
-18.845,-17.004,7.2764
-5.8521,-2.7487,0.43554
-9.5064,-7.123,1.0569
-12.256,-6.0882,3.0153
-11.866,-4.88,5.7608
-0.7494,-9.559,4.4402
-11.543,-6.4549,4.9681
-20.682,-16.164,7.5485
-6.4164,-3.8414,-0.18903
-3.0199,-2.0979,1.5414
-3.7972,-3.0717,2.0814
-24.756,-19.9,9.1662
-20.992,-16.604,8.5566
-21.819,-19.108,4.5049
-14.714,-8.4253,8.4259
-14.737,-7.3174,9.1944
-20.68,-18.348,7.9
-13.689,-5.2705,5.1912
-21.722,-13.98,6.3612
-6.0145,-0.72848,-0.060394
-12.467,-7.9745,6.0345
-25.213,-17.391,4.5241
-22.279,-18.981,4.5537
-14.17,-9.7916,8.2912
-14.28,-12.286,5.7074
-13.772,-10.678,4.8631
-5.4552,0.66406,2.7359
-6.8426,-4.2207,-0.81925
-22.312,-17.807,7.0341
-16.33,-11.123,11.037
-8.5266,-4.4519,-0.3367
-18.27,-12.893,8.1233
-2.3053,-3.1801,2.8714
-8.8167,-5.6297,2.1429
-5.669,-5.3925,-1.2098
-15.776,-8.6222,4.113
-13.955,-7.9491,6.5852
-6.2058,-4.2639,0.13054
-6.7864,-9.0803,1.5342
-12.813,-7.2174,7.9264
-14.488,-9.3265,8.3397
-16.761,-13.744,10.785
-13.351,-9.054,2.5337
-8.7155,-8.0013,3.6159
-0.76537,-1.8581,-4.2753
-2.4728,-0.59592,2.7702
-12.732,-5.3395,3.9921
-19.425,-14.923,8.5942
-11.197,-6.0668,5.2112
-11.902,-6.2513,3.6083
-3.0787,-2.4775,5.5667
-7.3801,-1.4063,0.14683
-9.2965,1.7294,1.4505
-4.9961,-4.4524,0.24296
-12.051,-7.2528,5.3986
-9.796,-5.3989,1.6196
-21.709,-17.783,8.0429
-5.3025,-6.2034,-2.9778
-4.1294,-3.1059,3.6944
-11.191,-9.4212,8.9986
-14.866,-10.756,10.03
-18.81,-14.282,1.3749
-12.408,-9.3431,6.2068
-23.833,-20.45,5.2207
-22.643,-18.667,4.2958
-0.0035799,-3.6147,6.2373
-6.6353,-4.3998,-0.57188
-10.222,-7.6132,5.6751
-21.213,-13.418,4.8641
-7.4281,-5.3703,4.0033
-18.538,-12.649,11.173
-21.139,-11.976,9.1566
-13.169,-7.2903,7.0055
-15.383,-11.106,7.3144
-13.842,-8.5115,5.3743
-21.53,-19.421,7.2128
-1.2308,-3.4813,7.7808
-5.6409,-1.4025,0.82586
-15.995,-8.3542,7.1165
-13.632,-8.0049,4.9946
-9.2194,-5.814,1.66
-8.1385,-5.4208,2.7366
-11.854,-7.956,6.2433
-18.464,-15.695,8.3703
-22.494,-9.7102,12.543
-4.4066,-3.7191,3.6396
-17.799,-15.523,8.9784
-18.261,-10.891,7.8998
-9.9149,-6.4788,0.202
2.409,-4.5582,5.124
-8.7889,-6.6521,-0.49274
-22.716,-21.107,5.6494
-23.763,-13.129,4.8002
-20.55,-15.441,8.0278
-20.034,-16.737,7.1288
-12.495,-6.5668,3.9438
-4.8978,-4.0649,0.65661
-21.098,-16.093,7.4312
-18.284,-13.464,9.5806
-6.2695,-3.3883,-0.74231
-14.24,-10.141,8.0485
-10.652,-6.025,4.851
-5.4089,-3.4981,1.5576
-5.6695,-4.6111,-1.3487
-15.396,-7.6875,6.8957
-22.41,-12.818,6.9819
-16.89,-12.969,12.535
-22.078,-16.578,2.2302
-10.376,-2.2275,-2.1718
-22.619,-18.657,6.8276
-23.487,-8.9088,14.269
-11.239,-7.0972,6.2573
-20.083,-15.818,3.736
-22.307,-20.45,5.4228
-14.647,-4.6592,5.4483
-12.644,-10.59,3.8567
-19.32,-15.151,8.6315
-10.119,-6.3112,2.7703
-16.355,-14.094,10.188
-5.8434,-7.4912,2.1845
-13.916,-8.9534,9.0066
-17.929,-12.622,10.247
-9.1429,-5.2787,7.6911
-17.046,-14.417,8.5384
-19.677,-15.83,7.5978
-17.467,-12.407,7.335
-11.321,-7.1611,4.6066
-1.2833,-3.5652,5.3552
-3.9338,-2.5167,1.7794
-19.849,-14.456,12.635
-19.287,-16.857,9.2293
-11.881,-7.3817,2.8957
-21.377,-12.655,12.155
-10.972,-9.7471,3.7277
-14.558,-9.4186,10.306
-19.97,-15.777,7.9126
-15.463,-9.807,9.1034
-18.435,-20.899,2.1195
-5.403,-7.3508,4.6285
-4.8067,-3.687,1.5643
-17.147,-12.355,9.7763
-21.175,-13.797,10.246
-2.9929,-3.3147,4.373
-12.88,-7.5303,7.081
-12.647,-12.2,5.111
-15.061,-9.4613,9.2374
-2.295,-3.3124,6.1064
-18.748,-15.767,6.6178
-17.228,-10.63,10.674
-6.7327,-5.3086,0.27212
-16.613,-16.23,5.6614
-0.80805,-3.0751,4.9621
-22.368,-20.382,8.1785
-10.864,-6.1172,3.3583
-21.18,-16.602,5.9223
-12.928,-8.1174,4.6164
-2.1614,-3.8722,4.5327
-17.653,-18.945,6.9981
-11.049,-5.9643,2.0475
-19.136,-15.273,7.444
-12.007,-7.2346,6.6826
-12.61,-8.6662,5.2282
-21.988,-18.605,5.7945
-0.42547,-1.2787,4.3335
-10.689,-5.9124,2.7123
-8.7532,-3.8473,3.9652
-3.2996,-2.7963,5.2865
-18.698,-15.5,6.862
-17.581,-17.026,8.7077
-14.497,-8.5199,5.9536
-19.856,-14.982,7.6942
-12.454,-4.9666,2.3998
-21.705,-20.482,6.1405
-2.8054,-3.0485,1.1145
-17.122,-12.65,9.3613
-10.668,-9.2377,2.1853
-3.516,-4.9962,-2.0143
-14.612,-4.0338,6.6681
-14.628,-9.0267,8.9504
-3.6426,-3.4235,2.255
-15.713,-10.45,11.178
-20.805,-20.962,5.6198
-9.9866,-7.1205,1.7734
-17.466,-14.955,6.8381
-5.8136,-3.1718,-1.5888
-9.1743,1.2788,0.80147
-13.625,-7.3287,5.7278
-12.767,-9.7801,13.889
-17.569,-11.916,10.43
-21.203,-12.287,9.0272
-5.5521,-4.0281,-1.8641
-7.9402,-3.2647,0.65082
-24.544,-18.926,4.1594
-19.429,-15.325,6.0809
-4.7676,-4.0049,1.529
-13.179,-8.0607,7.4129
-3.9883,-1.8585,-1.9122
-12.587,-8.5742,7.6818
-13.608,-7.0992,4.065
-20.898,-18.636,3.7666
-21.042,-17.261,6.7872
-21.622,-19.593,6.0571
-7.4591,-6.6952,3.247
-7.8138,-3.2351,-0.47874
-2.3861,-3.7546,6.4086
-15.244,-5.8455,4.3806
-8.0607,-5.9483,0.78431
-21.558,-10.357,11.291
-3.8346,-3.0063,1.0888
-9.9855,-5.4371,0.48761
-9.7754,-3.5426,1.2634
-13.821,-8.9479,8.8008
-3.9508,-2.238,-1.0473
-24.022,-17.076,5.2979
-21.112,-18.087,5.2805
-21.309,-16.443,3.5264
-2.3432,-6.149,3.6856
-9.934,-9.0215,5.7895
-22.558,-16.094,8.384
-3.1179,0.34768,-1.0118
-17.506,-12.79,12.519
-4.4605,-2.0238,5.278
-20.109,-10.978,11.532
-20.858,-15.497,12.625
-2.0514,-5.0376,5.8842
-16.192,-17.613,4.6245
-13.383,-10.133,5.5168
-21.397,-17.561,4.253
-9.8344,-6.6679,1.3345
-5.5937,-6.1698,3.9718
-11.519,-7.3743,6.4692
-12.374,-6.5803,3.9939
-1.9122,-3.0769,-1.1628
-7.7819,-5.2068,1.9524
-13.146,-9.6799,6.9525
-17.902,-12.41,9.1592
-23.178,-16.259,7.1647
-21.09,-17.387,4.9021
-18.782,-12.522,11.007
-22.856,-18.035,8.6992
-16.427,-9.1513,5.6744
-21.81,-20.588,7.1121
-12.576,-4.1637,1.3567
-10.074,-3.0327,0.20223
-12.278,-8.7865,4.643
-20.694,-20.208,0.99648
-16.875,-11.588,9.1847
-1.6779,-2.282,6.5154
-12.889,-6.9036,3.7132
-8.9761,-4.2242,4.6113
-20.328,-16.641,8.0284
-20.166,-10.535,7.3695
-18.244,-13.005,8.4176
-20.405,-16.017,8.2237
-17.525,-12.13,11.726
-0.0072441,-0.5139,4.6111
-16.807,-10.677,9.1948
-22.569,-14.51,8.2935
-8.6446,-4.3063,1.7354
-20.958,-18.462,1.506
-13.866,-8.5523,7.443
-24.447,-19.737,6.9624
-9.0502,-1.4555,-0.074785
-22.978,-17.961,2.1103
-8.9395,-3.2236,1.1326
-11.392,-6.6101,5.4631
-8.4314,-7.8062,3.3345
-17.359,-6.5481,5.3541
-20.622,-14.733,13.61
-20.691,-19.241,5.4512
-2.1293,-2.5578,6.0721
-21.022,-18.329,5.8577
-10.511,-8.7228,2.1131
-10.894,-8.805,9.718
-18.397,-16.519,7.461
-21.612,-14.28,11.548
-3.9533,-2.1217,2.359
-9.2238,-5.5882,0.55075
-8.316,-3.9578,0.57785
-22.353,-19.749,6.0732
-14.188,-9.2627,9.3117
-2.8163,-5.3299,6.32
-14.767,-11.572,11.511
-12.373,-8.2624,6.6102
-8.6118,-5.5016,0.32122
-18.172,-13.428,10.043
-10.694,-6.8345,7.5121
-6.9576,-3.4349,-1.8783
-20.103,-15.118,8.8592
-22.292,-19.089,6.0054
-21.061,-17.526,4.7014
-1.2648,-2.534,2.9813
-12.154,-7.5974,6.6866
-24.074,-16.925,11.471
-20.438,-17.999,3.9985
-4.9209,-3.9643,0.20303
-16.394,-8.8505,10.059
-11.027,-5.5252,1.3992
-21.1,-18.717,4.6433
-21.113,-18.789,4.914
-20.751,-14.701,12.656
-24.682,-20.018,3.3729
-14.925,-9.582,1.9727
-19.553,-13.958,9.3711
-4.967,-4.0075,0.056962
-19.257,-18.273,7.28
-14.271,-10.978,9.4423
-11.327,-7.2215,3.0791
-10.023,-8.4401,-2.5617
-16.805,-11.893,10.306
-16.862,-13.042,9.973
-22.714,-14.309,11.408
-17.499,-13.308,9.3299
-12.067,-8.5912,8.822
-16.208,-12.333,9.7397
-15.584,-9.3995,7.9706
-12.566,-5.2361,-0.93965
-18.32,-16.793,5.9239
-20.702,-15.489,8.4752
-20.89,-16.858,7.6189
-11.3,-7.2313,5.0465
-6.2747,-2.5545,-2.6602
-17.449,-12.751,7.8266
-8.9555,-0.85425,2.59
-2.8106,-2.8791,3.4032
-5.1758,-5.4445,-3.5714
-15.107,-11.065,9.5107
-6.2701,-8.2138,2.516
-15.374,-11.417,8.9621
-2.0584,-7.5222,5.7403
-9.9466,-4.6301,2.9529
-21.407,-16.519,8.9008
-22.387,-18.912,8.4018
-16.341,-9.3027,15.297
-13.97,-6.7137,5.8829
-7.4007,-5.633,-0.56246
-13.148,-1.7076,2.9659
1.6284,-1.3149,3.476
-18.819,-12.86,11.217
-14.44,-9.3183,7.3748
-22.722,-19.639,1.4208
-19.864,-15.187,8.2943
-18.483,-15.865,6.5118
2.9212,-7.1469,10.199
-8.9484,-4.1148,0.5491
-10.56,-6.5351,3.4804
-14.521,-4.7854,6.485
-5.4465,-3.9403,-0.49721
-13.642,-8.3631,6.0207
-19.299,-18.72,9.1661
-20.367,-17.225,5.9049
-20.015,-15.525,8.6556
-12.673,-9.1889,7.4283
-11.148,-9.9164,2.1847
-20.269,-16.729,10.408
-20.845,-15.021,7.6628
-12.414,-9.1996,0.016698
-10.517,-6.219,1.646
-19.711,-14.852,8.9488
-21.188,-17.969,3.8779
-3.2912,-4.4876,3.2221
-7.2696,-2.9734,-0.10015
-8.5099,-5.2366,-0.40036
-20.895,-17.062,6.4296
-13.873,-9.5632,7.9608
-14.226,-11.794,5.8038
-13.326,-4.8542,1.8714
-14.121,-11.143,8.9868
-8.125,-2.8819,-0.23497
-20.817,-15.812,6.7931
-10.816,-9.9561,-2.0908
-10.831,-5.1165,3.6574
-5.8232,-4.1813,0.43009
-17.478,-19.354,7.273
-17.462,-11.502,9.7298
-14.046,-9.6263,7.3113
-2.3328,-4.5198,4.5119
-23.133,-17.946,3.0421
-8.4475,-3.3217,1.594
-18.227,-13.593,12.808
-21.329,-16.196,7.6663
-20.773,-19.446,2.033
-9.9777,-5.9962,3.3421
-10.936,-11.71,11.541
-4.9159,-3.437,-3.5045
-12.49,-8.2514,6.2066
-5.6465,-1.8275,1.8178
-17.755,-13.268,12.466
-11.827,-7.0349,5.0481
-10.543,-6.2368,1.2771
-2.9064,-2.8826,6.5644
-16.524,-14.186,10.465
-7.5289,-5.1404,-1.2738
-14.029,-8.6379,7.2456
-19.395,-16.222,7.5173
-23.893,-16.129,8.8931
-2.4592,-2.707,2.58
-6.321,-3.9019,0.40428
-16.631,-12.422,10.422
-12.015,-6.8654,4.7645
-22.349,-18.282,7.3413
-13.69,-9.8631,9.4136
-14.72,-9.5695,9.5909
-3.12,-7.6076,0.93716
-17.861,-12.079,10.098
-12.582,-7.691,4.6206
-17.183,-12.385,12.071
-21.508,-16.317,6.7061
-9.5246,-4.1344,-1.8115
-21.99,-18.733,5.7999
-9.7217,-7.8819,2.7705
-21.09,-18.436,4.8797
-4.7674,-2.9401,1.3438
-19.319,-16.061,6.4786
-4.5394,0.39804,1.5491
-13.799,-5.9048,6.6604
-9.8323,-8.5442,1.2337
-10.634,-6.3417,-0.0021498
-3.9738,0.26086,8.8587
-7.8434,-3.834,-0.1995
-10.164,-6.057,0.73955
-20.415,-20.542,5.5506
-12.803,-4.7246,7.3874
-11.093,-5.6527,3.5377
-14.108,-10.852,8.7722
-20.599,-15.084,8.7168
-20.464,-16.231,6.5031
-21.935,-19.715,5.724
-25.503,-14.455,7.5107
-12.926,-10.694,11.05
-2.4148,-5.2215,2.1123
-3.183,-1.9282,1.3709
-12.912,-13.717,10.695
-10.552,-4.568,0.27209
-11.614,-7.4432,9.6685
-21.837,-18.53,4.6967
-12.558,-6.9231,3.8457
-18.039,-13.541,9.1081
-20.85,-10.016,7.5819
-3.9123,-3.0068,3.7217
-1.8397,-3.9345,-3.9685
-24.264,-18.529,5.7046
-17.219,-11.478,7.2322
-11.71,-4.5089,7.7782
-12.103,-7.0478,5.2924
-2.3513,-2.3219,3.3615
-8.2015,-6.7452,0.64222
-23.25,-19.796,6.5296
-19.967,-12.33,5.8635
-21.858,-17.551,6.6677
-8.533,-7.7455,3.5587
-21.827,-17.615,5.6612
-8.9075,-4.2411,1.7076
-15.354,-10.076,9.0358
-8.6921,-7.5119,-1.0401
-2.9144,-3.211,3.7693
-13.955,-7.4225,6.8728
-7.0617,-7.492,6.6891
-14.435,-9.0909,8.11
-6.627,-2.7077,0.38857
-6.443,-5.97,3.9534
-2.9849,-4.8082,3.0997
-19.911,-19.311,5.5633
-0.45723,-0.46546,5.7905
-16.288,-10.287,9.3174
-3.5121,-2.2654,1.8587
-21.019,-18.771,5.7417
-1.4855,-2.2934,5.8052
-13.224,-7.5549,7.5639
-18.435,-14.87,10.451
-8.3068,-1.3688,-1.1097
-3.5847,-2.3015,0.74299
-0.17695,-3.108,5.3975
-5.7786,-4.0752,1.1401
-3.1186,-2.9986,3.3089
-21.194,-18.502,4.4843
-9.1908,-5.6318,2.2208
-3.9101,-2.6747,2.8184
-9.8062,-6.9889,3.5095
-7.0924,-4.1127,0.73773
-1.518,-0.27267,10.154
-18.789,-13.527,10.028
-14.135,-8.2771,8.4545
-19.231,-14.953,9.5305
-13.342,-7.5378,8.6928
-22.385,-18.67,4.815
-19.618,-13.47,7.363
-8.0379,-7.5754,2.0216
-8.9194,-6.6169,0.89606
-9.9447,-5.6646,1.4728
-2.3824,-2.1667,6.2792
-3.0638,-1.9405,3.4242
-7.2975,-3.9613,1.6647
-4.7773,-2.7426,0.33519
-5.9659,-6.0555,2.813
-22.087,-14.356,8.3755
-9.1778,-2.4529,2.4141
-12.177,-6.1145,9.2587
-18.747,-13.247,9.4073
-20.634,-21.915,4.5918
-12.272,-9.2058,8.0598
-3.3373,-2.2977,2.2336
-2.3337,-3.6999,4.368
-3.0254,-2.2803,2.1271
-14.076,-5.3148,4.4495
-15.533,-11.656,9.7072
-16.131,-12.742,10.813
-9.6207,-3.9441,2.8579
-4.1487,-6.3172,2.9535
-9.6741,-8.8607,9.9491
-16.877,-13.221,11.395
-3.0755,-2.5816,6.4222
2.2773,-3.6504,5.844
-2.9535,-4.241,4.0041
-21.671,-16.29,7.7833
-23.18,-13.888,6.5511
-10.48,-6.4124,0.54865
-10.815,-7.0991,1.2274
-21.984,-16.81,6.4739
-16.112,-5.5361,9.5457
-19.846,-19.892,4.149
-8.0713,-1.0054,1.3165
-17.483,-12.688,9.7109
-15.826,-16.891,13.176
-6.4123,-0.9799,2.1454
-3.4784,-4.0537,1.6459
-17.038,-6.3334,6.778
-5.8685,-4.1793,-0.69752
-11.987,-8.1686,4.6137
-17.561,-12.031,13.256
-17.346,-14.051,9.677
-10.726,-6.4188,6.036
-20.966,-22.391,7.3886
-19.029,-19.596,6.9898
-0.96272,-2.3788,5.8795
-0.98731,-4.0681,6.4113
-12.114,-4.9664,4.881
-2.7198,-3.2831,5.0218
-9.3143,-6.1599,1.8958
-10.059,-6.9985,2.9824
-7.9259,-2.5064,0.19318
-18.507,-14.579,9.0163
-12.018,-0.41267,-7.5194
-19.245,-15.055,7.3522
-7.5775,-3.3722,4.8988
-13.281,-7.2209,3.2535
-9.5875,-4.2062,0.57726
-14.026,-8.8434,10.374
-6.7511,-4.5402,-0.00017448
-12.804,-8.2085,8.0635
-10.886,-7.6085,2.7266
-22.43,-19.584,4.2694
-8.5153,-5.4456,-0.40591
-17.818,-11.529,9.1651
-15.942,-17.102,7.3055
-9.7325,-0.98913,3.3534
-2.9206,-1.8394,3.5409
-9.7826,-3.9642,3.3387
-6.6268,-4.7446,-0.37827
-11.715,-4.1191,-1.1935
-0.16131,-3.0345,6.5884
-17.211,-13.073,8.7584
-20.411,-18.12,5.5787
-20.261,-20.143,4.623
-15.102,-9.136,7.9837
-14.059,-10.948,6.1345
-11.271,-7.8612,5.7158
-6.4339,-3.768,-1.147
-19.852,-16.891,4.3335
-3.1437,-3.8714,1.6189
-22.338,-10.645,1.3469
-10.631,-7.266,3.6336
-2.2231,-2.0449,4.3341
-21.557,-15.532,8.3519
-12.983,-7.5207,10.004
-11.549,-8.3752,5.9922
-11.89,-8.1247,4.8237
-5.6358,-5.3997,-0.24127
-1.6364,-2.9255,6.0414
-18.772,-15.915,6.2529
-7.6527,-5.8636,-4.0575
-18.996,-14.259,8.6554
-19.469,-17.004,9.3381
-11.185,-8.0417,1.2114
-21.805,-18.75,5.0576
-11.64,-8.2381,6.1256
-4.2445,-4.1868,3.1699
-7.7433,-5.4916,-0.80703
-9.249,-3.9929,-0.061544
-24.166,-20.775,3.5868
-21.869,-19.397,6.6647
-20.708,-20.875,10.128
-5.6877,-2.3876,-0.62178
-0.46392,-2.7389,1.2513
-16.604,-14.401,12.613
-19.861,-10.645,8.4073
-20.669,-17.609,4.4258
-9.7167,-7.179,1.368
-10.638,-5.2869,1.3825
-3.8818,-3.3828,3.2908
-18.77,-13.848,9.5636
-18.254,-13.333,7.636
-9.9016,-6.6126,2.5121
-16.07,-8.7838,2.2075
-16.96,-11.01,9.6929
-4.4027,1.5588,5.9703
-18.866,-14.213,8.6204
-19.999,-19.562,2.7785
-24.436,-18.96,2.6128
-22.005,-15.059,2.1828
-14.798,-8.4304,7.2639
-3.5869,-3.9857,3.5454
-21.843,-16.585,7.1321
-10.12,-6.3913,1.045
-12.009,-6.725,4.9106
-24.392,-23.134,5.3481
-8.2497,-4.3001,1.0899
-5.8748,-5.1375,1.5708
-4.7724,-2.9002,2.316
-11.706,-6.0632,2.8615
-10.727,-8.3916,5.8097
-7.9556,-6.0653,1.3534
-10.473,-2.5195,5.3697
-13.338,-8.6671,4.9996
-3.9074,-4.1389,0.38781
-8.1608,-3.4518,-0.2825
-21.984,-19.443,4.5457
-16.518,-10.862,13.123
-2.7074,-5.1854,1.8505
-9.536,-5.2581,0.79846
-2.4268,-3.4021,3.8701
-4.8455,-2.8644,1.2314
-1.8835,-2.7381,5.0195
-12.071,-2.8315,7.6445
-5.1899,-4.2068,0.3705
-23.789,-19.669,6.1456
-20.734,-15.577,7.8369
-7.0694,-3.5171,1.1981
-13.015,-8.7932,8.8476
-23.497,-18.811,6.6321
-20.326,-14.407,9.8634
-14.673,-9.5154,8.9503
-17.638,-15.505,8.8771
-20.622,-17.275,7.5223
-1.9263,-3.7896,3.8446
-12.826,-6.5558,4.2943
-8.4348,-3.0826,2.8195
-14.895,-8.6811,9.0375
-1.83,1.0676,1.533
-20.563,-17.444,5.4825
-3.0749,-2.4553,3.7755
-22.522,-11.565,10.907
-6.6539,-4.9889,0.58384
-7.3806,-3.686,0.95033
-13.133,-16.822,6.0618
-22.123,-20.347,6.4027
-23.658,-14.321,2.1983
-10.499,-4.8879,4.906
-4.0012,-3.2672,2.8355
-16.901,-11.65,9.0337
-20.709,-15.61,7.9154
-17.212,-11.327,8.7968
-9.5853,-5.4428,2.001
-10.185,-6.0422,3.2785
-16.248,-18.957,8.3179
-19.375,-15.017,7.283
-5.1013,-5.8619,4.1669
-10.34,-9.4474,7.7871
-19.021,-18.965,4.9175
-12.762,-5.2333,2.4559
-10.224,-4.0162,2.3607
-3.8132,-3.0063,2.1452
-22.252,-18.261,5.6615
-20.379,-17.222,6.1253
-13.468,-5.8886,7.6606
-7.064,-3.2208,1.1166
-20.251,-16.945,6.4725
-12.151,-7.6036,3.0932
-7.2292,-6.8053,-3.2445
-8.0852,-4.9524,0.20138
-2.817,-3.0542,0.87341
-18.041,-6.7237,10.931
-0.50415,-2.6757,6.3423
-20.106,-15.993,9.1535
-21.095,-17.805,6.5157
-14.374,-9.5022,8.376
-1.4368,-2.965,2.8859
-6.2791,-4.7193,11.004
-5.4635,-3.0877,1.0323
-12.994,-9.8167,8.145
-15.933,-16.271,7.1422
-22.641,-17.596,5.8505
-3.0505,-1.6557,0.25864
-20.811,-16.87,6.7774
-22.573,-20.406,5.8014
-5.4816,-3.3604,1.4326
-20.193,-20.485,8.9887
-5.0804,-2.7149,7.1921
-20.958,-18.318,9.0242
-4.8999,-4.5729,1.6586
-20.871,-14.973,13.05
-11.835,-6.0497,4.6831
-4.9401,-3.4244,2.7584
-16.72,-13.492,6.111
-24.455,-21.547,10.383
-13.929,-6.1546,4.5603
-17.965,-13.562,10.9
-25.138,-20.935,8.325
-20.327,-21.971,0.18536
-12.715,-8.5562,5.4131
-6.015,-1.9142,-0.65478
-7.8559,-2.884,-5.4531
-16.774,-12.562,9.9035
-17.274,-15.251,13.096
-16.419,-9.6901,9.0828
-8.0751,-5.7525,2.2935
-0.079275,-2.2328,9.7303
-2.8326,-2.9246,3.9739
-20.415,-17.029,7.2849
-13.188,-7.7743,6.4688
-20.578,-6.7553,5.5973
-13.471,-8.9532,8.6313
-12.859,-3.7756,1.8095
-4.8475,2.8292,2.1622
-5.6646,-6.5492,0.21272
-8.703,0.97743,3.2431
-20.398,-20.137,6.7561
-17.581,-12.747,12.662
-15.09,-10.629,8.9992
-12.74,-7.2839,6.2642
-2.9394,-3.1085,2.8828
-1.3983,-4.8026,1.8651
-5.1123,-4.1626,0.26343
-18.855,-14.304,5.1452
-14.092,-8.2594,7.1953
-6.487,-4.1454,1.4262
-3.7842,1.8291,-1.6918
-8.5238,-3.9161,1.4838
-3.4627,-2.9374,1.4775
-14.563,-16.222,6.532
-18.634,-12.347,10.089
-13.338,-8.7455,8.0043
-21.74,-16.613,6.944
-20.036,-14.195,5.1219
-18.363,-17.245,5.4405
-20.643,-16.398,9.0581
-17.125,-11.135,8.2397
-10.457,-7.1979,4.2099
-8.6869,-2.753,2.8307
-9.7993,-6.3118,5.4134
-12.328,-7.8171,-4.0902
-21.803,-18.784,5.2061
-4.5128,-3.0866,2.5481
-8.7843,1.4156,-2.4579
-19.701,-15.079,8.3861
-13.238,-9.7504,6.3978
-10.198,-5.8322,1.6162
-5.0287,-4.1529,-3.4291
-9.1427,-4.2096,0.45424
-20.642,-15.306,6.7007
-20.379,-15.448,6.7619
-21.786,-17.123,5.7586
-22.537,-21.253,6.9158
-19.971,-17.535,7.9653
-11.663,-9.302,2.9003
-13.824,-8.1171,2.6703
-2.4416,-3.8828,4.4207
-5.5406,-4.1116,-0.0030759
-10.778,-2.2398,5.3643
-17.279,-14.395,8.3239
-9.8106,-4.8398,0.02072
-21.199,-15.435,7.7121
-19.036,-15.049,9.7283
-9.6009,-6.2853,7.6456
-20.264,-17.748,6.0357
-14.666,-9.1732,9.885
-20.352,-17.275,6.8662
-3.2583,-4.3687,-1.7193
-3.3221,-4.3618,0.73875
-20.029,-15.257,13.254
-12.935,-7.8179,4.498
-9.2091,-5.2206,3.0737
-15.474,-9.9083,8.9369
-21.403,-16.972,5.7969
-19.047,-13.012,9.5868
-2.1625,-3.6773,2.5771
-11.876,-10.81,11.348
-11.714,-8.1907,9.2181
-11.085,-6.8927,4.4291
-19.281,-14.789,8.3836
-1.4254,-3.8431,1.6107
-10.628,-8.3806,3.185
-6.6957,-6.303,5.0618
-21.165,-17.468,4.8719
-18.678,-13.712,10.649
-5.8358,-5.1032,-1.401
-15.733,-6.3086,11.338
-19.149,-14.261,12.681
-14.785,-10.44,8.5233
-14.644,-9.3966,8.5108
-20.229,-15.526,7.8379
-13.824,-8.2543,8.4022
-18.296,-10.712,8.9785
-20.335,-18.666,2.7749
-18.776,-19.464,5.0323
-19.33,-14.658,8.3148
-17.995,-13.338,10.765
-12.192,-7.4858,5.4838
-11.255,-7.2718,8.3154
-6.5174,-4.3946,0.14555
-27.117,-18.328,5.5208
-11.085,-4.1181,3.0651
-17.183,-12.57,9.2004
-19.895,-14.149,8.2972
-8.3951,-4.9773,0.2887
-22.969,-20.425,5.9605
-2.8856,-3.1998,5.2484
-12.567,-6.3095,1.27
-21.007,-21.736,4.9556
-2.5693,-2.5968,3.7442
-11.826,-8.4859,5.0037
-5.3968,-3.4427,1.5933
-3.1845,-5.637,6.5329
-20.6,-13.686,12.604
-20.852,-18.116,4.5232
-6.1459,-2.7475,2.318
-13.304,-6.9407,6.4264
-20.204,-13.264,11.336
-4.602,-7.2113,0.38381
-21.295,-17.837,5.9008
-19.17,-15.954,9.2688
-11.448,-7.849,3.1261
-16.684,-15.55,8.5778
-0.27603,-3.192,7.8299
-17.603,-9.488,7.3431
-12.114,-8.4429,8.0488
-22.875,-14.937,9.6911
-24.183,-13.466,10.208
-18.189,-14.191,9.2609
-11.369,-9.7361,1.5019
-18.026,-16.372,7.0992
-5.4859,-0.96142,5.1324
-7.115,-4.4565,3.4369
-13.044,-7.1324,6.433
-6.3048,-2.9393,1.2726
-17.611,-10.709,14.262
-11.631,-8.0744,6.7525
-13.105,-8.8916,4.5556
-17.528,-12.354,13.635
-22.349,-18.869,4.8814
-8.8541,-5.3809,2.5387
-14.782,-6.0247,6.8508
-8.59,-0.16133,1.2866
-3.0626,-4.1575,5.7234
-25.678,-19.345,7.5485
-16.742,-15.442,4.2987
-10.723,-5.9751,1.3723
-3.8426,-2.987,3.1857
-11.846,-6.7635,4.0383
-10.323,-5.4396,-1.273
-23.313,-18.672,4.893
-11.513,-6.1534,4.323
-11.495,-9.6729,4.3838
-3.9527,-2.9609,2.3043
-19.131,-18.066,6.319
-11.508,-5.9561,3.8039
-13.306,-6.8701,4.7608
-12.944,-6.805,0.64811
-2.8851,-1.0045,6.6562
-9.5365,-5.922,3.8345
-2.8352,-2.0384,3.9818
-19.206,-12.094,6.2336
-12.849,-7.9074,5.8553
-19.565,-15.38,10.399
-20.898,-18.104,5.1396
-13.09,-13.277,11.61
-18.192,-13.747,9.1041
-17.251,-10.464,5.3633
-2.2553,-3.6131,4.8765
-20.136,-16.747,5.9197
-6.2801,-3.1462,-0.89969
-17.561,-14.48,9.7268
-24.245,-19.144,3.7385
-10.439,-5.9446,6.6306
-5.2895,-1.4109,3.8873
-15.557,-9.4272,9.9581
-8.6319,-4.3329,0.7193
-17.154,-12.41,10.41
-15.754,-9.0243,8.1896
-22.995,-17.271,7.3094
-16.114,-10.157,8.7392
-19.528,-19.374,8.0921
-1.5021,-2.732,5.3282
-9.3462,-4.094,2.1004
-10.316,-7.2664,6.1721
-9.5077,-4.9838,2.0895
-2.3133,-2.5164,5.2681
-14.392,-5.8126,7.1508
-13.239,-7.4393,6.2157
-9.7156,-0.80105,-0.38676
-10.405,-5.7685,2.5912
-13.586,-6.3419,-0.047087
-8.2087,-4.5524,0.28267
-2.2187,-2.3906,4.304
-8.3247,-4.1513,0.99394
-17.336,-13.49,10.249
-12.61,-8.146,4.8388
-9.1269,-7.1833,-1.3065
-9.6874,-3.7034,2.5238
-4.6904,-3.0153,2.1633
-2.2195,-0.61121,0.74182
-4.8464,-9.0991,2.553
-5.8776,-4.2473,0.69671
-15.273,-7.8886,9.6275
-8.9357,-2.9972,2.2543
-8.0572,0.81984,-0.33919
-21.214,-18.43,5.2497
-20.898,-17.713,5.7568
-22.314,-12.673,7.1442
-23.237,-21.206,5.2012
-15.725,-14.48,10.845
-15.583,-16.689,9.1134
-19.445,-15.182,8.8522
-20.444,-15.23,12.32
-11.033,-5.6438,1.1378
-16.618,-8.6251,10.376
-13.718,-8.7554,8.3434
-22.947,-19.865,1.744
-10.463,-5.8375,1.4666
-10.325,-5.2374,1.4741
-14.093,-12.287,5.5365
-24.272,-11.222,8.6652
-3.718,-2.917,-0.76477
-23.753,-16.41,6.0963
-4.8516,-1.3567,0.46698
-6.0719,-2.473,1.1799
-17.083,-11.267,7.8674
-21.673,-17.178,8.7347
-20.426,-17.264,7.4858
-10.938,-5.293,4.1523
-11.995,-6.2344,2.5284
-0.62176,-5.3304,1.9513
-16.984,-12.824,9.3192
-25.396,-19.987,5.5394
-18.607,-15.296,10.38
-10.809,-4.3087,1.9814
-9.1792,-5.4179,1.4015
-3.2778,-3.7329,2.9944
-13.786,-5.3767,3.1233
-23.562,-18.561,5.5738
-6.7588,-5.3612,-1.4074
-21.892,-12.19,6.457
-5.0909,-2.2751,2.0094
-14.195,-6.1861,7.844
-19.194,-15.713,9.7224
-0.69678,-2.3267,4.1623
-6.2586,-5.0409,-1.6515
-12.568,-7.6924,5.6534
-14.813,-10.485,11.715
-15.578,-13.579,9.4076
-21.581,-17.899,7.7688
-14.748,-15.233,11.473
-13.048,-8.3148,3.0478
-23.031,-14.576,9.9703
-8.3484,-4.0967,1.1582
-10.33,-6.3922,1.8718
-8.9594,-5.6248,-0.3189
-19.677,-15.368,7.3867
-18.956,-16.299,8.4921
-21.507,-18.056,6.0567
-20.357,-17.642,7.3417
-11.099,-6.4596,2.6293
-20.347,-12.104,8.7749
-14.158,-9.9151,9.1545
-23.668,-17.366,3.1554
-22.197,-17.413,3.4699
-17.826,-11.662,9.9267
-12.28,-7.4507,7.4243
-6.2947,-3.0947,2.7861
-5.9646,-3.831,-1.4068
-14.29,-5.3756,12.842
-21.471,-16.788,5.6045
-12.275,-9.4018,2.8879
-5.9613,-0.40272,2.9256
-22.444,-19.938,7.5476
-5.9402,-4.9195,-2.6603
-6.3376,-4.1729,-0.05165
-19.535,-16.665,7.2274
-14.179,-10.667,8.9306
-17.232,-10.867,11.496
-19.539,-15.138,9.2984
-21.642,-17.242,7.2479
-10.89,-8.9775,5.8651
-12.501,-3.4119,3.3933
-16.839,-11.017,11.115
-18.056,-13.878,9.0636
-4.9787,-2.9695,0.27434
-14.217,-9.4746,13.814
-17.77,-9.7359,7.3701
-6.8124,-6.8823,-1.3325
-5.2955,-4.4229,1.4504
-4.368,-5.0165,0.55407
-15.997,-8.9986,7.9951
-10.461,-1.7048,-4.2126
-21.348,-19.632,6.2494
-12.383,-6.6959,6.2348
-16.225,-8.6533,9.2281
-6.155,-6.0925,1.397
-19.913,-15.804,6.0432
-9.3797,-4.7974,0.29885
-1.2459,-4.2975,3.2968
-21.983,-19.465,6.844
-3.3836,-2.4155,3.4779
-13.917,-7.1861,6.7583
-12,-6.6178,0.88247
-8.5933,-5.0392,-1.5329
-23.267,-18.615,8.8734
-24.39,-20.944,2.8507
-6.0455,-4.8844,2.3686
-14.878,-9.4098,5.6952
-11.734,-8.1087,5.2066
-13.158,-8.0455,6.9612
-1.2132,-5.0361,1.0769
-21.2,-12.415,7.6469
-10.191,-6.5712,2.4202
-13.886,-8.5817,7.0325
-6.6686,-5.1572,7.151
-8.7454,-5.1551,1.8548
-8.2903,-1.6752,-0.61964
-22.014,-18.377,5.5425
-6.1095,-4.0501,0.13827
-19.079,-14.796,6.4029
-12.689,-7.9461,6.2301
-16.958,-12.715,10.431
-5.4014,-4.3542,0.96032
-11.929,-3.673,3.8438
-7.3613,-4.0008,-0.86839
-16.843,-9.5882,8.0979
-9.144,-3.834,1.0446
-8.464,-4.2649,0.89011
-12.723,-6.9127,5.2822
-22.473,-18.928,5.4161
-12.103,-7.5373,5.9743
-1.787,-0.2171,3.5029
-2.8828,-3.38,2.3573
-9.2516,-6.2707,2.0717
-17.26,-13.014,9.1565
-0.98995,-1.9926,6.0959
-22.625,-16.736,3.2989
-13.594,-7.154,6.631
-21.503,-17.489,11.997
-4.439,-2.9512,3.7726
-11.933,-5.3605,2.4335
-19.416,-15.499,6.5377
-19.142,-17.9,10.069
-14.221,-9.5634,7.2628
-10.929,-7.3515,4.4569
-19.419,-14.815,8.2604
-14.998,-14.381,7.5472
-4.8955,-2.7501,3.0644
-4.9714,-3.5681,3.0366
-23.199,-17.905,5.3833
-1.447,-4.1822,5.1364
-6.4377,-3.8967,1.9002
-19.291,-14.944,8.3139
-2.5293,-4.7224,5.2371
-23.953,-19.497,4.6124
-12.681,-8.7662,6.1147
-4.8148,-2.888,1.024
-8.3817,-3.8862,1.1426
-4.0077,-1.2315,0.11692
-7.0487,-3.2731,0.011201
-1.4476,-6.9292,-0.32482
-11.096,-7.3355,5.989
-9.6042,-5.293,-0.12264
-18.744,-14.029,9.5565
-11.422,-5.8223,3.274
-9.6085,-5.6226,0.79941
-11.939,-5.9229,2.9305
-2.2705,-3.155,3.6912
-9.4988,-4.7886,1.952
-1.9175,-0.17973,6.2961
-14.369,-6.8893,6.0301
-22.617,-20.394,5.2576
-10.198,-5.818,3.1602
-15.575,-8.7858,7.6796
-3.5889,2.2878,4.6963
-5.2273,-4.4684,1.1917
-5.5801,-4.4282,-1.7542
-5.9751,-7.2603,-1.5
-20.432,-18.306,5.4524
-11.868,-5.5945,2.8914
-23.84,-20.566,4.9185
-15.715,-14.64,6.2356
-15.768,-10.611,9.9518
-5.8668,-2.9404,0.69582
0.85396,-4.7663,6.2704
-19.843,-19.504,3.7616
-8.9571,-9.8946,2.1945
-20.451,-15.585,4.152
-3.6061,-2.9776,-2.6743
-11.295,-6.74,1.6826
-11.718,-13.619,8.7158
-14.092,-11.447,4.8631
-10.085,-5.2835,2.6842
0.34674,-4.8574,3.9919
-5.6078,-3.2436,0.13111
-22.527,-19.013,5.3837
-4.2502,-2.5661,1.765
-12.318,-6.9848,4.3826
-20.914,-17.95,7.3701
-7.1272,-5.0586,-0.65713
-19.681,-10.395,8.2764
-20.712,-14.787,7.1096
-5.6453,-5.0183,2.1093
-18.117,-13.597,9.5919
-17.594,-13.536,9.039
-8.717,-4.9374,1.0725
-10.293,-6.1698,2.155
-6.4945,-7.1781,-1.2202
-8.8297,-2.1633,2.395
-4.3481,-4.9249,3.4677
-3.0753,-4.0171,4.2816
-17.664,-13.991,10.854
-2.9021,-2.216,3.8773
-15.815,-8.4783,8.4575
-3.8209,-3.6647,2.6274
-16.768,-13.043,9.028
-14.64,-5.7872,4.8203
-12.013,-14.57,5.6207
-4.3894,-4.1532,1.0503
-6.6103,4.0102,-1.0665
-4.6409,-7.364,-0.91853
-21.551,-16.991,10.264
-14.272,-11.538,5.9505
-20.399,-14.429,7.1652
-19.215,-16.28,7.5934
-20.361,-15.368,8.1859
-9.9431,-5.1059,1.9797
-12.51,-7.4191,4.0817
-12.586,-9.7553,7.596
-15.559,-4.535,11.963
-22.743,-18.994,5.4713
-21.129,-18.364,5.1462
-20.463,-18.535,5.4599
-3.5801,-3.4,-0.17617
-21.82,-17.578,4.34
-4.2506,-3.6595,3.9148
-3.4389,-2.1136,1.9346
-10.95,-10.824,10.407
-20.968,-17.741,9.6661
-11.082,-6.4336,3.9467
-14.552,-8.8678,8.0973
-6.5674,-4.6547,-0.22341
-15.846,-14.439,6.3346
-22.3,-16.758,7.1388
-3.4274,-4.1287,2.0073
-11.064,-5.424,3.9206
-6.5953,-3.9881,-0.16286
-11.068,-7.0352,-2.3844
-21.222,-13.389,6.5639
-3.1815,-1.8314,2.3139
-12.8,-6.2949,5.286
-23.052,-17.673,6.2972
-20.253,-15.077,5.462
-23.18,-15.034,7.1536
-18.303,-15.583,8.8272
-6.157,-3.6675,-2.1064
-8.045,-4.3559,0.31527
-7.694,-6.0371,1.3038
-11.178,-5.707,1.3909
-16.769,-11.393,9.6695
-6.463,-4.919,-0.37618
-18.867,-12.588,9.2544
-19.328,-12.554,6.7458
-18.362,-17.369,12.196
-21.468,-17.853,6.3043
-9.4758,-5.6479,2.2025
-3.6839,-4.5943,2.441
-3.4784,-2.4291,1.9981
-8.2641,-2.7535,0.47591
-20.864,-17.082,9.6389
-23.964,-19.604,5.172
-8.3652,-5.7732,-0.16682
-17.292,-10.662,9.2821
-9.8806,-6.9845,9.3364
-20.628,-16.332,5.4959
-14.242,-6.799,6.9867
-13.146,-8.861,8.2177
-26.437,-22.397,6.1069
-11.952,-7.1481,1.637
-21.569,-18.946,4.1632
-12.079,-2.8621,5.9304
-9.6956,-5.6812,1.2288
-6.1205,-2.5667,2.6519
-18.02,-14.461,10.319
-17.176,-12.513,11.714
-14.206,-8.321,8.9162
-20.808,-18.677,5.3215
-2.8434,-3.5212,2.3255
-16.108,-10.431,10.564
-17.656,-15.047,13.518
-19.248,-16.238,4.7911
-14.842,-8.1513,7.1956
-16.62,-10.361,9.3347
-16.981,-6.8178,10.005
-3.4212,-8.909,2.7776
-8.7858,-6.0408,1.4178
-22.181,-18.08,7.8163
-4.3184,-2.7282,3.2987
-9.9001,-5.7566,0.46411
-7.2075,-4.0827,0.99959
-0.85323,-3.3562,2.6033
-5.0261,-3.3662,-1.34
-0.41587,-3.832,4.3679
-10.05,-6.4076,-0.28615
-14.713,-16.69,9.8946
-8.3817,-3.9626,0.15141
-7.695,-7.0954,2.4999
-12.447,-7.2279,5.8753
-16.328,-10.267,7.0702
-9.9206,-1.1827,0.12638
-20.958,-18.701,4.117
-20.743,-22.029,5.8969
-20.933,-16.559,4.819
-12.279,-7.1501,5.9552
-19.58,-16.124,10.028
-2.3363,-5.3705,6.4425
-5.3257,-3.2258,0.63249
-16.086,-18.395,9.3467
-21.391,-18.07,5.5892
-14.168,-5.1388,-0.33183
-3.8509,-3.647,3.4974
-7.4145,-1.713,0.20312
-8.6297,-5.4092,0.541
-14.606,-9.3346,8.9678
-6.3028,-6.767,-0.57718
-3.993,-2.6834,2.8318
-21.294,-16.968,4.2293
-22.258,-13.747,3.803
-13.653,-7.8366,5.5199
-3.3446,-4.935,4.077
-15.486,-10.323,8.2496
-16.43,-8.274,9.7403
-17.849,-9.8398,7.481
-19.797,-13.639,10.99
-14.651,-10.997,10.838
-15.703,-12.13,9.0205
-22.916,-18.819,4.6287
-20.914,-18.941,7.0474
-4.8119,-3.6496,0.75677
-2.6025,-0.39518,-2.9052
-7.7798,-1.785,-0.23705
-4.2509,-1.8738,3.8441
-17.481,-17.056,9.0556
-8.3793,-3.3097,0.29912
-8.589,-4.9866,0.053759
-2.1109,-1.8314,5.7321
-12.72,-6.7802,3.6497
-8.2648,-8.4705,4.837
-14.206,-8.0073,6.3961
-5.8859,-1.9436,0.60023
-21.234,-19.108,5.6383
-13.744,-8.4287,-0.76174
-9.3537,-5.857,1.6406
-12.454,-6.5749,5.6291
-11.971,-6.6515,6.382
-5.3417,-2.2406,1.3289
-2.9068,-3.8381,2.4419
-13.613,-10.249,12.6
-12.198,-6.7234,5.9371
-5.0024,-4.5686,0.69705
-0.16589,-6.4429,3.3918
-12.656,-8.4272,8.1811
-19.324,-13.346,9.0385
-13.335,-7.2748,7.6363
-21.768,-19.245,4.9231
-8.4015,-8.3293,1.9501
-2.3968,-8.9887,6.1069
-18.165,-21.329,4.9228
-17.434,-11.613,9.0648
-12.691,-7.1489,6.6609
-1.1123,-2.5774,7.6296
-2.4624,-2.4836,4.9045
-0.9031,0.50947,3.6753
-19.174,-13.778,10.699
-11.678,-11.973,3.5033
-8.3592,-5.07,0.20141
-11.64,-6.7733,4.5827
-14.791,-6.4045,3.446
-10.539,-5.8811,2.219
-4.9755,-3.4233,0.92875
-13.191,-4.8952,6.9247
-22.408,-17.937,3.9145
-1.7969,-3.4687,5.1155
-23.209,-18.075,10.209
-15.024,-10.285,8.1901
-18.112,-14.679,-1.9421
-4.0447,-7.5012,2.1877
-20.524,-16.705,10.771
-22.751,-17.476,8.3508
-14.227,-7.7026,6.1268
-1.4984,-2.8089,5.4973
-14.779,-14.736,13.262
-1.8067,-3.7321,4.2807
-6.0014,0.21847,3.7002
-9.1833,-4.9252,0.91895
-6.6953,-5.2583,0.2782
-19.955,-15.422,13.211
-12.076,-4.5319,3.1078
-1.5089,-2.6182,6.78
-4.4147,-7.6673,3.5575
-20.081,-16.256,6.4302
-13.017,-10.181,8.4667
-2.1229,-2.6762,0.10798
-7.085,-2.7327,3.5682
-16.097,-9.2519,8.8529
-6.1901,-3.1685,4.9802
-19.306,-13.801,6.318
-17.634,-14.143,7.5772
-15.536,-8.9289,5.5507
-4.9361,-11.772,-1.9276
-12.52,-8.46,-3.2819
-0.97372,-2.8359,5.8925
-3.4333,-5.4368,4.2587
-9.591,-5.1564,2.9205
-4.3527,0.66947,0.94046
-20.918,-18.163,7.1036
-20.064,-18.395,4.1597
-6.2228,-6.2198,-1.9042
-18.516,-12.942,14.655
-14.554,-9.3299,8.8129
-23.917,-19.397,7.0299
-4.9348,-7.8187,-0.87531
-19.668,-18.28,3.921
-2.8153,-2.8326,4.3387
-12.923,-8.4772,4.5632
-24.362,-20.783,7.7426
-4.5742,-3.6698,1.0627
-8.5306,-3.5266,3.3626
-1.9715,-1.138,-1.7545
-3.4795,0.62272,-1.1566
-11.21,-7.7414,0.9328
-9.3204,-3.7874,1.0735
-4.1225,-3.3163,2.7539
-5.8632,-3.3809,0.65237
-16.656,-12.484,9.5547
-17.579,-12.347,9.6964
-23.188,-17.848,5.7568
-21.723,-17.01,7.4552
-17.448,-13.385,12.552
-3.6269,-4.8715,4.9483
-13.929,-7.7372,6.3792
-9.6709,-3.9227,4.0523
1.8613,-3.8017,4.5351
-16.163,-12.402,10.572
-3.6108,-3.2222,2.5602
-20.043,-14.064,6.755
-12.966,-5.2754,12.522
-24.497,-20.234,6.0689
-21.049,-19.838,5.9625
-12.622,-7.3029,5.9598
-22.265,-15.904,8.5854
-14.181,-9.7652,8.3823
-10.899,-4.2935,-6.5151
-13.155,-6.0276,5.021
-14.8,-9.3977,10.311
-14.55,-10.158,2.8932
-4.1251,-2.0767,0.42704
-21.787,-14.884,6.6968
-8.192,-4.3203,-0.34556
-7.0853,-0.15106,-0.57656
-5.8622,-2.4625,0.59112
-17.78,-8.8952,8.3834
-3.92,-3.5711,2.2384
-4.4006,-7.0706,6.6747
-19.18,-10.734,7.9896
-1.4124,-7.0724,5.9902
-23.274,-21.431,2.1561
-19.494,-15.487,8.238
-12.14,-13.124,8.9286
-2.1882,-1.6189,4.5701
-20.853,-16.362,5.4815
0.70599,-4.8221,2.6678
-3.2136,-2.4661,2.7197
-6.1525,-4.4478,0.51026
-20.372,-18.681,4.6102
-16.84,-11.798,10.694
-10.276,-5.8809,3.3683
-22.661,-18.61,5.5845
-23.75,-23.724,5.6264
-3.1771,-2.8808,2.1992
-7.9899,-4.7214,-0.038006
-13.135,-9.1387,7.7531
-19.125,-13.584,9.1449
-15.061,-3.1852,2.0161
-17.426,-12.866,9.8791
-9.5594,-2.1219,3.017
-11.006,-7.22,4.812
-18.481,-15.039,9.5446
-21.784,-17.374,9.7088
-17.308,-15.203,7.8917
-7.5033,-4.7599,1.5571
-5.0016,-4.1151,0.80044
-20.048,-20.32,7.8668
0.05504,-3.3589,2.1375
-20.669,-15.573,8.5529
-22.03,-20.411,6.0786
-9.9737,-6.462,2.1397
-2.4516,-3.8774,3.7649
-19.546,-15.319,6.6105
-21.016,-15.12,7.7001
-11.651,-8.3407,5.9188
-11.724,-8.1829,4.3316
0.69149,-6.9634,5.9343
-19.183,-14.646,7.3334
-22.031,-18.096,7.4334
-21.074,-18.503,5.3065
-3.9657,-4.8154,2.592
-4.3297,-2.017,2.0926
-21.004,-17.683,6.075
-17.645,-12.543,10.385
-26.093,-20.105,6.6298
-18.596,-18.464,11.362
-16.086,-12.415,9.7332
-22.413,-17.917,5.4124
-8.4248,-4.8091,4.9107
-11.745,-12.696,9.1334
-3.5,-3.9998,3.2356
-10.01,-4.6944,1.5764
-22.615,-17.98,6.1999
-19.549,-21.326,4.967
-1.1415,-4.0507,5.8202
-10.897,-5.3125,3.0205
-15.904,-6.1794,5.9255
-7.5878,-6.3242,4.8387
-5.1703,-2.6565,1.3076
-20.931,-17.504,4.5491
-20.963,-17.546,4.8241
-21.65,-19.595,3.4184
-20.326,-16.088,9.4033
-11.269,-7.7437,12.098
-11.151,-6.2151,2.9038
-14.18,-8.9141,7.4
-3.602,0.11131,9.4935
-11.247,-6.3129,3.8541
-11.258,-9.8186,7.2746
-20.576,-18.929,2.9886
-20.529,-18.733,5.3543
-20.411,-15.319,6.7936
-14.87,-9.1539,8.7909
-18.219,-11.313,9.9352
-1.7852,-2.8901,4.7807
-14.671,-8.5979,6.5661
-20.667,-15.361,6.9991
-20.902,-17.043,7.9009
-9.1673,-4.091,6.8826
-14.411,-8.0623,7.1203
-21.292,-20.279,2.4607
-18.891,-17.379,10.281
-6.3665,-1.3893,2.1506
-19.437,-17.411,7.9851
-18.153,-15.762,8.4279
-2.9235,-3.3043,4.2599
-20.926,-18.923,4.691
-11.522,-7.8001,4.2926
-14.078,-7.2757,-0.73397
-8.9884,-6.9796,0.82032
-7.4726,-6.8525,4.2176
-16.36,-8.9618,10.107
-2.8404,-3.9974,1.9735
-16.272,-6.0126,7.3201
-2.8946,-3.0559,5.5386
-20.792,-17.378,7.5439
-8.9814,-4.7061,0.93407
-5.3014,-2.7099,0.097124
-6.8372,-4.3379,-0.50897
-10.099,-5.7689,2.0604
-20.76,-16.944,6.1527
-13.641,-8.4172,4.4301
-20.965,-17.134,8.3927
-6.5553,-5.1873,1.5738
-0.10742,-2.5813,10.085
-4.4376,-2.1916,0.43562
-4.8224,-4.1422,0.88441
-17.229,-13.126,9.874
-14.587,-13.747,10.629
-20.868,-14.245,6.3672
-21.24,-18.291,6.5622
-6.0287,-3.3827,-0.050341
-12.806,-7.0071,8.461
-11.368,-5.7295,3.4464
-16.318,-10.642,9.511
-16.411,-11.245,10.496
-3.8202,-3.9585,2.2203
1.4563,-2.5568,2.0652
-18.138,-18.541,5.0109
-3.6536,-1.0175,3.2935
-4.889,-3.32,2.0165
-15.317,-7.1677,6.4715
-1.8536,-3.9154,3.9133
-0.9542,-5.8391,7.9507
-20.68,-15.891,8.1698
-13.767,-10.545,8.1827
-17.663,-11.89,9.4906
-22.493,-15.157,2.4806
-20.251,-17.894,6.3301
-3.1541,-2.5915,3.2108
-3.3793,-3.2837,2.9479
-14.678,-8.6024,10.248
-2.5853,-3.0595,1.6307
-6.6274,-3.332,0.98972
-22.428,-17.945,5.0699
-11.307,-7.4454,3.0611
-7.9476,-5.515,1.9931
-8.2631,-5.3055,2.9951
-18.497,-6.0543,7.8415
-2.1281,-0.89133,3.2435
-12.261,-4.2672,-2.539
-6.442,0.24069,2.8609
-12.593,-9.0258,9.0778
-4.1015,-0.65103,-0.25815
1.1579,-2.5692,4.4291
-17.784,-14.011,11.058
-1.8026,-3.0017,4.0661
-13.921,-8.6103,7.9233
-4.4057,-2.8496,1.6355
-20.074,-16.467,9.1166
-13.99,-8.584,7.8926
1.7317,-3.2524,6.4343
-17.797,-13.177,10.628
-13.733,-8.6365,7.8492
-14.071,-6.1634,4.5367
-21.694,-14.999,9.082
-5.0281,-4.4216,0.62911
-9.9094,-7.5056,6.214
-21.449,-17.787,4.4183
-9.3587,-4.3814,0.92268
-22.154,-16.193,6.9112
-9.8333,-9.6682,5.776
-19.935,-16.297,10.853
-6.0481,-2.5557,-2.5142
-21.37,-17.723,4.7102
-22.39,-18.057,4.846
-4.5292,-2.4284,-0.23555
-11.843,-6.6758,5.4257
-22.179,-17.224,5.6684
-14.563,-10.204,7.3848
-2.9406,-2.7575,5.2417
-9.6741,-7.9061,1.5167
-12.376,-3.3389,0.76733
-12.6,-8.3398,7.1984
-12.029,-9.2218,6.9491
-4.5582,-2.2668,0.45234
-9.6301,-4.421,0.3289
-16.912,-10.654,10.399
-13.823,-8.1044,6.0871
-3.1216,0.76146,5.5328
-8.1725,-5.5867,1.7029
-4.455,-3.7671,2.9913
-20.833,-16.162,6.1718
-15.533,-10.862,8.9812
-4.8847,-1.6676,2.0417
-8.5043,-4.2219,-0.45024
-0.91333,-2.8844,6.4666
-24.688,-17.505,7.5513
-10.039,-4.6557,1.5653
-1.6283,-2.8745,5.1804
-13.723,-6.5798,8.2779
-18.665,-18.265,9.5567
-4.3936,-2.7667,0.34553
-7.583,-4.7407,-0.6229
-20.496,-14.038,6.8746
-20.039,-17.594,7.355
-16.026,-12.689,9.196
-21.383,-19.744,5.8223
-0.81618,-3.2868,4.7864
-8.7673,-2.4653,3.3785
-21.941,-16.94,8.7479
-28.966,-19.464,9.7902
-11.427,-6.0632,3.0271
-2.6208,-2.4735,4.2189
-19.412,-13.321,9.4205
-15.616,-16.023,8.3044
-7.8113,-5.0666,1.5501
-10.641,-6.777,3.7683
-21.816,-19.549,4.5703
-9.192,-2.586,0.63728
-23.229,-19.216,4.5858
-7.9267,-5.2532,1.3236
-9.0723,-4.7785,1.479
-17.455,-12.983,9.076
-7.8578,-5.1734,0.7221
-18.193,-13.772,9.5775
-11.605,-6.0161,2.8019
-6.7055,-3.5348,2.0265
-6.0514,-3.4819,5.4673
-20.76,-16.929,8.2515
-11.939,-2.9098,5.7107
-7.0996,-3.6461,-0.62574
-5.5887,-4.9808,1.0846
-27.409,-19.81,0.78806
-9.7082,-3.623,1.9628
-10.147,-4.1537,1.0023
-17.467,-11.264,11.735
-6.8615,-4.2126,0.99778
-5.7859,-3.8722,0.43936
-0.2372,-1.8698,-0.38
-11.793,-6.5663,4.0516
-15.423,-3.7589,-1.9354
-11.804,-7.7089,3.0637
-8.2983,-6.1035,0.13236
-17.617,-12.894,9.7882
-6.1764,-2.0808,2.7445
-2.0383,-3.9249,4.8208
-18.531,-12.105,5.6355
-2.8476,-2.8684,2.916
-20.095,-17.722,6.5167
-20.125,-16.357,7.1842
-2.4842,-5.804,-2.1543
-12.343,-7.0464,6.1441
-18.481,-13.782,6.8984
-22.236,-17.655,7.7759
-18.197,-17.6,4.9713
-1.459,-2.1057,4.864
-12.059,-7.9319,6.5597
-5.3577,-8.1312,-5.0047
-12.182,-10.027,4.8203
-12.709,-6.5201,5.5931
-20.563,-18.585,6.7556
-9.2752,-8.6158,4.1262
-6.0474,-3.9178,0.7448
-18.467,-9.2377,11.276
-16.663,-10.863,9.5403
-8.9147,-4.0209,5.6119
-5.8169,-3.2983,-0.13673
-21.012,-16.918,7.9397
-1.3413,-2.9212,5.3778
-20.987,-10.096,5.2068
-22.097,-15.678,5.8615
-11.877,-8.6081,5.9925
-11.011,-6.7978,5.2755
-21.095,-20.697,6.7475
-21.593,-15.131,7.2691
-13.63,-9.7977,6.692
-24.763,-14.589,6.2218
-11.396,-7.9875,6.9394
-19.597,-14.923,8.8716
-7.0022,-1.4525,1.2579
-20.646,-17.998,7.7903
-11.458,-6.1111,3.3881
-3.362,-3.1995,3.7169
-18.129,-16.253,6.9799
-24.508,-22.175,8.4459
-10.797,-7.4133,3.1582
-4.3085,-0.81126,-1.1899
-14.713,-7.915,6.5498
-17.144,-13.12,10.693
-15.533,-5.9486,9.2525
-5.9897,-6.2819,7.8137
-16.109,-8.8927,9.6612
-5.8758,-3.0631,-4.0473
-17.789,-18.931,7.6271
-19.577,-13.567,8.1133
-17.901,-14.335,11.125
-8.45,-3.0887,2.298
-12.921,-6.7653,7.6395
-10.975,-5.196,2.2784
-7.2932,-4.6728,0.49849
-15.336,-10.289,6.1774
-7.6795,-7.3382,9.987
-8.8658,-5.608,0.84384
-11.742,-7.9246,8.5435
-19.826,-15.327,9.0201
-12.638,-9.3127,10.515
-8.7928,-4.8977,1.3081
-12.011,-7.684,3.6037
-24.423,-20.451,4.0511
-16.88,-11.312,8.5944
-12.627,-7.9855,6.3537
-17.267,-9.0787,12.63
-17.84,-14.983,10.237
-8.6929,-4.8937,0.37911
-13.06,-7.1183,5.0718
-20.538,-16.202,5.7767
-9.8952,-7.454,5.2698
-1.2831,-2.9233,5.6728
-22.462,-18.392,8.0163
-4.6126,0.10137,9.5715
-22.534,-18.212,3.9955
-18.111,-14.306,10.135
-16.801,-12.53,9.5944
-16.519,-11.247,5.8162
-20.805,-14.911,5.4951
-9.6885,-8.3533,5.8433
-19.376,-13.473,6.3775
-1.9695,-2.6635,5.0694
-22.223,-15.931,4.0492
-8.4192,-4.6696,-0.75491
-3.0521,-3.6996,2.1238
-17.438,-11.289,8.8507
-21.895,-19.487,9.6709
-13.423,-7.7789,7.7916
-16.573,-12.773,9.8695
-20.887,-15.813,4.4382
-19.373,-15.176,8.87
-8.3045,1.554,0.30141
-10.435,-6.6221,7.3229
-21.539,-16.317,6.9028
-8.2726,-1.965,6.7316
-1.892,-4.4597,4.7959
-9.835,-6.3347,1.4294
-3.9971,-3.5162,2.8459
-9.5314,-3.874,3.1754
-17.883,-13.345,10.163
-16.627,-11.426,9.7336
-16.089,-15.321,5.9212
-23.972,-15.625,6.8207
-4.4265,-3.9413,1.881
-23.891,-22.297,5.7709
-13.167,-11.428,6.313
-18.259,-11.919,9.2646
-14.531,-7.0889,6.5348
-7.1744,-4.536,-0.064537
-9.2336,-5.5982,2.0716
-19.51,-16.607,7.664
-2.7157,-3.5615,4.4455
-2.4367,-4.6286,5.5964
-11.248,-6.352,6.4716
-9.905,-7.7184,2.7967
-17.669,-9.0379,7.6737
-21.311,-16.752,6.9758
-3.3879,-3.3685,1.7372
-1.4284,-2.6831,5.0346
-15.998,-15.109,7.6674
-5.2607,-4.9475,-0.0044425
-9.4766,-5.4091,3.6724
-6.5634,-4.6536,-1.5322
-14.326,-7.5732,7.6195
-8.5467,-0.2359,-0.38314
-2.0436,-3.1249,4.1732
-3.3532,-3.674,2.9023
-1.6383,-3.4349,4.4163
-3.1133,-2.7239,2.8343
-18.314,-14.591,8.4347
-11.73,-6.1782,6.3745
-16.476,-9.6764,4.9159
-3.7004,-3.6249,2.2132
-21.537,-17.755,6.8176
-9.5907,-5.9205,0.41642
-1.5839,-4.0931,-1.3669
-12.35,-3.9489,2.807
-3.8197,-1.8162,1.9513
-23.59,-18.334,7.2362
-17.979,-12.391,9.4083
-12.237,-7.9804,5.9212
-5.4809,-4.1103,2.4828
-18.425,-14.069,9.3225
-21.268,-16.509,10.068
-9.4966,-4.3644,0.68534
-2.7682,-3.0881,4.1129
-18.735,-12.892,10.144
-4.5361,-3.5819,0.87638
-22.408,-18.812,6.5114
-20.979,-18.82,5.1991
-19.126,-16.368,6.3179
-3.2489,-2.8325,2.2816
-4.8384,-4.076,0.057556
-12.206,-7.8208,5.2299
0.35144,-1.0907,-0.012684
-15.297,-11.329,6.5105
-3.3318,-2.7696,4.5678
-11.462,-5.5299,2.5784
-3.1038,-2.3631,3.4525
-7.6436,-3.7556,-3.5032
1.3955,-5.6841,1.7806
-17.718,-6.2669,9.5557
-2.3296,-4.1035,5.2123
-23.741,-19.397,6.2169
-3.8049,-1.9285,2.2318
-13.698,-8.9648,6.925
-13.72,-10.603,7.7135
-8.7971,-2.8427,0.21688
-17.588,-11.165,9.0862
-11.09,-3.2611,7.4814
-3.6019,-3.0729,-1.0291
-9.1816,-2.1905,1.0519
-7.7982,-4.3538,1.3899
-14.248,-8.8532,7.1211
-12.579,-7.4271,4.0802
-15.441,-9.3521,7.6453
-16.64,-11.916,10.555
-4.3598,-1.6503,1.9458
-3.4715,-3.3245,3.0414
-22.909,-20.233,4.2569
-2.5102,-2.3149,5.2688
-18.932,-14.382,8.853
-11.85,-9.4734,7.7839
-0.7698,0.097122,2.2892
-1.2485,1.0069,11.087
-6.5156,-4.4184,5.0693
-14.528,-9.4409,7.7205
-0.035074,-0.024887,0.012372
-23.444,-18.36,6.6266
-15.535,-17.383,10.92
-17.079,-11.937,10.429
-19.66,-14.714,9.6574
-22.719,-18.998,4.8045
-19.621,-17.811,3.0473
-9.9446,-6.5094,2.8473
-12.555,-7.4511,6.1881
-8.0543,-7.6982,2.2993
-20.204,-16.321,6.952
-14.955,-8.6645,7.2133
-21.716,-14.71,5.8688
-15.309,-5.2334,3.8028
-9.7074,-2.5465,4.3421
-15.873,-7.6858,0.70523
-17.319,-12.451,11.478
-2.3626,-7.2371,-1.6275
-12.892,-10.101,6.4204
-22.468,-15.493,5.9366
-8.3009,-3.6227,4.9996
-16.363,-12.46,11.734
-8.0109,-2.9937,-0.16615
-5.3753,-4.0733,0.20134
-7.5388,-4.6103,2.0201
-9.7389,-5.7254,4.2699
-18.961,-13.859,8.6057
-18.825,-13.798,10.924
-11.07,-5.2403,3.0036
-16.838,-12.559,10.42
-12.689,-6.8612,7.8418
-20.822,-16.716,10.838
-7.9768,-4.8715,0.90962
-10.821,-8.0103,8.1994
-5.5548,-2.3376,0.26065
-17.749,-16.048,10.783
-19.471,-23.928,4.4297
-21.745,-20.746,3.5165
-21.806,-14.959,5.7297
-13.26,-7.5445,6.4619
-3.4485,-2.6222,4.6008
-16.772,-7.8053,5.6968
-14.664,-6.1141,0.71346
-20.253,-16.868,5.7144
-21.61,-17.968,5.6189
-6.129,-1.964,2.4219
-13.397,-9.798,8.3075
-0.4358,-4.4068,5.1459
-18.868,-14.956,6.5733
-14.797,-8.9743,12.274
-21.959,-18.437,5.6362
-14.397,-7.1853,7.8144
-5.271,-3.5847,3.1604
-22.997,-17.028,5.5954
-17.04,-16.637,9.0854
-17.996,-12.454,9.7198
-23.132,-11.169,5.2631
-2.8266,-4.4354,2.0974
-17.909,-18.43,6.5654
-10.903,-9.0982,10.808
-21.801,-13.592,11.806
-20.15,-15.347,6.1928
-13.139,-2.4341,-0.78499
-22.976,-20.512,6.5514
-4.7663,-2.2486,0.69765
-0.95209,-5.9807,4.8978
-4.7076,-4.3441,2.2807
-12.5,-4.9232,4.5118
-23.13,-21.461,3.315
-21.276,-16.185,5.0087
-22.149,-19.799,5.8878
-10.98,-5.306,-0.37565
-25.012,-16.168,5.6615
-7.5334,-7.2927,3.8559
-18.072,-11.889,9.9293
-9.728,-4.9557,0.81818
-11.496,-6.9679,11.17
-18.585,-19.973,13.133
-11.073,-6.6461,3.0933
-18.675,-14.125,9.3653
-8.818,-4.9451,1.3925
-21.188,-18.711,6.7504
-13.25,-10.341,9.6021
-13.959,-8.0138,8.084
-22.624,-19.733,5.6368
-11.943,-8.3975,7.0187
-21.68,-17.307,10.087
-3.4205,-3.598,3.2359
-14.571,-9.4715,8.3314
-18.777,-14.251,9.1943
-14.037,-7.7845,8.6741
-18.915,-20.306,7.9016
-6.8992,-2.2846,1.2741
-22.019,-18.783,7.1111
-9.8451,-0.76191,-1.7557
-9.7404,-6.9197,3.6505
-11.281,-5.6535,3.0199
-9.8868,-5.296,0.48314
-9.7026,-4.6964,2.2371
-6.0979,-3.4743,-0.090867
-4.9137,-7.0364,0.50701
-23.017,-19.311,6.9268
-15.191,-7.1556,3.4499
-1.5006,-4.8967,6.3876
-22.79,-14.546,6.91
-17.537,-9.5441,8.0347
-7.7293,-4.26,-0.62677
-22.269,-18.806,6.7462
-16.588,-9.5548,5.5329
-22.885,-14.684,7.3892
-15.101,-5.9581,10.722
-13.309,-7.5596,6.0548
-3.8307,-3.227,6.1868
-16.207,-22.52,6.5784
-5.9345,-4.6255,0.32631
1.7658,-0.65973,3.3169
-17.67,-17.941,9.3667
-20.971,-13.413,7.0376
-11.405,-7.2226,3.5164
-4.2208,-2.7073,3.2939
-3.7653,-3.3316,3.8929
-17.241,-12.388,10.405
-21.545,-17.789,6.1923
-7.9814,-2.1597,1.3042
-18.001,-9.1977,9.0705
-7.502,-4.1029,0.15865
-9.2348,-5.6422,1.6655
-8.7976,-2.4824,-0.85135
-3.3874,-3.6134,-0.013439
-16.44,-17.933,11.177
-23.25,-17.289,4.7917
-2.6913,-3.1381,4.3935
-14.355,-11.273,14.759
-4.3405,-6.0603,-6.2678
-3.9123,-8.2049,-1.2775
-2.6861,-1.8926,3.2733
-8.5052,-4.756,1.2809
-18.045,-10.713,9.9832
-11.231,-12.283,5.8471
-3.5998,-3.5716,-3.9253
-7.2184,-2.5506,4.239
-21.649,-20.474,6.7484
-2.2013,-3.0282,2.836
-3.6458,-6.5119,2.3956
-20.338,-16.883,5.6763
-7.1435,-3.4336,-0.93534
-21.272,-18.297,6.3991
-13.482,-9.2803,8.4026
-6.4517,-5.8987,4.6537
-22.054,-19.904,8.6222
-10.827,-6.7745,3.2362
-12.274,-5.5936,6.5713
-7.163,-1.8704,0.84623
-12.919,-8.2777,5.4387
-11.159,-7.8372,8.9936
-2.5673,-2.7466,6.1731
-7.5176,-3.8638,0.18972
-16.884,-11.696,10.372
-3.1186,-5.5592,4.5313
-21.22,-15.007,7.8101
-6.4207,-4.4612,0.27248
-21.086,-15.997,8.0425
-20.556,-19.349,7.6796
-22.363,-18.759,4.3364
-4.4554,-3.1933,0.81687
0.29786,-1.851,5.5467
-5.2421,-3.1037,3.0889
-8.5158,-6.43,0.30776
-12.04,-5.2631,5.3578
-22.702,-16.785,7.4375
-19.849,-17.221,6.8457
-16.664,-8.3668,3.501
-11.635,-6.0959,2.8172
-18.996,-17.354,6.6074
-4.0527,-6.4803,-1.7426
-7.4141,-5.7918,0.13105
-19.852,-18.861,9.0863
-21.437,-22.637,4.2796
-8.6927,-3.511,-0.67877
-16.711,-12.873,9.8182
-2.5714,-2.1261,3.6884
-13.986,-15.736,6.2171
-23.049,-18.749,5.5466
-9.7608,-5.8116,0.8157
-21.01,-13.999,11.293
-12.158,-4.1477,1.4936
-20.964,-18.064,6.3344
-12.531,-7.5302,6.1372
-19.234,-17.723,5.1928
-4.1237,-6.1241,1.1432
-20.643,-18.73,6.9679
-21.623,-17.916,6.6578
-10.496,-6.491,3.4903
-2.3569,-3.5537,3.5545
-10.825,-6.6254,4.4272
-8.8034,-2.2717,0.72724
-6.0393,-3.4816,2.3016
-11.052,-7.8417,13.118
-14.81,-8.9634,3.9868
-19.751,-16.47,9.0923
-16.812,-18.143,9.3861
-10.655,-3.7483,3.6434
-7.4885,-3.907,0.62367
-6.0369,-2.6669,-0.13536
-21.84,-23.871,7.7311
-2.8658,-3.78,-0.6014
-17.686,-13.287,7.2466
-20.996,-17.126,7.3239
-3.1847,1.7532,5.2953
-5.1325,-6.1003,3.8581
-9.9027,-8.7812,3.7096
-21.693,-18.409,3.6212
-18.963,-13.079,10.481
-3.3485,1.7461,2.9526
-5.3216,-2.9374,1.3437
-20.964,-18.712,4.5815
-9.1474,-4.8734,1.393
-3.7651,-2.0175,4.1988
-12.347,-7.2895,5.5605
-23.199,-18.614,5.7514
-8.481,-6.5967,1.37
-15.416,-9.6931,10.643
-18.948,-19.339,6.0103
-23.643,-20.146,6.1673
-19.702,-15.292,7.5142
-11.15,-7.5325,4.2498
-19.263,-14.775,8.2217
-12.427,-4.5511,8.2618
-11.116,-7.5958,5.3078
-23.342,-18.689,6.252
-20.067,-12.995,11.742
-13.469,-8.1307,7.338
-9.7233,-4.8352,1.8665
-12.747,-7.5241,6.3108
-19.809,-19.145,2.5382
-22.506,-14.319,5.2008
-14.969,-9.239,9.6174
-6.2786,-2.725,0.42233
-6.9222,-7.0823,2.4611
-14.358,-8.6181,8.1175
-22.58,-18.89,7.6522
-16.341,-7.9331,7.5777
-5.6591,-4.1236,0.098736
-18.563,-11.812,8.5504
-20.82,-17.091,8.0294
-8.7681,-4.6178,1.1044
-11.164,-7.9009,4.8661
-1.619,-4.5032,6.85
-2.0057,-2.8642,4.5479
-4.6507,-4.0552,3.5478
-20.995,-19.065,4.623
-3.6179,-5.2927,3.0206
-17.901,-11.683,8.641
-16.34,-12.248,9.5206
-18.27,-14.876,7.7629
-11.415,-7.0444,2.3497
-14.268,-7.3867,6.7602
-11.988,-7.1203,4.5239
-19.653,-14.941,8.5633
-8.7723,-5.2436,2.5656
-16.936,-13.475,11.137
-19.649,-15.896,8.2559
-11.525,-6.3697,4.8301
-2.3772,-3.1411,6.0665
-7.7567,-5.134,0.5549
-22.842,-20.539,6.6547
-18.972,-12.943,1.7501
-12.133,-6.6099,3.7356
-10.736,-5.3528,-1.2331
-9.6847,-7.0457,2.1021
-9.8893,-7.9237,2.3575
-21.723,-18.349,4.745
-3.1987,-1.5809,4.1143
-17.888,-13.014,9.5509
-3.7549,-3.9181,3.3303
-10.238,-5.6623,2.5919
-7.8168,-4.1841,-0.77183
-20.685,-17.915,5.6182
-19.306,-14.315,10.609
-1.346,-8.2568,1.0937
-17.484,-10.847,8.1819
-3.6566,-3.9099,2.8499
-13.325,-10.039,7.8078
-12.069,-11.322,3.3134
-7.5448,-4.7638,-0.71242
-22.009,-19.359,4.5369
-1.6394,-2.2868,4.513
-1.8787,-1.6667,4.0176
-18.463,-9.4554,6.213
-18.875,-14.058,7.686
-16.681,-18.115,5.6669
-13.854,-9.9295,3.6956
-19.3,-13.215,8.2082
-21.824,-18.003,7.0839
-2.8019,-0.42106,5.6644
-7.306,-4.286,0.39207
-6.0304,-11.697,1.0559
-11.403,-7.2261,4.5503
-2.5819,-6.2699,-2.4665
-15.439,-10.436,9.6795
-9.7546,-5.788,2.005
-12.778,-8.5637,9.0645
-17.069,-8.2921,10.548
-20.836,-18.408,8.0536
-2.2586,-2.3056,3.3444
-7.6142,-4.6882,0.83098
-21.571,-17.721,8.5816
-2.0989,-4.558,0.058844
-20.329,-15.689,7.0176
-20.999,-16.504,8.1444
-3.4419,-9.9699,3.9085
-2.7644,-2.3392,5.0452
-10.638,-8.7956,3.6392
-1.1818,-3.8083,5.7183
-20.288,-16.595,7.5168
-17.035,-13.167,10.95
-16.726,-14.644,7.1989
-7.0478,-7.0844,4.1563
-21.22,-15.704,11.237
-16.289,-8.3786,9.5595
-21.512,-19.349,4.8913
-4.1252,-4.2986,3.4075
-20.737,-13.335,11.801
-12.741,-9.4461,4.918
-13.182,-11.055,9.9191
-10.587,-6.3105,0.28018
-2.2925,-5.0692,-1.4426
-4.1409,-0.93134,1.1056
-17.213,-18.67,9.2801
-11.218,-4.7006,4.2329
-5.6622,-4.263,2.2891
-10.564,-6.836,1.5499
-13.034,-10.65,7.4969
-5.2777,-4.1489,-0.29334
-10.081,1.8843,3.8815
-19.834,-8.1616,12.153
-10.491,-6.9401,0.9499
-6.007,-5.9004,0.38888
-21.825,-17.726,5.6089
-20.897,-19.784,5.446
-20.446,-15.215,6.7806
-11.885,-6.7615,0.81356
-21.354,-16.895,4.8207
-10.507,-6.6337,3.6858
-12.388,-4.1006,5.3775
-4.4351,-3.0693,1.9805
-18.076,-20.503,9.4866
-11.637,-7.8112,8.1646
-12.614,-7.7444,-1.81
-10.568,-5.7813,3.1295
-18.681,-14.078,8.6804
-19.194,-16.427,9.0325
-8.9658,-3.6621,0.10259
-2.5499,-2.8328,5.5403
-18.605,-13.239,9.1767
-21.958,-17.122,5.1524
-20.544,-15.63,7.8175
-19.398,-17.556,9.0362
-20.58,-16.01,6.8554
-21.423,-17.956,11.367
-19.48,-17.202,1.4273
-22.321,-18.876,5.2142
-5.6857,-1.9133,-2.7261
-22.045,-18.999,6.092
-13.928,-11.195,4.6526
-12.258,-7.0262,5.7958
-23.894,-22.51,11.395
-20.802,-16.753,6.0257
-20.264,-17.246,5.2211
-10.267,-5.3398,6.9654
-22.835,-15.297,7.8055
-18.764,-18.417,6.5667
-17.148,-11.959,11.168
-9.0896,-8.5165,1.0712
-10.22,-8.2567,-0.911
-17.274,-10.887,9.6181
-20.177,-13.166,9.5132
-13.463,-11.666,12.182
-12.892,-7.8073,6.9807
0.24415,0.14627,4.4109
-0.36536,-0.7896,3.4953
-23.416,-17.009,13.455
-3.4206,-2.8674,3.1972
-8.9334,-4.5488,0.73597
-17.584,-10.985,12.119
-19.504,-13.155,7.7744
-24.904,-18.466,10.938
-18.484,-18.251,9.089
-13.797,-5.4571,4.5371
-17.731,-16.149,6.759
-6.699,-2.8845,-0.082489
-16.667,-13.34,8.9424
-8.3403,-4.8746,2.9835
-12.771,-7.7852,7.4731
-4.566,-1.9743,0.471
-16.836,-12.811,9.722
-12.546,-8.8598,10.126
-11.716,-9.3215,4.2471
-17.16,-14.805,8.1231
-19.925,-14.84,7.3809
-2.5849,-1.5471,4.9489
-21.146,-13.839,6.8036
-2.0552,-3.5587,3.1624
-18.511,-16.669,10.775
-14.882,-9.5437,4.6942
-7.5819,-5.8864,0.77979
-10.816,-6.9054,3.4612
-11.673,-5.4676,5.6253
-15.998,-11.176,9.0596
-7.3408,-2.8408,3.0683
-21.632,-17.415,7.5364
-20.668,-17.035,3.5263
-6.9254,-1.2865,1.9754
-18.726,-14.841,9.578
-10.075,-6.2971,1.5422
-24.748,-16.308,2.8171
-3.1854,-3.6285,1.9915
-4.8059,-3.9171,3.2858
-1.487,-3.2788,5.2995
-19.438,-16.001,12.556
-7.4613,-1.5821,-0.71882
-3.1384,-4.3811,4.3393
-12.139,-7.5375,5.1444
-12.972,-7.7088,6.181
-13.296,-9.9055,11.977
-12.351,-7.0988,6.6801
-20.559,-17.219,7.8229
-21.367,-18.794,5.8898
-9.2835,-6.0183,0.98052
-14.687,-7.3237,8.988
-23.122,-12.232,6.0681
-22.135,-20.121,4.5176
-13.743,-7.8039,5.3567
-16.604,-14.265,10.406
-12.244,-6.5051,7.0443
-21.758,-18.47,7.5116
-14.164,-7.0526,6.8281
-16.286,-7.6377,15.66
-4.5572,0.25021,5.4587
-23.125,-19.464,4.9229
-20.118,-12.724,5.8785
-16.582,-10.848,10.033
-8.7584,-5.4232,1.3614
-17.449,-12.637,10.174
-22.451,-20.816,6.0668
-4.4181,-4.4271,-0.41527
-12.291,-6.8522,4.4288
-9.0054,-4.747,-1.995
-6.7027,-4.1716,-0.40224
-5.955,-4.7527,-0.21937
-1.8596,-4.9335,9.1999
-20.234,-16.705,5.7245
-5.5913,-4.4344,4.6472
-9.7802,-6.8162,4.0808
-13.612,-6.6703,7.0907
-18.577,-14.022,9.5027
-11.763,-5.8052,3.1752
-16.847,-21.142,10.567
-6.7584,-2.7751,-0.77348
-11.076,-5.6879,3.1199
-21.516,-18.051,6.8039
-1.8225,-6.0114,-0.34374
-16.153,-10.947,8.901
-17.432,-14.636,5.871
-23.056,-16.647,6.3824
-2.5037,-2.367,6.2435
-1.6905,-1.9255,2.7475
-22.82,-23.742,6.2275
-9.2255,-3.5968,-0.39525
-19.776,-18.105,8.4114
-18.371,-12.292,8.7189
-8.8709,-11.793,1.9563
-12.246,-6.7083,5.9708
-17.953,-13.262,9.7893
-20.161,-17.12,5.992
-10.369,-4.87,2.7383
-19.578,-15.989,8.3276
-19.619,-19.939,8.5815
-11.966,-3.6863,5.1848
-13.884,-14.394,6.5733
-19.401,-19.133,0.92133
-4.111,-3.1922,0.73398
-13.472,-3.4623,3.9382
-17.383,-14.165,8.6158
-2.1405,-1.7721,5.7893
-4.1701,-3.2317,4.3105
-17.943,-11.775,9.8442
-10.67,-5.4945,1.9249
-11.676,-9.1988,6.5982
-15.958,-12.976,9.8418
-10.34,-5.8601,1.4261
-21.75,-9.4522,8.703
-20.519,-16.276,3.3165
-19.879,-21.032,1.6685
-13.232,-9.0096,7.1317
-17.923,-15.339,8.4687
-19.398,-17.584,4.5753
-5.2444,-3.5608,1.0042
-14.437,-9.2938,10.034
-19.229,-18.454,7.657
-22.545,-16.651,2.8826
-6.3736,-4.9123,-0.10852
-12.303,-12.005,9.0396
-18.763,-13.783,9.647
-21.896,-18.432,6.2445
-1.8171,-3.8186,3.5052
-10.46,-5.4797,-0.0049263
-20.486,-20.167,3.1499
-9.9945,-4.2943,0.68796
-10.526,-5.4216,2.6327
-21.414,-15.538,6.7411
-5.6814,-1.4854,-0.017947
-20.305,-18.05,3.9288
-10.368,-6.443,5.3386
-10.817,-11.041,5.5295
-20.685,-17.007,6.9482
-16.384,-9.811,9.983
-20.546,-18.96,7.8976
-18.534,-15.288,8.0369
-15.47,-9.6097,9.0591
-3.2528,-2.324,0.23805
-16.452,-9.6451,11.725
-15.364,-5.5363,8.8753
-11.71,-7.7876,5.3769
-20.262,-12.576,4.1267
-13.13,-8.8641,6.4476
-17.779,-13.023,10.936
-0.55287,-2.0302,-5.751
-3.7418,-5.4054,2.0129
-8.6543,-1.6335,1.7092
-13.475,-7.005,6.0001
-15.239,-10.617,9.356
-15.88,-10.722,8.0837
-18.908,-13.241,9.5021
-12.136,-7.6398,6.7258
-21.651,-18.98,7.2196
-7.6969,-7.9852,10.037
-17.571,-14.908,12.702
-5.5003,-5.2209,1.0704
-18.309,-12.902,10.448
-7.8707,-5.2547,0.28157
-8.3691,-5.2605,3.597
-4.9149,-3.0861,1.1001
-18.549,-13.605,11.033
-15.451,-9.2372,5.3509
-5.8414,-3.1177,-0.35374
-22.598,-18.899,5.7423
-19.659,-16.685,9.4672
-20.831,-20.247,4.6937
-1.0857,-3.3663,8.585
-11.51,-6.9256,4.7962
-20.663,-15.683,3.8861
-3.4999,-3.1653,4.855
-17.633,-12.742,10.676
-6.8469,-3.9494,-0.37725
-17.869,-17.968,5.9721
-8.7228,-4.8531,-1.7688
-21.001,-17.242,5.5648
-13.862,-13.953,8.299
-12.342,-7.6966,2.5104
-22.005,-17.156,5.6083
-16.452,-16.904,9.6263
-12.896,-9.1751,11.509
-20.988,-18.227,8.2856
-13.329,-8.4737,8.0597
-20.896,-20.399,6.1757
-16.232,-11.007,10.053
-2.9941,-3.8537,2.3862
-17.707,-17.659,7.3419
-12.496,-6.971,5.547
0.9775,-1.9149,0.78296
-21.287,-18.992,4.5033
-2.3092,-2.9417,3.5017
-9.3358,-5.0422,1.0815
-3.4328,-2.051,5.6452
-22.439,-18.599,4.7318
-13.964,-7.528,7.1416
-5.0969,-9.5789,1.969
-6.5569,-5.8982,-1.1847
-19.342,-13.521,8.5606
-5.7879,-3.8497,-0.21861
-20.007,-19.188,6.5909
-5.9521,-5.0567,1.3671
-18.335,-11.982,10.732
-23.296,-20.219,4.8442
-5.8354,-4.881,-0.049286
-8.3859,-5.3145,-0.60211
-14.066,-7.3306,9.3995
-13.022,-9.0809,7.9692
-7.4239,-3.5849,0.92045
-8.8322,-6.3744,0.65267
-12.079,-3.6892,3.6535
-19.804,-10.211,9.3497
-19.591,-15.196,7.2718
-3.7815,-3.923,0.57595
-1.0554,-3.8584,4.7048
-21.362,-17.468,6.4272
-8.2717,-4.1663,0.0034035
-21.62,-21.807,4.0177
-9.7885,-7.7247,3.9986
-7.5277,-6.6373,0.38925
-7.9658,-5.5612,1.2836
-8.2177,-2.6221,1.3791
-3.2653,-3.0829,3.5286
-11.648,-7.0752,3.5288
-6.1306,-5.0756,3.7042
-16.137,-10.708,9.1395
-8.911,-3.9376,5.2625
-9.9145,-7.9433,6.7375
-0.86455,-4.8656,-0.23908
-11.814,-5.6732,4.9689
-16.643,-14.802,9.8244
-10.758,-4.4935,3.5587
-8.7957,-10.481,3.2485
-7.81,-4.2503,-4.4788
-19.873,-16.037,9.2735
-5.024,-9.4751,3.1023
-14.73,-11.416,5.607
-6.4463,-5.0929,0.06218
-14.677,-8.6902,7.7947
-13.281,-6.8869,6.9501
-6.1727,-3.2165,1.443
-19.44,-14.88,6.3565
-20.359,-16.648,9.4265
-17.151,-10.618,9.9008
-16.165,-9.1995,7.2448
-16.667,-14.11,3.2186
-5.1313,-3.6859,1.5636
-21.791,-14.433,12.181
-0.19883,-3.5693,-0.064699
-2.372,-2.2748,4.677
-19.491,-16.628,9.0168
-12.805,-7.8364,5.8749
-10.028,-6.3569,4.1397
-20.441,-19.204,4.2004
-6.2479,-4.2813,1.8042
-10.496,-5.5887,2.339
-15.046,-6.9183,4.2377
-23.091,-19.792,5.6843
-2.003,-2.5383,4.7337
-3.2095,-2.9567,3.479
-13.114,-6.2733,5.1518
-1.5693,-2.9167,3.0094
-12.422,-7.8731,6.4298
-14.338,-4.9231,5.7313
-13.43,-10.426,8.8055
-12.388,-7.1962,5.5913
-21.13,-18.934,5.3639
-19.746,-17.208,8.2052
-18.608,-11.92,7.4744
-21.042,-19.064,5.5291
-13.544,-8.6737,8.0723
-13.114,-8.9277,3.2585
-10.374,-10.721,7.4419
-22.585,-20.076,4.3718
-7.1856,-2.259,1.871
-22.311,-20.11,1.9934
-20.649,-17.86,4.9503
-20.632,-18.214,5.179
-14.835,-10.92,8.7661
-8.5158,-5.3899,0.22786
-17.651,-14.176,9.1616
-16.049,-15.09,8.4821
-12.917,-9.6007,1.2771
-20.33,-20.163,7.1137
-3.2332,-2.6472,3.7596
-15.225,-8.7865,8.9242
-6.8123,-6.5201,1.4118
-23.452,-18.844,4.5493
-11.562,-8.485,-0.13336
-18.901,-14.646,9.1245
-13.803,-8.314,6.9397
-9.323,-5.1523,4.0792
-14.315,-6.9741,8.8996
-3.6737,-2.8987,3.3986
-19.771,-15.155,8.1283
-5.3481,-2.9866,0.40947
-7.5252,-3.2766,-1.2162
-4.1614,-2.4779,3.5712
-10.595,-7.6061,6.488
-19.986,-15.528,2.7904
-11.544,-9.6174,4.6092
-12.194,-7.4882,7.1092
-8.7023,-5.8196,2.6529
-2.804,-2.1747,3.37
-19.366,-11.647,8.2153
-9.9856,-9.3546,3.1759
-8.8571,-4.5466,2.3823
-14.359,-10.293,10.184
-2.7216,-2.1499,3.377
-4.0788,-1.7251,9.3231
-4.0471,-6.1706,2.7458
-22.457,-16.059,10.603
-19.903,-15.39,7.7976
-15.145,-10.817,9.3824
-22.216,-14.162,5.0124
-10.422,-6.3054,1.9592
-10.533,-5.439,-1.2312
-19.98,-14.786,6.8805
-21.997,-19.713,5.5389
-18.001,-14.621,10.636
0.49539,-6.0831,2.5875
-6.49,-6.8842,7.3219
-5.6202,-4.7918,5.5557
-6.8012,-5.2258,0.9528
-1.9856,-3.645,3.9094
-7.5488,-5.1232,-0.01939
-0.9614,-4.073,4.6773
-10.057,-7.9218,2.2563
-23.842,-20.361,5.2659
-20.339,-15.759,9.153
-2.3842,-2.9242,3.8856
-10.441,-6.5427,5.4132
-21.637,-14.562,10.062
-5.6926,-3.9975,0.68732
-14.382,-5.6084,9.927
-17.948,-12.503,10.824
-9.4035,-5.1695,-3.4897
-13.363,-7.5795,7.3865
-7.4591,-3.4087,-0.13404
-11.244,-7.7781,3.8779
-20.782,-19.552,6.1211
-6.1306,-6.0112,3.0628
-9.9186,-6.5259,0.79032
-12.748,-7.0153,5.4766
-18.739,-18.915,8.5839
-12.102,-7.6655,1.6867
-21.477,-17.477,4.915
-4.877,-1.7938,5.6881
-4.4073,-0.69145,5.5326
-12.54,-9.6633,4.457
-11.637,-10.43,4.2681
-20.985,-14.681,12.613
-4.4094,-1.225,2.9194
-13.464,-8.3172,7.7768
0.16869,-2.6435,8.3747
-18.648,-18.161,10.09
-11.38,-10.467,8.6386
-23.712,-21.139,3.7126
-13.715,-7.8161,5.3299
-17.801,-15.926,11.499
-6.243,-4.2047,0.99711
-11.99,-5.4567,5.947
-4.2491,-2.8055,1.1528
-17.366,-19.763,1.2111
-10.505,-6.1912,1.3878
-18.544,-14.648,7.398
-15.713,-9.2596,8.6975
-14.648,-12.74,9.57
-23.715,-19.826,5.0406
-3.0029,-4.4677,-1.5036
-2.9239,-2.7682,1.4973
-17.511,-14.803,10.864
-11.541,-4.412,3.8045
-21.318,-15.228,9.9934
-12.681,-9.8667,5.8008
-4.1302,-4.2001,1.603
-2.5815,-2.5343,5.4281
-11.653,-6.1777,3.7356
-23.158,-17.452,7.1145
-16.653,-14.58,8.6182
2.4286,-0.89437,1.2446
-8.9654,-5.2394,1.0619
-17.813,-10.616,10.686
-9.1152,-5.6847,-0.22886
-17.925,-14.084,9.9541
-21.21,-18.644,5.2696
-12.479,-4.2663,-0.86142
-16.977,-13.139,9.166
-14.339,-10.794,9.4351
-8.0127,-4.7142,3.7398
-19.413,-14.683,8.4418
-21.764,-17.881,6.8667
-12.689,-7.0531,6.6326
-4.8957,-6.4519,-1.3154
-13.29,-9.4587,8.0791
-9.6044,-6.5683,1.7371
-11.315,-6.5271,4.6132
-16.84,-15.335,8.2067
-22.041,-20.776,7.29
-13.484,-8.1081,2.7355
-21.354,-18.074,7.0766
-3.4847,-6.1155,2.3914
-18.685,-13.127,8.5922
-25.684,-19.565,6.7194
-11.431,-7.0789,5.3759
-8.2229,-6.0957,1.3154
-19.852,-14.976,4.6049
-21.552,-17.118,7.6984
-13.644,-7.6413,6.8696
-20.462,-18.793,8.0031
-0.91284,-2.6357,5.8314
-15.206,-9.4557,6.9315
-22.433,-18.588,5.8696
-2.8387,-1.23,4.8427
-4.6186,-2.8039,1.5496
-18.099,-13.055,8.1566
-12.937,-7.6012,4.2646
-19.947,-15.519,8.297
-15.583,-13.712,9.2674
-7.4086,-8.5065,-2.7726
-15.38,-10.042,9.5902
-9.1122,-5.5331,1.375
-13.094,-7.0505,3.7152
-21.934,-18.304,4.9356
-6.6706,-4.8672,0.37953
-2.593,-2.9676,3.522
-12.26,-9.2347,6.4741
-18.108,-14.751,8.9115
-12.453,-8.2484,5.7629
-3.1946,-4.2804,-0.50125
-11.275,-11.746,11.062
-17.999,-17.605,9.9806
-12.173,-8.5468,5.8951
-18.583,-14.641,8.3277
-7.8148,-4.7659,0.33832
-13.842,-6.9661,7.0302
-9.4882,-9.6616,7.2624
-12.877,-7.779,4.2445
-9.172,-5.5267,2.0822
-13.515,-7.109,8.0203
2.0194,-1.1858,6.2989
-8.9103,-4.8074,0.52909
-11.032,-6.0813,4.2797
-20.704,-17.544,4.2819
-7.7036,-3.1598,-0.2512
-19.769,-14.109,7.3031
-14.475,-3.4075,7.8183
-13.754,-6.3282,5.2602
-21.844,-17.217,4.5677
-8.2296,-1.3542,0.1838
-3.2492,-2.8627,1.5673
-19.263,-15.61,8.7759
-4.2433,-5.1826,-0.30105
-9.1352,-11.521,11.86
-20.348,-15.486,8.633
-7.3861,-6.4392,0.70997
-23.412,-16.454,10.87
-5.059,-3.0931,0.45003
-20.539,-13.861,9.1549
-13.859,-9.0369,7.8037
-19.946,-13.564,10.706
-23.163,-16.32,8.0319
-14.813,-10.708,9.5916
-11.684,-9.6793,6.4496
-15.377,-5.1347,8.8051
-13.021,-5.8155,9.4021
-22.223,-18.843,5.1815
-14.156,-3.2248,4.9031
-13.336,-14.357,5.7144
-7.5573,-5.3482,0.39094
-13.92,-6.2892,5.7038
-11.263,-9.1314,1.5903
-8.819,-4.4425,0.66595
-18.869,-15.299,8.9179
-6.4758,-3.9238,-0.38223
-6.2322,-3.8246,0.946
-20.363,-18.376,7.8798
-5.2379,-3.0611,0.70234
-2.747,-3.6553,4.041
-12.048,-7.1399,0.62661
-7.1017,-4.3768,0.31639
-13.703,-9.7032,10.632
-15.801,-15.464,6.7809
-12.406,-8.8506,10.393
-13.405,-7.6527,6.1222
-14.543,-8.8684,7.9935
-7.9581,-5.3993,-1.0416
-12.01,-7.5268,4.4168
-22.05,-19.196,5.2524
-19.242,-15.642,9.5225
-13.232,-9.9163,7.8963
-19.749,-14.803,9.8897
-21.127,-10.773,5.8613
-22.168,-17.398,5.3934
-12.062,-3.4966,7.1901
-1.7766,-3.6799,2.7839
-12.969,-7.8231,5.3538
-20.86,-11.978,8.1304
-14.03,-8.8186,7.3393
-10.671,-3.1688,-0.14699
-12.416,-6.8415,3.7864
-19.076,-18.143,8.7297
-20.292,-14.583,8.6984
-10.961,-3.9973,3.8667
-22.561,-19.113,6.0846
-20.124,-16.993,6.1612
-1.8631,-3.6946,5.9264
-23.314,-15.119,4.6707
-10.515,-6.931,4.4901
-18.723,-13.035,8.5969
-9.8175,-4.4025,2.9052
-14.731,-10.701,5.6515
-15.476,-5.5928,8.2951
-3.6868,-3.2888,0.0056332
-12.188,-6.6787,6.0946
-16.154,-12.935,12.498
-11.871,-3.4622,2.7633
-8.752,-4.6874,0.60334
-14.272,-9.1997,8.4935
-16.72,-16.052,12.515
-20.855,-17.531,6.8421
-0.83418,-3.662,6.4455
-19.338,-16.31,7.1877
-4.7633,-3.8291,0.56772
-5.6554,-4.4859,2.9071
-0.67733,-2.8166,3.8692
-17.08,-12.392,6.9885
-13.963,-2.9429,5.5569
-2.6089,-3.716,2.6584
-17.736,-13.669,9.1011
-8.7788,-2.8592,3.9655
-1.3153,-3.3241,5.5188
-16.892,-11.61,12.882
-19.114,-14.9,7.7668
-7.1268,-5.3101,1.1037
-3.0766,-1.5745,-1.2068
3.0227,-2.8419,0.68244
-9.2886,-3.2254,3.4205
-8.3609,-6.379,0.99126
-21.965,-13.657,8.6532
-15.579,-14.258,9.8038
-24.541,-8.923,7.952
-20.773,-16.179,9.5021
-2.3736,-2.6597,6.3924
-10.608,-5.0389,3.6514
-4.3641,-2.3384,2.4618
-9.434,-5.8376,2.7612
-20.277,-16.317,9.9551
-18.671,-10.755,9.6136
-23.8,-16.073,9.8182
-3.2034,-3.0052,3.0142
-14.891,-2.9977,6.2863
-6.1681,-3.9939,-1.6225
-9.6907,-5.052,0.29016
-4.4994,-1.1188,4.0046
-8.9928,-4.8507,1.6318
-19.822,-16.744,7.6231
-20.231,-16.073,6.6449
-9.4444,-6.8129,-0.72012
-17.283,-18.256,6.9631
-10.249,-8.5037,10.736
-2.6753,-2.6725,6.3612
-19.321,-13.675,7.8935
-3.72,-3.0735,6.2825
-4.8044,-3.9973,1.5169
-13.016,-8.7213,7.3293
-7.7038,-3.3781,0.98663
-11.566,-7.1934,6.6358
-2.9599,-3.6977,3.6209
-20.666,-19.514,5.496
-21.599,-19.395,5.1112
-19.414,-15.076,7.6589
-4.6274,-4.4523,-0.49188
-3.4246,-2.9581,0.4382
-18.615,-14.714,10.204
-21.338,-16.579,7.4029
-10.659,-9.0386,5.6505
-2.6707,-2.9807,4.5534
-21.296,-16.221,6.9106
-8.3107,-3.7453,0.12605
-22.317,-18.198,6.0934
-17.75,-11.53,9.965
-12.172,-5.8068,4.6454
-11.954,-7.0499,5.4302
-18.459,-16.405,7.3717
-2.0914,-3.2582,4.1511
-19.596,-9.8251,12.988
-15.817,-16.726,5.7025
-17.06,-13.973,5.9748
-14.276,-15.658,5.2373
-14.35,-6.9804,1.5107
-23.006,-18.854,3.9187
-19.634,-16.52,8.1802
-21.329,-17.716,5.9899
-22.058,-25.048,7.6765
-22.451,-19.588,5.4594
-18.751,-13.77,7.3427
-20.434,-17.587,7.9319
-3.6587,-2.421,5.2711
-14.31,-9.7278,8.9918
-7.7439,-5.9725,-3.6744
-2.1873,-2.944,4.2521
-23.694,-14.607,11.104
-4.9751,-2.5999,1.9981
-18.147,-14.586,9.8776
-21.35,-19.838,5.934
-1.8888,-5.8418,3.544
-13.762,-7.4463,7.446
-22.081,-20.115,4.9072
-3.3396,-2.2635,4.7598
-18.345,-18.91,8.1241
-10.638,-4.0739,-0.26733
-9.236,-6.3357,6.4381
-19.08,-14.232,10.113
-4.2947,-2.8408,1.2237
-9.5882,-6.5303,2.2726
-17.948,-12.729,10.628
-21.347,-16.361,6.769
-15.693,-10.592,8.1949
-13.16,-4.0527,8.8131
-19.005,-19.583,3.0582
-20.875,-18.327,5.7335
-14.527,-10.498,9.3276
-11.559,-8.5922,6.7874
-14.535,-9.3562,8.6358
-1.9166,-2.2901,5.6671
-15.035,-9.8993,10.183
-9.6858,-5.3205,3.2409
-3.157,-3.5248,3.8236
-9.7762,-2.7513,6.5122
-14.086,-13.132,9.6024
-2.8943,-6.2869,6.2573
-22.603,-18.37,6.1389
-22.976,-21.055,5.2551
-15.335,-7.5994,7.3939
-5.008,-3.721,0.60025
-4.3165,-3.5698,-0.37694
-6.1266,-1.867,-1.2116
-11.786,-6.0479,2.7201
-5.8127,-2.3639,-0.6711
-7.9815,-4.0497,2.0091
-4.6034,-2.3613,5.3086
-20.924,-17.958,5.5149
-18.625,-13.167,9.0333
-11.506,-6.9074,2.6325
-2.2534,-3.1854,3.3637
-16.246,-10.042,9.3859
-21.385,-17.616,5.2668
-3.5622,-2.2567,6.0758
-10.898,-4.273,3.1487
-21.589,-18.921,7.2836
-8.5873,-6.9903,7.3755
-19.245,-16.195,6.6344
-13.775,-8.0521,6.9145
-19.11,-21.166,7.6139
-5.6035,-5.5476,0.74933
-18.915,-15.336,9.5075
-12.774,-7.0425,5.1668
-7.0955,-5.6736,1.8162
-14.35,-9.6851,8.5345
-11.511,-7.7278,5.3141
-14.714,-7.993,6.9996
-11.543,-6.0025,2.6498
-11.441,-6.9804,1.5885
-2.42,-3.629,2.5668
-16.961,-11.541,5.421
-20.999,-19.302,6.2432
-21.772,-17.638,6.6411
-23.145,-19.505,5.6022
-17.582,-13.296,10.394
-13.104,-7.0801,7.5095
-18.768,-14.171,12.611
-6.1556,-0.61202,5.5051
-2.7386,-3.3124,3.1328
-8.4851,-4.6381,0.77492
-6.9527,-2.4586,-3.6392
-9.0902,-6.1447,2.0147
-19.279,-14.937,7.4063
-8.5704,-8.9801,4.0799
-22.825,-18.076,5.6754
-18.982,-13.808,6.6139
-7.5961,-4.3836,-1.1108
-21.083,-16.485,9.8972
-4.6746,-5.8581,2.6882
-16.71,-10.043,11.149
-22.859,-19.844,5.9982
-13.144,-5.439,-1.401
-14.397,-8.4248,7.9592
-16.778,-12.673,10.238
-1.8159,-2.301,5.4877
-22.268,-13.375,6.6484
-12.268,-7.285,4.8256
-12.684,-10.639,7.0441
-20.643,-14.976,5.7501
-9.5878,-4.6827,-0.33306
-3.5559,-3.8988,2.3025
-22.129,-17.243,2.6082
-14.236,-8.5062,6.701
-20.969,-19.354,5.8167
-12.603,-5.0134,4.3412
-15.672,-3.9881,6.5879
-9.8196,-6.7794,3.3369
-20.396,-16.869,6.9511
-6.3395,-4.8821,0.47005
-22.009,-17.123,4.8537
-6.1902,-1.0253,3.3504
-20.623,-19.97,5.4796
-17.448,-12.53,10.394
-9.6835,-7.7213,8.2129
-8.1884,-5.9408,5.6642
-5.7129,-2.9199,1.1752
-12.507,-6.9464,4.5221
-10.905,-6.1302,3.9712
-7.8647,-4.1972,0.0047495
-4.053,-2.5778,3.0647
-13.675,-8.3839,2.9185
-8.9581,-1.325,-2.8438
-22.316,-18.891,5.1972
-13.255,-7.2626,6.6919
-9.7595,-5.7274,3.0171
-5.998,-3.5816,2.5563
-23.597,-16.392,8.4686
-7.9472,-3.6098,1.3565
-4.2118,-2.5431,0.48736
-17.26,-17.754,11.614
-17.04,-16.56,7.4864
-19.507,-17.424,5.4929
-20.478,-19.752,11.872
-12.181,-8.1224,4.1133
-10.84,-5.5051,0.10634
-7.3304,-6.3177,1.2041
-22.635,-16.006,7.2885
-23.286,-20.743,5.2156
-7.7963,-4.054,-0.69988
-21.426,-17.348,6.0705
-17.228,-12.122,10.164
-14.189,-11.126,9.879
-24.187,-14.63,3.3393
-19.875,-15.46,5.9298
-1.9305,-3.6602,3.7638
-20.992,-16.549,8.2684
-12.029,-2.3302,4.8221
-11.839,-6.1515,2.5717
-21.663,-15.248,13.114
-21.171,-16.601,5.7614
-17.317,-18.72,6.0284
-21.766,-14.401,8.7594
-20.011,-16.707,11.412
-26.366,-20.177,5.2642
-18.833,-14.844,9.0128
-2.9406,-1.8954,4.4243
-20.963,-19.838,4.9259
-7.0361,0.59275,0.087784
-15.006,-8.4174,6.7566
-4.4906,-2.3225,2.8029
-2.4921,-8.1072,1.8234
-5.2208,-3.3899,2.8265
-19.757,-16.333,7.6054
-20.712,-17.715,6.6849
-9.53,-6.8456,2.8825
-22.259,-14.75,8.2657
-15.991,-12.432,9.6975
-18.915,-13.014,9.1478
-22.658,-18.287,5.4399
-13.703,-9.9851,6.9922
-17.903,-13.878,8.1964
-5.7164,-2.3692,1.8132
-23.789,-18.531,3.861
-7.6852,-5.2667,0.48434
-9.1019,-5.1586,1.0516
-2.4887,-10.133,-2.0107
-13.189,-9.2384,11.067
-13.173,-7.5648,7.3788
-11.902,-6.8808,4.5947
-5.7544,-3.7691,-0.23289
-3.8142,-5.4897,5.761
-0.66611,-3.9809,6.1946
-15.384,-5.6118,3.9105
-16.823,-11.86,9.4526
-3.3544,-4.5895,0.83741
-20.131,-16.086,9.0819
-15.916,-12.705,8.1083
0.14771,-1.7535,4.6576
-6.4742,-4.6899,-3.2224
-21.397,-22.229,7.1676
-8.5128,-2.7577,-1.4199
-3.7493,-4.2767,-1.0445
-1.3482,-1.8893,-0.76037
-12.895,-7.0544,5.0294
-6.0138,-2.317,4.191
-6.2335,-3.6371,-0.0098044
-16.782,-16.409,11.017
-14.637,-9.6193,9.2623
-16.876,-6.706,7.3359
-22.209,-18.192,11.294
-1.1988,-5.6852,4.359
-1.7317,-3.9618,2.9287
-4.7439,-2.9157,1.0682
-20.105,-17.664,7.3036
-14.995,-7.6778,7.4644
-0.91861,-0.9441,3.1365
-21.417,-17.873,4.4048
-17.225,-12.217,10.838
-3.2308,-2.6418,3.2989
-16.81,-11.283,9.3128
-23.358,-12.158,12.597
-22.032,-18.61,5.8232
-19.79,-15.776,7.8431
-8.6405,-6.8604,-1.0681
-16.759,-10.649,9.7485
-11.93,-6.4784,2.6293
-3.7895,-2.8284,-0.8854
-9.6921,-4.8476,3.3459
-20.022,-18.743,5.3101
-9.5713,-5.7546,1.6448
-20.11,-19.79,3.595
-3.1153,-3.433,5.5563
-2.0645,-2.4169,4.7398
-3.1704,-3.8331,3.1678
-19.682,-16.188,5.239
-11.439,-2.3766,1.296
-12.829,-9.548,8.3222
-7.7564,-3.8438,0.25204
-24.343,-20.408,8.1453
-18.803,-16.34,5.386
-9.4794,-5.5403,3.2593
-12.834,-5.6975,2.3405
-12.962,-7.8605,5.7583
-20.187,-17.971,5.6004
-15.99,-6.2288,7.3728
-4.0109,-6.3045,6.2854
-20.118,-14.857,8.6015
-12.231,-7.4563,5.0294
-10.022,-5.3119,2.1412
-19.007,-16.323,8.9491
-24.494,-22.477,4.6731
-17.728,-14.041,10.261
-11.052,-5.9672,4.189
-5.5965,-3.818,-0.36867
-1.7436,-2.8297,3.0676
-19.562,-14.703,5.7382
-15.051,-11.014,8.1882
-13.689,-9.3985,8.099
-6.8898,-1.9136,4.4813
-21.448,-17.157,6.0864
-7.4606,-4.9347,0.40459
-19.383,-16.847,9.7576
-20.946,-16.524,5.9742
-10.816,-5.6294,3.6027
-21.375,-17.321,5.6314
-21.003,-17.577,6.5738
-18.476,-21.527,5.372
-3.8523,-2.4391,2.6626
-23.989,-20.779,4.463
-14.786,-12.357,12.682
-6.6786,-2.4696,0.80857
-10.222,-6.0447,-0.97918
-8.5516,-3.3219,-1.3953
-9.171,-7.6625,1.1163
-20.189,-16.401,8.9076
-8.9008,-5.63,0.23509
-20.396,-16.207,7.7813
-3.6735,-3.4772,-1.7495
-20.285,-18.55,6.524
-20.515,-17.566,5.8515
-11.025,-7.1208,5.0913
-4.5514,-0.82379,1.3759
-19.433,-15.4,9.6837
-2.3342,-3.4164,3.234
-4.8116,-9.7566,3.7723
-20.706,-22.457,6.2234
-10.229,-8.4593,5.4492
-21.69,-10.977,9.933
-12.452,-9.4664,10.359
-19.162,-14.025,5.0702
-13.121,-7.8524,4.1509
-11.739,-7.0374,5.6137
-19.328,-16.708,9.2459
-7.8703,-3.086,0.62066
-4.3478,-4.3534,3.7327
-13.806,-8.5245,7.7708
-18.526,-12.896,7.508
-13.459,-9.6603,8.7516
-10.381,-5.4563,3.5154
-5.3259,-2.8653,0.46842
-12.294,-7.3278,5.8085
-21.114,-16.481,8.1997
-2.7921,-3.3945,4.3006
-7.7852,-9.5112,1.758
-10.208,-5.7688,1.3928
-20.086,-17.995,6.324
-5.9359,-2.8369,1.0127
-21.707,-13.79,9.281
-24.671,-16.658,5.808
-18.855,-21.496,2.697
-18.722,-12.851,10.008
-14.439,-6.2957,11.722
-15.069,-5.5186,8.061
-1.9577,-2.9632,4.8524
-21.659,-15.872,7.2361
-8.8502,-7.4448,2.5825
-3.422,-3.895,3.0624
-2.1855,0.70252,2.2364
-6.2748,-3.7431,-0.23959
-22.827,-20.359,5.8
-21.014,-17.037,4.8093
-21.881,-19.415,9.5404
-9.5768,-4.951,-0.15408
-23.127,-17.583,6.0879
-20.537,-14.03,9.3092
-8.5134,-2.4248,5.2254
-15.553,-9.0529,9.4692
-17.593,-13.774,8.7395
-15.617,-6.2614,11.183
-11.037,-6.9696,1.4443
-15.81,-10.613,8.7602
-20.735,-16.533,7.5923
-2.0154,-3.8039,3.8589
-21.063,-17.852,4.4165
-11.348,-8.5942,3.8614
-15.05,-10.916,8.5219
-13.424,-7.5558,6.9366
-3.1822,-3.2045,4.1325
-10.377,-7.203,5.0009
-9.6988,-4.7319,0.10249
-7.9495,-3.9758,0.43127
-15.676,-10.255,9.5128
-11.727,-7.1262,4.1756
-8.2858,-0.28823,-1.8217
-4.3666,-3.3068,3.4158
-11.693,-7.3891,5.4205
-13.048,-7.9557,5.6701
-20.217,-16.497,8.7276
-13.702,-4.2862,0.59673
-1.1366,-3.6122,6.4768
-2.4232,-6.0655,-1.7846
-20.002,-19.331,9.2285
-4.7024,-3.6095,0.24547
-2.481,-2.6484,5.2469
-22.311,-17.482,5.396
-20.215,-13.252,7.3524
-17.53,-16.674,12.827
-11.091,-7.9037,8.6865
-17.001,-11.654,9.5154
-2.2354,-0.35067,3.0287
-18.308,-19.971,1.0663
-22.599,-11.866,6.5161
-1.0122,-4.4797,8.166
-23.46,-18.554,4.8777
-15.865,-6.0261,1.2694
-12.733,-3.9277,7.8841
-10.048,-6.5881,1.6434
-15.316,-12.123,9.4989
-21.456,-21.103,7.0699
-15.382,-7.9532,4.9967
-19.717,-15.043,8.1809
-7.1461,-0.83949,0.92004
-19.701,-15.608,12.172
-10.078,-5.9763,1.7029
-2.2152,-2.1348,3.6636
-9.7465,-5.8693,1.2828
-16.731,-8.597,7.0411
-19.449,-17.051,7.8795
-4.5062,-6.367,3.9002
-19.483,-15.207,10.898
-22.626,-23.775,3.8429
-13.936,-8.9919,8.0169
-4.1388,-1.2364,0.17089
-1.8091,-2.9104,4.2759
-7.6364,-3.6102,1.7739
-22.108,-15.973,4.2649
-11.428,-7.039,4.2334
-12.536,-8.7943,3.262
-12.586,-9.0161,6.4792
-14.084,-10.142,8.551
-12.06,-5.7728,4.1925
-2.2161,-3.0065,4.2289
-19.714,-14.831,10.711
-5.8936,-4.9036,1.9137
-14.843,-10.425,6.9868
-3.5724,-2.0184,7.2263
-21.77,-18.454,7.2319
-12.634,-8.0736,6.3167
-10.02,-4.0026,4.8459
-16.95,-12.07,9.4014
-21.198,-15.865,2.0026
-3.6857,-4.0241,2.1293
-21.86,-17.636,4.1751
-19.65,-15.013,8.7947
-18.154,-12.842,10.189
-19.615,-13.047,13.802
-26.927,-18.939,8.2326
-17.935,-20.118,4.4608
-18.279,-15.833,12.015
-2.9647,-2.6921,3.2905
-2.0872,-2.2152,3.1499
-14.031,-7.9681,9.9275
-1.7628,-4.3868,1.9613
-11.388,-8.0638,5.5856
-12.307,-5.0092,4.5167
-16.679,-7.0951,1.5194
-16.538,-9.7644,7.82
-5.6842,-3.8085,1.286
-13.46,-7.4362,5.8387
-3.5786,-3.3866,1.1815
-17.4,-15.745,9.0334
-21.141,-19.47,7.0875
-16.172,-9.011,9.3381
-8.5866,-4.398,0.096977
-21.405,-14.732,2.1148
-6.8692,-1.2128,-0.29327
-20.448,-13.015,12.07
-5.8885,-4.97,5.3776
-2.4979,-5.9163,-2.767
-14.629,-10.97,8.2905
-9.9969,-3.7855,3.678
-17.118,-12.103,9.6462
-15.651,-9.489,9.138
-2.0877,-2.7081,-1.7829
-20.263,-10.664,4.1388
-12.749,-6.6147,4.5528
-19.254,-17.775,7.871
-20.978,-16.722,6.6585
-15.276,-10.308,8.9756
-4.4791,-6.3434,-3.2987
-19.275,-14.633,8.9325
-14.646,-9.1672,9.6774
-7.8218,-3.2449,0.28432
-10.799,-5.6151,3.7694
-12.133,-8.5644,3.1789
-19.056,-13.398,9.5113
-22.351,-18.174,5.6528
-15.202,-10.212,8.6436
-11.178,-6.4122,3.3327
-7.2941,-6.9131,4.1224
-11.391,-6.8476,3.8419
-18.241,-19.426,8.1502
-12.819,-5.9865,8.0688
-16.625,-13.978,8.3157
-15.292,-7.9374,10.606
-12.938,-6.8609,4.7575
-4.9046,-4.3267,1.6109
-22.838,-18.326,2.9769
-9.2059,-5.1773,0.3243
-15.293,-7.9347,6.5776
-10.361,-5.9438,1.3649
-16.32,-8.5621,8.618
-3.3813,-2.8327,1.8866
-15.473,-5.1957,6.8262
-20.103,-14.418,8.6706
-11.899,-7.0569,4.376
-9.1054,-6.1908,-1.3179
-17.678,-18.698,10.497
-23.603,-17.342,5.676
-17.946,-18.909,6.0479
-15.124,-8.1201,3.0701
-21.473,-18.032,5.1765
-6.8533,-4.1898,1.4052
-2.6229,-1.2042,5.6763
-22.71,-19.218,5.3243
-15.626,-12.971,10.191
-5.6148,-1.0171,-1.5333
-17.553,-12.069,8.6799
-21.556,-18.49,4.0871
-18.26,-13.238,9.5641
-23.716,-17.582,6.7619
-10.106,-5.4492,2.7309
-13.131,-7.7578,6.7153
-18.928,-10.724,8.9994
-7.2814,-4.7928,-0.033621
-9.5877,-8.3066,-5.3458
-18.617,-11.63,9.7433
-4.3023,-3.7179,2.9997
-12.973,-5.0157,5.7205
-23.745,-21.057,4.3057
-13.356,-7.7524,6.5704
-19.673,-13.602,9.2011
-24.806,-12.619,9.7236
-9.8073,-4.3252,4.0051
-1.4977,-2.2847,3.2418
-22.62,-15.357,10.95
-2.2419,-4.2529,5.0146
-11.317,-10.19,11.583
-19.032,-15.174,8.4576
-20.797,-20.295,-0.4059
-7.425,-7.4816,2.1184
-10.132,-5.6814,2.4652
-21.889,-16.967,8.152
-10.829,-2.306,-2.052
-7.1481,-1.6664,-2.9664
-21.938,-11.265,9.4091
-5.272,-7.9695,0.80271
-13.953,-17.673,10.119
-19.284,-13.251,10.139
-17.772,-12.032,9.5784
-10.204,-5.1041,0.64977
-15.585,-10.797,8.5461
-1.8284,-2.8288,4.6288
-15.717,-8.8232,7.3707
-7.3295,-4.0009,0.59363
0.56544,-1.5982,3.2983
-5.7625,-2.6124,0.41653
-2.599,-3.0509,3.9426
-13.515,-6.5779,8.0133
-2.4374,-0.87103,3.4351
-12.94,-10.947,10.476
-20.929,-15.552,8.3497
-7.1647,-3.9871,2.1499
-19.573,-15.895,6.3787
-18.383,-14.703,8.4755
-13.446,-7.461,9.947
-17.342,-9.6336,7.4519
-15.014,-8.6586,8.9327
-17.373,-12.03,9.9699
-16.598,-7.656,6.9775
-20.304,-20.539,5.4648
-4.6885,-2.7091,1.007
-11.473,-12.288,9.0869
-14.815,-9.2777,7.5453
-5.9998,-4.7162,1.662
-26.036,-18.644,7.0084
-7.216,-4.691,1.3071
-7.1064,-7.713,2.2587
-8.5865,-6.9851,5.6128
-21.719,-18.034,5.2118
-2.6124,-1.2258,0.96827
-11.881,-7.5831,3.7915
-11.614,-6.1583,4.2479
-12.351,-12.194,9.3109
-21.53,-17.455,6.8923
-15.107,-11.854,7.1009
-20.196,-16.496,8.2599
-13.708,-12.433,7.8976
-24.553,-14.397,6.6517
-21.137,-19.006,5.4463
-19.921,-17.179,4.3659
-2.1335,-1.5817,3.6086
-22.186,-17.571,7.106
-3.8283,-2.4613,0.44908
-7.0173,-0.13193,5.1289
-21.174,-17.077,1.4179
-21.413,-14.347,8.2654
-12.702,-7.9331,5.2823
-1.1876,-3.6171,5.3386
-10.406,-4.3953,1.5551
-10.094,-4.1877,5.891
-2.1644,-2.2201,5.0408
-11.611,-3.4426,2.6414
-0.84331,-1.5461,6.6342
-13.743,-7.9475,6.8787
-12.568,-7.5029,5.9384
-10.906,-5.554,2.2746
-17.272,-11.362,11.107
-3.5062,-1.0077,10.375
-2.3959,-0.68763,3.5832
-7.4412,-4.3683,0.36701
-22.966,-14.075,11.723
-12.568,-7.2026,5.9839
-18.86,-14.337,8.6794
-22.654,-17.742,2.7815
-6.5687,-5.1808,1.2285
-14.808,-8.4677,7.518
-21.197,-18.051,6.1066
-0.84638,-3.6294,10.122
-12.518,-7.8122,7.3218
-19.381,-8.8768,12.037
-13.974,-8.7678,10.061
-15.525,-11.525,12.462
-18.779,-12.85,8.841
-17.007,-12.173,10.457
0.67818,-0.074769,-0.60462
-15.295,-10.549,10.637
-14.856,-9.1388,7.776
-17.423,-11.42,10.925
-20.225,-15.831,8.2281
-16.161,-6.6027,1.5324
-4.8232,-2.9617,7.2253
-15.883,-17.817,6.232
-23.105,-15.312,8.562
-2.3753,-2.1561,3.0895
-22.222,-19.234,6.0471
-24.634,-21.179,4.5211
-3.617,0.61584,1.9851
-4.018,-1.4953,4.1612
-11.852,-7.7627,5.3565
-12.832,-7.2371,6.1805
-16.599,-11.1,9.1774
-2.5209,-2.8437,5.643
-22.385,-18.932,5.7875
-15.14,-9.2425,7.6187
-22.019,-19.871,6.0513
-21.176,-16.79,8.5662
-10.319,-5.8317,2.6548
-11.401,-7.9078,8.4224
-14.129,-8.5287,8.2706
-1.4558,-2.7145,4.2377
-3.0701,-3.367,2.8328
-5.4749,-0.71932,1.2038
-3.3821,-3.3141,6.2917
-18.464,-14.425,7.2045
-20.409,-15.801,8.6566
-12.352,-6.9688,5.3288
-15.779,-17.115,3.3684
-21.842,-13.416,10.423
-1.5959,-8.2,4.7961
-13.814,-3.0506,4.6375
-8.5322,-4.3958,-0.80998
-1.9137,-1.398,4.1452
-19.312,-16.857,6.8739
-19.44,-17.314,6.502
-21.24,-17.353,8.2381
-15.013,-7.1755,9.5526
-14.932,-9.332,11.296
-11.363,-6.0994,3.2773
-4.7812,-3.3521,1.8884
-19.002,-17.561,11.592
-14.484,-8.8207,7.2068
-1.6255,-4.0822,5.9714
-10.359,-5.1911,3.3102
-10.682,-6.1376,5.9378
-14.351,-9.582,8.1035
-17.727,-16.57,10.887
-1.8795,-2.4181,3.8856
-19.201,-17.688,5.4407
-15.724,-12.261,9.4465
-1.3346,-2.9637,3.2125
-22.528,-13.565,5.1135
-20.194,-15.768,12.08
-12.76,-8.7037,9.3222
-7.7181,-4.5314,1.4295
-14.703,-10.118,11.961
-2.7903,-3.0402,6.0647
-16.563,-10.557,7.0035
-9.2744,-5.1842,2.4711
-4.2033,-4.3596,0.62401
3.5499,-3.64,4.3789
-19.46,-19.856,5.4436
-19.621,-14.617,6.6446
-4.0826,-2.9226,4.8597
-12.382,-7.9798,6.9314
-18.924,-14.618,5.7023
-17.364,-18.954,6.9601
-12.989,-7.0786,2.7359
-3.0221,-2.7437,-0.29186
-2.5235,-4.1768,3.0199
-4.7575,-2.8505,0.80593
-18.924,-16.776,8.079
-3.8079,-3.6286,2.5338
-19.497,-16.64,10.781
-17.722,-14.702,11.798
-9.656,0.69159,2.2777
-6.0699,-7.1697,3.2648
-12.356,-7.3061,7.1928
-21.99,-26.226,3.3783
-13.62,-2.6121,2.3772
-13.826,-8.2115,9.1135
-13.122,-9.657,3.934
-9.2882,-4.8657,1.4564
-11.413,-6.2216,7.2008
-14.659,-8.0048,10.605
-20.289,-15.154,7.9443
-17.792,-11.248,10.532
-20.858,-17.393,6.1202
-5.8346,-3.6321,0.010508
-13.447,-8.3766,7.497
-16.635,-11.945,8.6099
-14.824,-10.045,8.2906
-22.105,-21.194,4.0895
-6.8425,-5.2466,-0.55778
-12.806,-8.3221,7.3499
-1.5634,-5.6173,0.36722
-17.676,-12.517,9.8529
-7.722,-5.4682,0.30479
-1.3494,-3.4888,3.7812
-18.925,-7.7457,10.52
-15.604,-8.0568,7.7253
-17.009,-14.934,8.5884
-8.4411,-4.211,0.17581
-17.472,-14.416,9.2637
-19.761,-17.522,8.7106
-5.9936,-3.6201,-0.9818
-6.9359,-4.9967,0.48894
-5.5962,-2.2337,4.0886
-20.635,-12.893,9.5469
-23.568,-18.279,4.8391
-12.633,-7.5167,4.682
-1.372,-3.103,4.1024
-21.988,-22.746,3.1429
-14.725,-10.069,9.0291
-19.624,-15.344,9.8411
-19.82,-15.869,11.719
-11.771,-6.5771,4.7124
-3.3069,-2.5335,2.3657
-12.486,-6.1133,5.0937
-16.55,-9.9084,8.251
-14.885,-15.336,11.577
-19.122,-15.058,6.6928
-19.135,-13.93,4.8544
-1.9936,-3.7527,3.7818
-3.5974,-3.4888,5.7971
-10.223,-7.4429,4.0406
-19.464,-14.931,7.7654
-13.74,-9.8367,8.3064
-20.502,-19.023,8.0998
-17.113,-13.924,8.7099
-19.097,-12.705,9.6369
-19.237,-11.879,9.6108
-12.551,-8.0396,6.3908
-16.134,-12.211,13.198
-5.0614,-0.62327,2.1885
-7.7218,-4.3889,1.1251
-4.9491,-2.7991,3.4289
-6.747,1.3246,3.9464
-23.901,-20.122,4.6815
-4.8424,-4.6934,2.3848
-8.0619,-2.86,-0.45113
-10.508,-5.0422,0.72134
-3.1722,-2.9761,2.6281
-13.368,-8.404,7.9688
-13.318,-6.588,5.9759
-21.57,-17.131,7.5933
-3.573,-4.0955,4.0751
-1.1251,-2.519,5.0353
-23.059,-18.747,4.0774
-12.792,-8.2233,5.6022
-18.348,-12.287,10.869
-17.519,-12.433,10.196
-6.984,-5.5958,0.88277
-20.727,-19.469,8.8785
-10.803,-5.6975,3.1356
-10.063,-2.5816,0.074017
-10.798,-3.3788,-1.2512
-11.686,-7.9876,7.3568
-5.9698,-5.8328,1.5853
-21.083,-17.154,4.771
-8.4683,-4.847,1.7621
-6.8669,-5.0189,4.7304
-14.899,-6.6475,8.0074
-26.474,-14.28,6.5995
-20.189,-15.904,7.438
-20.993,-8.9149,8.8118
-17.455,-12.846,10.229
-11.478,-7.3378,6.7706
-27.035,-22.825,7.6666
-21.619,-15.841,7.4434
-12.202,-10.217,6.7782
-10.28,-4.7699,0.61801
-23.765,-19.142,6.9739
2.1532,0.5229,4.046
-3.1204,-4.0487,1.9802
-19.04,-14.335,8.7761
-21.181,-15.943,8.4639
-10.494,-5.7932,-0.54612
-7.3124,-6.2979,-2.9654
-2.2844,-3.2019,4.006
-10.895,-5.1022,2.3699
-19.766,-14.328,9.1773
-12.262,-6.614,7.3411
-12.432,-9.6839,0.87339
-18.721,-14.404,12.305
-19.563,-19.361,5.861
-10.774,-1.1072,-2.6814
-24.265,-19.148,6.0404
-2.2825,-3.1826,4.9201
-13.514,-5.7169,3.4351
-21.667,-17.565,5.7214
1.8597,-1.5131,5.888
-19.812,-16.329,7.3838
-14.179,-7.9926,7.7254
-19.479,-16.466,9.6917
-3.7341,-6.0095,5.5224
-21.091,-10.126,10.942
-24.579,-21.014,6.2559
-12.908,-8.1936,7.0878
-9.2849,-2.6425,1.5894
-16.817,-12.13,10.541
-16.892,-19.421,8.9974
-11.694,-7.1962,6.4289
-20.144,-17.253,5.2197
-1.5208,-4.0994,3.3583
-2.2047,-4.3983,4.1525
-8.5009,-5.9665,0.6384
-21.324,-17.908,4.5621
-21.213,-18.358,6.067
-19.376,-13.855,8.3357
-4.232,-3.173,2.9253
-22.797,-19.487,6.0502
-14.422,-3.8491,3.777
-4.4351,-2.7985,4.1522
-13.257,-9.6741,7.8381
-16.972,-12.773,8.1865
-7.9463,-6.3944,1.7731
-6.5703,-3.1586,1.2111
-17.64,-11.088,9.2198
-6.1299,-3.6142,-0.83779
-19.149,-18.906,9.3447
-18.812,-12.396,3.2744
-17.151,-14.196,8.3844
-18.574,-13.175,8.5942
-17.431,-16.016,8.4348
-24.689,-18.522,1.9119
-18.532,-16.179,2.6975
-2.5157,-2.7442,3.4691
-3.0601,-4.3915,4.2732
-12.978,-9.7084,8.7078
-21.984,-18.402,5.8311
-7.2962,-2.3625,-0.32167
-19.367,-14.987,8.0906
-21.615,-19.806,6.8709
-11.984,-7.5544,4.0775
-12.431,-6.9775,6.3272
-18.574,-13.977,6.6951
-5.1804,-5.3099,-1.3231
-17.223,-16.316,10.676
-25.535,-20.949,4.8631
-21.547,-17.791,3.8757
-2.4117,-7.6882,-0.94372
-12.326,-7.366,5.7422
-12.542,-6.4825,4.2837
-17.183,-13.03,10.587
-13.63,-8.0602,6.9923
-23.061,-12.446,9.0399
-21.547,-16.941,7.8155
-11.546,-7.3096,6.6241
-21.564,-20.031,5.0641
-12.679,-6.3783,4.4415
-19.309,-16.297,9.0009
-2.9431,-3.2385,3.7663
-3.3269,-2.7067,3.9474
-10.746,-7.1877,3.8793
-3.8161,-5.615,5.9988
-15.54,-11.339,8.5286
-20.325,-18.097,8.5284
-5.0955,-3.9649,0.72366
-14.17,-9.4811,3.9133
-18.918,-14.525,10.271
-18.712,-14.43,9.7125
-3.601,-6.8643,8.922
-21.762,-19.46,11.276
-19.496,-16.633,9.0289
-17.654,-12.021,9.1447
-18.245,-14.572,12.625
-20.768,-11.772,9.3406
-12.141,-7.3423,5.1216
-16.98,-11.31,10.149
-3.5439,-2.2065,2.1247
-21.813,-19.116,1.3784
-9.9909,-6.0522,4.0048
-12.496,-8.9271,6.4924
-13.807,-8.7391,8.6459
-2.6643,-0.25051,4.9376
-24.455,-17.817,5.6174
-4.6569,-3.2687,2.1499
-20.612,-14.688,5.3772
-10.759,-5.6261,1.7518
-17.739,-14.62,9.5289
-11.762,-6.3793,1.9875
-17.347,-12.414,10.431
-7.5967,-3.0329,-0.35829
-20.278,-10.128,6.9924
-11.468,-5.1275,1.5762
-21.367,-18.792,4.8012
-6.116,-3.4783,2.4733
-19.117,-17.973,4.8446
-10.801,-5.0623,6.5532
-13.9,-8.8864,8.0843
-9.951,-4.9122,2.4016
-17.665,-17.464,7.7353
-11.275,-5.5497,2.6251
0.38483,-4.1933,7.7682
-3.9792,-0.41279,5.8942
-13.091,-6.3512,3.2122
-19.068,-13.749,8.025
-22.081,-19.206,3.4511
-11.24,-6.2924,3.419
-6.9217,-2.4247,1.337
-1.9043,-3.2025,4.0006
-10.031,-10.838,8.4535
-6.9578,-6.2368,0.31621
-14.145,-6.6159,-0.014199
-14.662,-7.5178,10.027
-16.889,-11.885,10.164
-9.8018,-9.1327,1.7508
-20.972,-18.883,6.4906
-16.122,-20.245,7.0332
-20.277,-15.242,7.2776
-8.3876,-3.9626,1.0202
-11.926,-10.299,9.0002
-18.456,-22.008,3.5297
-14.397,-14.024,10.358
-17,-17.909,5.8293
-8.6277,-3.7355,-0.079611
-15.016,-9.6766,7.9332
-2.0924,-3.0773,4.5872
-11.584,-5.1322,2.7448
-23.283,-12.23,5.741
-20.106,-16.724,1.7602
-1.0773,-2.7929,5.462
-10.838,-6.2981,0.36212
-10.444,-5.3199,2.5344
-3.4323,-3.0624,3.5253
-7.3615,-5.3754,-0.21168
-20.323,-15.302,6.2688
-0.95577,-3.731,6.1476
-7.657,-4.479,0.099165
-2.6642,-3.7462,4.1406
-14.275,-7.5021,8.1687
-1.4793,-2.5651,4.4485
-5.3219,-5.671,-1.8864
-23.302,-17.469,8.1694
-6.9369,-3.432,0.81628
-14.13,-9.4881,7.1202
-18.798,-12.323,9.9625
-11.019,-6.5583,4.9448
-8.5025,-3.8961,-0.32668
-24.625,-16.128,4.5902
-19.718,-15.669,8.935
-14.323,-11.104,6.653
-11.777,-11.208,9.8988
-12.42,-8.7895,5.1322
-15.442,-5.5995,8.6603
-22.468,-19.976,6.1832
-22.038,-17.606,6.0678
-8.0028,-4.0524,1.304
-3.368,-1.2669,5.0768
-7.5604,-8.083,2.3814
-15.636,-10.318,8.8141
-6.5457,-3.7421,0.046233
-9.2991,-7.4039,2.6725
-21.799,-19.668,5.4813
-22.827,-19.11,5.0418
-14.662,-10.072,9.2239
-14.818,-8.6166,7.8034
1.956,-5.1953,6.4226
-11.079,-6.6552,3.9425
-9.7837,-5.7766,4.5504
-14.307,-6.7723,7.327
-16.749,-16.976,9.4773
-11.029,-7.2205,4.8999
-18.181,-12.443,8.597
-21.268,-15.106,6.2478
-12.023,-6.3036,4.9976
-4.4899,-3.0508,1.5696
-9.6188,-6.5883,-1.9306
-21.418,-16.936,9.2076
-10.144,-4.6675,1.5027
-22.7,-17.454,6.6935
-17.986,-10.855,9.7456
-21.479,-18.243,3.5856
-23.539,-19.461,9.7194
-15.058,5.7302,2.4527
-17.743,5.0038,-0.15475
-4.5235,3.7295,-1.8737
-6.9305,5.6381,3.1135
-5.5778,4.3887,-1.0973
-14.215,6.1002,5.949
-22.171,3.1148,-3.7905
-18.567,4.6755,-1.7401
-4.8777,3.4808,-0.18212
-7.3046,4.5256,0.94078
-14.304,5.2401,5.115
-11.467,7.7112,3.957
-13.663,7.7039,6.9681
-4.5264,4.1264,-0.72855
-9.736,0.42307,2.7371
-21.001,2.9027,-3.3907
-5.5478,4.405,-0.38188
-11.045,7.4486,9.3749
-5.2709,3.3778,-1.0481
-8.0045,5.7769,2.0573
-4.5778,4.1879,-2.1523
-21.502,-0.64028,-3.212
-12.805,6.6038,9.0657
-15.652,6.3761,6.5586
-16.727,0.31643,-4.9147
-21.787,4.1699,-1.0599
-8.6875,5.7178,2.8022
-10.156,4.7931,-1.7693
-11.567,5.8267,4.9449
-3.7583,2.2525,-0.86243
-3.6618,1.7716,-3.1919
-18.005,4.5475,0.035714
-20.103,3.2007,-1.4077
-4.6234,2.1548,-4.23
-2.2494,3.6141,-5.3243
-5.9882,1.0201,2.3947
-10.914,9.4299,5.1676
-2.2333,2.5923,-3.0564
-23.38,4.1547,0.13429
-16.446,1.6235,0.74164
-19.666,5.0563,5.8728
-6.6361,3.1284,-6.5504
-16.522,5.8975,3.3002
-14.326,7.0388,6.9619
-12.882,8.4197,7.4459
-22.616,2.4887,-3.4265
-3.2327,1.7025,-2.6971
-2.5624,3.059,-3.3895
-14.664,6.1003,5.5916
-19.691,4.5302,-2.0534
-5.0015,2.4122,-3.7703
-14.186,7.4466,7.86
-3.2102,2.1135,-1.4304
-15.021,3.4612,-0.63511
-12.068,6.3417,6.9621
-18.803,2.9305,4.2973
-8.3013,4.8197,-1.9593
-13.872,6.2239,5.5297
-19.766,3.7238,-0.83821
-5.8221,4.6108,0.46903
-8.5502,5.7947,6.8279
-17.762,5.3459,2.9958
-4.2161,2.2572,-0.90165
-23.582,2.3412,-2.121
-6.0847,5.0061,-2.9065
-22.249,4.2488,-2.3457
-7.9004,3.3538,1.3442
-2.908,8.436,-1.1527
-7.4065,6.1959,2.9798
-2.8024,7.474,-1.9738
-9.6558,6.2403,6.0586
-9.5446,5.7952,4.7438
-16.335,4.0822,-4.9607
-3.4514,3.6327,-2.3441
-16.405,4.6916,1.4799
-21.823,3.4478,-4.2841
-16.439,5.2244,4.6379
-17.416,-0.39167,-1.4798
-15.744,4.4551,3.2117
-7.8962,5.7818,3.6652
-3.7497,5.5491,-5.695
-19.103,3.8715,-1.1527
-2.5047,3.7244,-3.1814
-2.5324,3.1131,-2.2996
-10.985,7.7011,8.6329
-2.0182,0.11108,2.6008
-5.2909,3.4271,-1.1471
-6.7205,3.0811,-0.3563
-7.9481,5.3286,-2.4479
-6.6809,3.3247,-0.78601
-20.098,5.6589,-1.0948
-16.477,3.9605,5.8045
-13.248,2.0461,-0.98983
-8.9485,7.4863,7.9095
-22.664,0.53885,-2.571
-2.2759,3.282,-2.4695
-9.2259,6.2774,0.35543
-11.578,6.6504,7.7709
-4.351,3.7746,-0.61986
-2.0353,3.1882,-2.1988
-15.114,8.5062,5.784
-3.2682,4.0837,-2.9546
-22.319,0.83805,-0.53063
-17.098,6.6354,1.371
-12.047,6.1214,6.6522
-4.6364,7.2494,-9.9581
-5.499,4.5858,-1.3615
0.68931,3.2119,-2.1608
-8.4782,8.1769,8.2672
-16.059,4.0105,3.2788
-17.057,9.9137,5.8431
-17.664,7.3149,3.645
-7.9446,5.8217,10.49
-16.155,4.9042,-0.7342
-21.755,-0.28749,-2.3784
-22.676,3.0919,-3.5512
-1.7014,4.2077,-3.2159
-5.4189,6.4874,0.15595
-11.792,8.6443,7.276
-15.278,5.8225,4.4699
-4.8926,4.6494,-1.3568
-21.648,3.9465,-2.2352
-15.509,6.347,5.059
-10.354,6.0381,5.4963
-0.59004,2.6896,-2.8891
-18.046,6.9103,7.143
-22.433,4.2822,-4.259
-7.9976,2.033,3.2394
-7.8219,6.7013,-0.52858
-9.8603,5.0515,0.40107
-5.8879,4.1802,-1.6284
-14.271,6.1946,6.419
-22.667,2.1692,-3.6045
-15.801,5.5595,3.7781
-7.1094,5.0751,1.9379
-16.519,5.3888,2.7304
-20.996,3.783,-1.8185
-2.8395,3.8635,-0.40758
-14.228,5.0038,4.5798
-8.3695,2.9458,1.5249
-20.595,2.0226,-2.6061
-15.796,4.504,3.283
-8.0878,5.3197,3.3186
0.030024,2.7664,-3.0024
-21.683,3.396,-2.4139
-18.45,9.5165,8.7561
-20.149,2.669,-3.4755
-17.531,4.2886,6.2899
-3.1957,5.2013,-2.5926
-19.636,6.1698,0.68284
-18.017,5.1353,-0.15553
-3.6033,2.5279,-3.2235
-20.589,7.2853,1.0442
-3.3815,4.9892,-2.742
-3.4047,2.4524,-3.0653
-10.437,2.3892,6.6627
-15.507,3.8848,7.4638
-20.485,3.6489,-1.4787
-18.067,5.2731,1.1185
-17.531,6.0157,2.5342
-11.51,6.9265,7.1108
-8.3361,5.4421,4.5959
-10.273,5.225,6.5369
-4.5667,3.8585,-0.87601
-3.6981,3.6023,-2.0336
-11.301,7.0666,0.12842
-18.909,9.5272,1.6854
-17.586,8.0132,-2.0373
-5.5747,4.6367,0.23165
0.61095,3.2196,-5.9204
-13.35,6.9242,6.3168
-18.988,5.6178,2.2108
-6.426,2.8986,8.3235
-11.565,8.9333,8.575
-16.305,3.4143,3.2708
-12.48,7.6701,3.0719
-15.987,6.5919,3.5648
-14.666,6.6805,6.1299
-5.9187,4.9306,1.8139
-8.0717,5.7639,-2.1885
-8.9408,6.8991,6.4897
-8.4334,8.0319,2.7695
-23.357,2.2368,-3.0797
-3.0002,2.2408,-1.9842
-16.784,5.6966,3.0388
-5.9404,5.102,2.5699
-11.125,8.6488,1.7775
-16.766,5.3427,2.0311
-10.796,4.9072,0.89139
-16.294,2.2708,7.8831
-6.9096,4.65,3.3374
-9.1358,6.481,7.1644
-3.3911,1.189,-4.4487
-14.527,4.6015,-0.2947
-5.7037,1.3539,-0.80072
-15.677,5.7395,4.0934
-17.255,4.2835,2.8144
-6.2248,2.9386,-3.8874
-14.309,6.014,5.5478
-15.148,6.412,9.0317
-19.62,3.5057,-0.66031
-22.643,2.9777,-2.0448
-12.772,6.447,5.7244
-14.938,5.7919,7.4242
-13.031,10.527,7.3906
-6.546,6.7009,4.1615
-11.543,7.4121,7.7635
-20.665,3.392,-2.9989
-17.432,5.1183,0.29928
-21.707,4.2076,-3.3187
-8.1171,7.3136,9.726
-14.864,4.8581,4.449
-6.8143,7.3439,-4.1804
-21.379,4.3481,-1.5367
-2.7505,3.1989,-2.532
-20.241,2.3163,-3.4323
-7.0573,7.4162,5.7927
-5.7609,4.5612,1.6766
-3.8196,3.508,-2.072
-16.172,5.7142,3.8977
-3.1888,2.5798,-3.1963
-1.7705,2.4942,-3.3558
-10.981,6.575,7.1448
-0.33567,2.5373,-3.2638
-10.991,3.1048,3.497
-14.5,4.409,5.8681
-9.2552,6.3742,3.9901
-20.616,3.7047,-2.4629
-7.884,7.552,6.2395
-17.874,4.7637,-3.2901
-19.92,2.206,-1.306
-21.567,2.5686,-3.5879
-16.411,4.8003,4.4461
-5.9284,3.3751,-0.84825
-0.83,2.1726,-3.2058
-13.371,4.2998,5.1572
-5.1951,2.8865,-3.0001
-10.438,7.5693,7.5587
-21.307,2.6162,-2.4998
-3.1256,4.6435,-4.9832
-6.4543,4.8159,-3.9786
-7.8214,5.6918,5.3325
-2.7584,3.6929,-2.3961
-10.844,4.7452,6.5691
-13.868,7.7076,6.6627
-15.734,6.6601,5.6204
-14.706,4.7567,6.6541
-23.03,3.9403,-2.8382
-18.846,5.0123,4.9114
-6.8774,8.4609,-2.5606
-22.421,3.2544,-2.4913
-5.1757,6.063,3.5398
-7.7406,4.5769,3.033
-19.966,1.0938,-3.5053
-16.747,6.8632,6.5426
-6.6071,4.0261,-0.22485
-17.362,5.0411,-1.8348
-21.946,3.8446,-2.1366
-3.8557,4.1071,-5.2424
-12.032,4.7692,2.4608
-15.434,5.7233,1.6612
-17.583,2.0121,-0.97195
-6.5249,4.9927,0.57104
-9.8228,6.6172,4.2625
-19.483,3.1205,-0.043405
-1.4634,3.1689,-2.4593
-13.756,5.7788,4.2513
-4.6455,2.9947,0.047048
-1.6531,2.7072,-1.5111
-8.2253,6.561,2.2485
-5.4598,9.6296,-1.3689
-13.692,7.4276,6.196
-9.812,10.111,6.9695
-4.7068,4.0009,1.4669
-19.054,3.7832,-1.8924
-18.201,4.5041,0.069052
-20.978,-1.8306,-3.6802
-7.501,6.0969,1.9247
-4.7418,4.0186,-1.5534
-8.0731,4.2818,4.563
-10.032,5.3461,0.36887
-6.5994,5.6769,2.1975
-20.455,4.0296,-2.3662
-9.6238,5.1132,0.29609
-3.4899,3.2699,-2.7434
-13.556,5.9517,6.2951
-22.397,3.1361,-2.2517
-18.636,4.2045,-1.0632
-14.784,6.8799,5.2764
-13.331,6.7226,7.2585
-7.0119,9.2761,-2.234
-5.1897,6.2932,0.50222
-8.9384,3.2194,-1.3376
-5.8398,4.6522,0.36164
-17.531,0.21834,1.8138
-16.168,10.206,4.3848
-12.42,5.1539,0.29305
-17.142,5.3206,3.516
-22.392,1.654,-5.1075
-22.388,2.6245,-3.7053
-6.5309,5.7397,2.5811
-6.1804,7.6254,-2.0249
-4.3614,3.4088,-3.0216
-16.071,6.3485,5.09
-7.5035,3.9993,-3.6622
-10.704,5.9232,6.0685
-14.598,8.7309,3.894
-8.1891,5.8786,3.1127
-9.5048,6.5214,3.6408
-18.236,6.4658,2.0422
-11.791,6.799,3.1152
-17.626,5.2726,1.3464
-5.5534,6.6756,3.0865
-14.422,4.226,3.3768
-21.239,3.7508,-4.4097
-21.818,2.1837,-3.3064
-6.8766,4.9581,4.4623
-11.271,12.224,5.4521
-3.374,4.5582,-0.36762
-10.686,7.8954,6.434
-11.246,6.9664,7.415
-3.704,5.8014,-3.2503
-12.838,0.67346,1.7069
-4.0048,3.3317,-2.9946
-10.645,8.0163,6.3011
-8.0202,5.2528,1.36
-1.8917,2.8101,-2.7486
-9.8498,5.7228,5.3249
-7.2527,4.5146,6.4226
-8.8169,5.6002,2.3764
-18.209,4.7497,-0.11676
-8.0744,5.621,2.5098
-7.1285,4.3926,1.4434
-22.889,4.5211,-2.8172
-22.376,2.9065,-2.5006
-3.5635,2.3114,-3.1196
-12.271,7.5362,5.2428
-14.204,5.5754,-6.3739
-11.628,6.2864,8.5191
-7.3863,7.9963,5.361
-3.1404,3.7434,-2.1063
-16.392,5.0161,2.1509
-19.647,4.1128,-2.9388
-16.296,5.6477,1.057
-14.92,7.5108,1.6284
-19.772,1.3639,-0.46456
-19.686,3.0064,-0.96533
-4.7177,4.2953,-0.41074
-5.4097,4.4841,-0.35688
-5.759,1.3234,1.1443
-2.5145,2.8969,-2.9043
-11.197,4.6868,5.4279
-6.0247,6.4786,-1.3103
-23.478,1.8708,-4.6512
-15.186,5.66,2.677
-22.769,3.3689,-2.4589
-10.21,10.121,9.854
-16.406,5.5857,1.8352
-13.23,7.974,7.7034
-0.87776,6.3908,-5.2892
-19.346,4.0408,-0.82596
-11.373,8.9887,10.304
-21.33,4.2579,-0.039986
-5.9582,-2.3638,-3.714
-3.5215,1.7403,-5.0287
-15.96,5.3407,2.6208
-20.385,3.5397,-4.0961
-9.96,9.6847,6.6108
-1.1901,3.2909,-3.64
-9.4959,5.823,7.6964
-12.531,6.5159,5.3477
-21.118,5.399,-1.4482
-17.356,5.2897,2.7303
-17.519,5.8354,1.3041
-14.809,7.3535,4.8695
-7.7692,5.3315,5.4382
-15.251,5.1293,2.8175
-8.3602,5.8445,3.6366
-21.156,3.3446,-0.85927
-14.65,5.288,6.2128
-20.058,0.70921,-0.1203
-12.686,8.023,6.3237
-13.642,6.4121,5.3443
-5.2622,3.0256,-2.619
-9.087,4.2553,6.5116
-2.1763,1.9313,-5.1728
-4.3826,1.7044,-6.7438
-6.36,3.6743,2.5085
-7.6569,5.0401,2.2432
-19.756,3.9814,-0.7262
-17.96,4.9618,-0.39491
-10.825,6.36,5.0686
-21.987,6.0224,-2.5511
-3.8444,2.7075,-3.6178
-4.9845,2.1788,-1.4767
-17.375,7.1033,7.881
-11.553,3.2367,5.7192
-7.5429,6.5451,2.1227
-15.615,3.1525,1.5118
-16.211,6.1633,4.853
-6.3011,3.5107,1.5062
-6.8267,5.5516,2.3082
-2.9222,2.203,2.438
-11.82,6.8188,4.3983
-0.18353,0.96605,-3.5214
-7.4417,5.5915,4.1215
-5.1033,4.6098,-1.5461
-0.89369,3.6672,-3.4412
-20.468,1.8288,-1.3719
0.21348,0.15928,-4.5746
-2.3298,4.4105,-1.6965
-20.642,2.9315,-2.695
-9.9996,4.9833,5.5961
-6.052,7.5416,3.9107
-16.073,7.4965,4.6522
-16.726,1.5355,4.1301
-3.5506,3.5233,-2.3336
-14.277,6.7634,5.1821
-7.2356,5.9421,3.5314
-4.1484,4.0047,0.97248
-6.5875,1.6734,-1.6187
-17.082,6.4424,1.7698
0.05724,-0.4632,-2.7065
-4.4589,4.2689,0.45166
-20.381,3.3794,-0.58899
-22.035,4.5846,-3.1731
-19.193,4.2167,-1.7105
-1.9838,2.6597,-2.7464
-17.693,6.5416,2.8745
-20.718,3.6996,-1.6768
-6.8271,4.5692,-4.1545
-22.64,2.9219,-3.9573
-19.073,2.6007,-4.403
-15.43,6.4395,7.0727
-15.243,6.9605,8.8174
-18.715,3.9561,-1.9459
-13.041,5.2463,4.4318
-5.4919,4.9364,2.2597
-5.5222,3.7313,-3.3034
-22.09,3.4941,0.53731
-16.489,4.8553,4.9601
-13.409,7.395,6.0977
-12.945,5.5957,3.5637
-7.6345,5.5128,5.1287
-22.268,1.7423,0.076371
-9.4075,5.4991,6.4751
-22.471,1.4722,-4.618
-13.736,7.5986,6.3784
-3.6675,4.3121,-3.1993
-13.056,7.3079,5.8012
-22.398,-0.13114,-3.2141
-15.307,7.1724,6.2152
-21.693,2.9162,-2.6329
-13.905,5.7862,5.4997
-4.6421,3.1728,-1.4282
-11.68,6.177,7.1504
-11.788,6.6017,8.8438
-10.967,6.1802,4.9076
-13.706,3.3536,3.8569
-19.829,4.1221,-8.4472
-14.81,6.7884,5.7126
-15.095,3.5479,-2.6165
-7.6427,4.022,0.98995
-14.416,6.1528,7.3103
-2.7932,0.71599,-4.5971
-6.5157,6.1695,1.0928
-9.8188,6.6771,5.697
-19.405,2.3852,3.0883
-9.3267,4.6888,4.9902
-0.19198,1.464,-0.63608
-23.25,2.3059,-1.6852
-9.5992,6.3105,6.1906
-3.0392,3.7618,-4.7699
-4.3612,4.5879,-1.8385
-14.612,9.4358,9.0549
-13.945,5.3435,7.6765
-21.189,3.4335,-2.4743
-14.959,9.3714,4.1929
-19.336,4.5788,-4.115
-7.9154,9.0087,1.1153
-20.94,3.6521,-3.5426
-5.3607,3.6661,2.4565
-8.8086,5.7812,4.3727
-5.5027,6.4484,4.7831
-15.358,8.9756,4.6493
-22.022,1.8979,-2.3085
-2.8786,3.0428,-2.1776
-20.103,2.9398,-2.1721
-17.676,3.8603,-4.0701
-15.339,4.369,1.6022
-15.403,6.4022,5.7983
-8.4951,5.1059,3.1189
-15.275,5.0832,4.8165
-20.464,7.3933,-4.297
-22.912,3.5759,-2.4113
-17.028,3.5451,1.4346
-5.1884,4.0223,-1.9241
-7.5351,4.1728,0.77925
-12.151,6.5135,7.5037
-16.671,7.1433,4.0984
-0.45418,4.4781,-2.0985
-14.512,2.8972,2.3144
-5.4615,6.3708,7.1512
-19.17,4.1982,-0.19868
-22.926,2.3004,-5.9258
-0.77415,3.2503,-3.2132
-6.7307,4.1965,-0.47246
-6.0549,5.7472,1.4208
-2.0214,3.0484,-3.1206
-14.633,6.4415,4.541
-8.2365,6.8773,2.0332
-22.709,3.7975,0.63324
-8.1527,8.0071,2.6184
-13.064,6.3081,5.5716
-15.86,5.6488,7.4273
-1.9004,6.2571,-0.76725
-19.236,5.0118,0.37378
-2.6958,-0.63159,-0.21321
-15.224,5.2061,2.8983
-15.897,5.17,3.8012
-1.2856,3.812,-2.281
-7.4485,4.9584,3.11
-21.283,3.1644,-3.3344
-18.71,3.6488,-0.26245
-16.928,6.7278,3.9021
-13.646,5.8599,3.7361
-7.4541,5.8968,6.6424
-7.3462,4.5545,4.7813
-6.0543,4.2625,0.51894
-8.9175,4.7537,3.4459
-11.425,4.7476,4.9123
-8.6506,4.3952,-0.8325
-8.3557,6.8494,4.1554
-15.262,3.2814,4.527
-4.6973,3.2713,-2.5585
-5.8075,3.7573,-0.64224
-23.057,5.8118,-1.5486
-4.0185,2.9841,0.54756
-14.787,7.0185,5.1717
-1.9197,3.1689,-4.7031
-20.131,3.0572,-4.5936
-23.615,0.53142,-0.79543
-18.891,2.0359,1.0545
-6.7881,4.5104,-0.27919
-5.9672,4.304,-1.1995
-5.6452,5.4173,-0.5146
-14.094,10.704,3.0805
2.0476,1.507,-2.4163
-20.175,3.5942,-1.6222
-19.247,5.2261,0.73888
-18,1.056,-3.74
-16.128,5.9655,4.0141
-8.6835,5.2985,1.6977
-1.6689,3.2719,-1.47
-21.099,10.405,0.74862
-7.3129,4.5552,3.3268
-0.3849,3.3569,-5.1059
-7.553,4.924,2.1168
-1.6195,0.96902,-6.1101
-1.7741,3.4048,-3.1062
-7.5266,6.6287,0.31842
-18.612,4.0097,-0.39893
-23.922,2.0955,-3.9443
-20.627,3.543,-0.50791
-7.0183,5.4266,2.1669
-12.016,7.123,6.6106
-22.34,1.7693,-3.8595
-7.8878,6.4919,5.2656
-4.4714,3.5772,-0.3094
-23.349,2.1494,-4.9224
-14.069,9.339,8.9247
-4.1655,5.562,-0.76919
-17.168,3.9532,2.9491
-10.596,6.1747,6.7029
-20.44,4.4667,-2.4875
-18.719,1.6907,4.3906
-6.4292,2.9808,1.1605
-16.212,4.3289,3.0122
-16.469,7.0873,4.7934
-4.8076,3.8003,-0.53071
-7.6776,4.95,2.2977
-14.728,5.7198,6.692
-13.921,6.3175,6.3071
-18.965,5.2873,4.9892
-11.693,2.8309,10.23
-10.939,6.6707,6.5117
-6.5538,5.8247,1.032
-4.3954,1.4547,-3.8098
-3.7134,4.2053,-1.7243
-21.253,4.8354,-0.20866
-11.068,7.2781,5.1053
-1.2875,2.1686,-4.5117
-17.533,4.7986,0.57118
-3.0725,3.4309,-1.9211
-1.256,3.0336,-2.5439
-7.998,5.1725,2.8515
-10.674,7.0752,5.8149
-7.0629,5.5515,1.9636
-10.261,6.9153,8.0738
-2.4474,2.6879,-2.3208
-6.6373,2.7047,-1.33
-14.189,9.1256,5.2893
-3.2643,3.6584,-2.1025
-15.708,4.0779,0.90322
-25.386,2.8436,-1.2218
-14.158,6.8334,7.4287
-11.651,6.2616,4.6012
-9.2256,7.6946,10.957
-5.8343,3.1173,-1.3058
-18.818,3.1878,1.1699
-3.0292,2.7543,-2.8383
-9.4627,5.7884,5.3792
-18.007,4.6927,1.0664
-6.6721,7.0477,6.9265
-14.534,6.552,11.447
-7.9995,5.6844,2.9695
-0.7806,6.5809,-2.129
-7.5397,5.2012,1.598
-3.1321,2.9328,-2.8321
-18.415,3.9403,-0.75062
-5.5228,3.7492,-0.46472
-2.9799,4.8122,4.992
-9.5743,7.2941,5.8161
-21.217,5.7908,-1.3803
-22.115,2.907,-2.4064
-19.645,4.2205,-2.5963
-8.2388,2.8664,4.2033
-18.737,2.046,-1.5924
-18.823,3.4419,-6.1465
-24.519,0.94226,-4.0501
-5.7189,3.6126,-1.3653
-17.898,1.1293,-1.9992
-12.589,7.4698,5.9474
-10.496,2.4087,-0.03882
-21.623,3.3812,-4.0168
-13.978,7.5742,5.7031
-9.3501,5.6942,2.5803
-2.5489,3.2182,-1.615
-20.331,4.1508,-1.4798
-9.8286,9.1691,4.4681
-14.037,7.3912,7.8042
-18.152,6.8222,0.57503
-11.122,6.3964,5.5633
-15.202,4.2855,4.0244
-14.945,5.9267,4.3756
-8.4711,3.928,6.1499
-15.45,6.8476,3.6851
-23.318,3.517,-2.1652
-3.7075,4.0885,0.025334
-8.7011,6.09,4.8976
-14.198,7.3076,6.7792
-14.741,6.6945,3.5026
-18.405,6.3042,-1.9141
-7.6621,4.9905,3.6787
-0.31076,-2.6289,-5.4425
-15.196,7.2237,4.612
-14.949,7.5555,4.6877
-2.4849,4.8726,3.085
-7.6612,6.12,5.7452
-7.1554,5.1602,2.6894
-6.0772,3.2805,0.21065
-5.693,4.7838,1.7664
-7.2268,4.3177,2.4101
-8.5578,9.2513,1.6099
-11.557,7.2882,6.4484
-20.795,4.1508,-3.1128
-3.7624,2.786,-2.0305
-13.206,6.9973,8.4891
-9.1905,5.8678,4.994
-16.004,8.213,8.6364
-17.185,5.1581,1.3912
-3.4688,3.1873,-3.0628
-12.536,6.138,7.2856
-1.7123,3.1527,-1.6653
-12.252,6.4868,6.3705
-14.288,6.7336,4.5568
-16.168,5.3054,4.4562
-17.294,0.96509,3.5093
-5.5498,4.1817,-0.0842
-9.0085,6.0176,3.9537
-13.4,5.3964,9.9096
-20.399,3.9876,-0.55523
-1.6953,3.9528,-2.675
-1.8491,2.6031,-2.4894
-9.4206,6.0732,4.891
-16.654,6.4994,3.8063
-22.132,3.4501,-1.2178
-20.647,2.687,-2.1646
-13.452,6.14,7.6344
-18.695,3.7511,-0.41399
-4.1308,3.3535,-0.046076
-8.2088,3.6339,2.2136
-9.4167,7.4808,6.2024
-20.349,4.1188,-2.0168
-11.247,5.0001,4.3033
-20.507,3.4983,-2.1417
-1.1216,4.3554,-2.7153
-10.291,1.8827,3.5815
-16.28,1.2118,2.7378
-20.711,3.0852,-2.0131
-8.1822,7.5625,5.3076
-11.158,7.7223,6.8056
-24.738,5.259,-0.64763
-12.958,8.3078,6.8621
-17.696,4.5115,2.4405
-5.9616,4.2249,1.6411
-5.9576,0.48905,3.3728
-5.0048,3.2205,-2.4635
-20.388,2.7182,-3.3212
-10.276,6.846,5.4455
-11.574,9.8804,5.0885
-3.2981,2.3824,-3.04
-2.4841,3.4685,-2.5714
-19.211,1.2714,-2.4747
-18.147,5.1559,-0.13731
-20.442,4.7817,-1.9728
-19.55,3.5025,-1.7065
-8.2473,6.6839,-1.5949
-1.8458,1.6891,-5.915
-7.9897,5.2561,-0.81569
-9.3992,6.5334,5.3705
-10.408,6.5837,6.0551
-21.92,5.6411,-1.9022
-15.873,5.1241,0.52068
-17.121,6.7625,1.4345
-7.3473,5.2136,1.7596
-18.581,3.5608,0.064253
-15.932,9.7498,5.1629
-3.9074,5.7717,-2.5676
-8.5881,7.7363,6.8987
-19.91,3.3474,-1.8496
-4.4863,4.0091,0.58409
-15.445,5.2103,4.7578
-7.5048,5.7937,3.8901
-19.792,5.6456,-3.835
-15.117,5.353,3.8403
-11.426,6.7586,3.5486
-10.293,7.594,6.9827
-23.917,5.2,-0.73168
-21.172,2.2593,-0.59939
-12.161,7.1707,6.0754
-13.109,5.3569,5.739
-8.8472,5.2325,4.5414
-6.3152,5.1932,0.87371
-7.2237,4.6666,3.2578
-3.5913,3.6063,-2.2751
-7.967,7.6305,10.66
-17.812,8.7448,6.4798
-16.735,6.1624,3.8978
-8.5577,5.0924,7.0423
-16.787,8.7487,3.3938
-6.4264,9.3928,6.5417
-10.33,2.1146,8.2808
-20.79,3.4281,-0.85748
-16.967,8.4649,0.7517
-19.095,3.1286,-0.57133
-2.5881,3.5011,2.6509
-18.072,0.41571,-1.6736
-15.448,5.0869,3.9688
-6.5273,4.7653,2.5649
-14.424,5.1646,3.8894
-4.9668,6.5888,-2.0302
-4.0506,7.5493,-4.854
-2.474,0.44334,-6.7428
-12.791,1.1141,2.7808
-21.884,2.653,-2.2659
-11.339,6.9615,7.4247
-20.656,2.6977,-1.8016
-13.209,4.5173,5.7407
-19.257,4.3379,-1.505
-15.381,6.4748,5.0231
-12.276,6.5731,1.7574
-18.376,3.6431,0.71465
-8.9699,5.7145,4.133
-15.189,6.9928,5.406
-4.9325,3.3653,-2.8169
-20.557,1.3823,-5.9659
-7.5034,5.4013,3.0832
-1.6251,3.2459,-3.1884
-15.144,4.9647,3.379
-19.576,4.1503,-1.2672
-18.117,4.3508,-0.71829
-11.938,7.2436,1.6657
-23.156,1.8306,-0.70107
-8.2422,4.4574,3.0792
-7.4101,4.9301,2.6387
-4.2669,4.0615,-0.72398
-3.2269,3.443,-3.0066
-7.4296,3.8623,0.16828
-2.1552,3.3811,-2.8006
-14.389,6.206,7.2948
-22.656,7.1472,-2.825
-14.125,6.2341,5.2306
-4.4765,2.1563,-1.625
-17.078,1.68,1.3225
-3.2834,1.5346,5.0721
-22.759,2.5026,-5.4529
-18.666,3.6435,3.5975
-8.8927,7.1754,3.4003
-21.944,6.575,-0.56321
-18.982,-0.83836,-1.6034
-2.5477,3.3609,-1.3054
-5.2973,5.6154,0.91886
-15.625,7.507,3.5192
0.47197,3.8639,-4.3851
-5.9802,4.6547,-0.16893
-6.434,5.1045,1.0119
-21.564,4.3397,-1.2417
-8.2411,8.58,6.9493
-0.038885,2.873,-3.6259
-15.816,4.6745,5.7363
-7.6476,6.8387,3.9823
-22.299,2.0861,-1.038
-10.007,5.665,4.7752
0.1473,1.8243,-5.2898
-10.398,2.3284,2.9768
-23.632,2.1231,-0.48791
-1.251,3.2014,-2.4041
-3.5401,3.1176,-3.1839
-13.998,6.2519,6.2472
-18.25,5.5401,-0.54028
-5.0934,3.1056,-0.14593
-19.01,5.3188,0.33308
-4.6324,-1.6219,-3.4185
-9.9897,8.4206,12.894
-22.685,2.1355,-2.3214
-0.79378,3.1543,-4.0418
-18.859,3.274,-1.3233
-17.513,5.7094,8.719
-7.1748,6.8534,1.4481
-8.7897,7.472,5.9404
-18.876,4.097,-1.6343
-20.791,1.5254,-5.6385
-19.056,-1.4441,-4.5965
-13.264,7.562,7.102
-16.548,5.3951,6.993
-8.465,4.8263,7.2752
-20.372,2.7755,-5.8515
-14.874,5.852,1.7849
-4.0583,1.4514,-3.7548
-18.017,5.2764,-1.066
-23.456,2.5622,-3.5443
-19.033,5.4377,1.1418
-12.694,6.6435,5.3259
-4.2275,3.0938,-0.85034
-7.0417,5.0169,4.3056
-1.1825,2.6218,-3.9823
-11.067,6.5196,1.3938
-3.222,2.8483,-4.4733
-5.2526,2.7838,-2.3709
-18.163,2.1009,2.5325
-4.1879,4.1161,5.3602
-18.297,6.3802,-1.8613
-15.137,5.8385,4.3986
-23.373,2.6799,-2.7423
-5.7558,3.8969,-2.9072
-23.206,6.9669,-2.0214
-7.8038,6.1367,2.6588
-3.5444,2.2398,-3.7868
-21.457,4.6552,-2.6962
-6.6271,5.8445,1.8117
-19.483,3.794,-1.9628
-4.6241,-1.3974,1.3652
-8.4981,4.3258,4.3684
-21.598,3.7148,-4.3008
-20.664,5.2786,-5.6729
-6.137,3.7455,-0.90117
-11.857,7.6095,6.64
-9.0771,3.5963,6.4106
-10.444,6.7454,5.0971
-18.02,4.7678,-0.67212
-10.403,5.0228,5.0183
-3.1794,4.1329,-2.1144
-20.453,1.4401,5.0876
-14.48,6.526,5.7354
-8.3487,5.4153,3.9388
-21.107,4.2047,-1.2562
-21.26,3.1167,-4.1005
-9.0383,4.986,3.5189
-18.78,2.6619,-1.1224
-9.6983,10.484,6.5673
-14.327,5.4929,2.5922
-13.481,5.5973,9.6957
-5.144,4.2599,0.51432
-4.9434,6.2447,2.5704
-14.432,5.2955,5.0257
-11.127,5.6111,5.8829
-2.8626,5.607,-1.6763
-5.3076,2.7009,3.3026
-8.6397,3.9258,1.9317
-16.744,4.7064,2.4614
-19.506,3.7477,-0.4493
-2.7557,3.2459,-2.6445
-15.763,6.0593,4.5324
-11.441,5.1745,8.9809
-20.519,-1.1116,1.5891
-19.714,6.4349,-1.7528
-17.622,-0.47167,4.2149
-10.977,6.657,6.7579
-0.67787,2.7597,-4.3129
-21.165,2.3162,-2.2782
-1.7928,3.1519,-0.68552
-14.638,7.0128,9.802
-4.9054,8.115,-3.5038
-0.65111,6.1011,-3.0505
-3.0239,4.2172,0.24711
-26.824,2.4299,-2.1329
-22.119,1.3533,-3.2457
-15.343,5.2929,3.5018
-11.189,6.2039,6.5228
-14.417,7.1162,2.7905
-1.8766,2.8094,-0.27741
-19.451,2.7209,-2.5441
-4.9136,4.131,1.4671
-7.5283,2.9095,-2.2927
-5.5758,4.7207,-1.3358
-2.7589,3.8157,-3.4774
-13.027,8.5951,7.5044
-15.651,5.1146,3.0818
-17.105,6.7002,2.621
-18.194,3.43,-0.082465
-5.1939,4.1084,-1.1227
-20.512,5.4666,-7.7689
-10.937,4.9234,5.0003
-8.919,6.8251,-0.79386
-21.577,3.3005,0.90562
-22.842,0.26967,-4.2105
-6.5345,3.7757,1.1342
-23.14,3.283,-4.6634
-9.3861,6.1356,7.7896
-8.006,5.7221,2.4045
-4.7134,1.9194,-1.658
-15.815,4.6422,3.7432
-18.663,6.4616,3.4874
-13.645,5.4858,1.6185
-18.171,4.1715,1.0099
-15.151,6.9984,5.809
-26.482,3.049,-1.4846
-19.37,2.1904,-3.4576
-13.631,6.3852,4.7357
-19.043,4.198,-3.8765
-6.362,5.5217,1.5869
0.29888,1.5163,0.35158
-1.5594,4.2491,0.8068
-3.3692,6.1151,2.0234
-12.521,6.2361,8.9519
-9.2887,7.4192,4.5647
-0.76269,2.184,-4.1767
-0.9948,2.1778,-3.1193
-18.923,5.6106,0.1565
-23.819,2.79,-0.4662
-3.6557,3.0597,-2.3334
-5.6393,2.9313,-0.69347
-22.515,4.4046,-1.8107
-18.536,5.2872,0.14989
-3.2638,-1.5365,-0.53834
-6.5094,4.1031,2.8586
-21.605,-1.7609,-2.3458
-19.768,4.253,-1.4095
-15.3,6.7349,5.0142
-15.449,5.3135,2.1761
-14.66,5.9741,5.6359
-4.205,3.3774,-1.4154
-12.329,6.3761,6.6839
-4.4902,4.0228,-1.313
-2.3183,2.461,-4.2227
-7.7356,4.6321,2.7838
-14.648,5.6533,5.5038
-19.005,5.1707,0.076491
-17.679,5.6448,1.3507
-9.4644,6.2272,5.8566
-9.9364,6.5958,6.7972
-5.8378,6.2382,6.1643
-11.385,6.9597,7.8975
-13.9,4.6786,5.6841
-15.307,6.9784,5.7937
-10.717,1.3331,3.4589
-1.0654,2.9725,-3.2997
-3.0383,1.1022,-2.572
-14.278,5.7532,3.8488
-14.924,5.3612,8.8578
-16.139,4.7778,3.8311
0.20543,3.2609,-0.5441
-10.904,11.134,9.1275
-9.1316,3.0618,-1.3597
-23.117,4.0128,-2.9859
-5.9281,7.5408,6.6993
-9.5663,5.5099,4.72
-5.384,-1.6088,-5.7895
-3.5896,3.4724,-2.6965
-21.296,1.9087,2.6166
-15.115,7.3121,0.6828
-9.4451,6.7174,7.6059
-10.424,4.3762,4.9333
-18.247,3.339,-0.73329
-17.258,6.1024,1.9907
-15.616,7.0039,4.3857
-16.817,9.4764,4.433
-5.1359,5.5677,1.2881
-4.2082,3.7487,-2.616
-15.212,5.2266,4.6291
-14.983,6.8414,4.7257
-3.4472,3.8732,-1.5533
-22.21,3.0497,0.2108
-13.724,6,6.1532
-17.41,3.9485,-1.5471
-9.2943,6.6298,6.5378
-4.4119,2.6838,-2.9716
-3.8517,4.6526,-2.8683
-14.724,5.9467,3.1525
-11.407,7.588,6.5745
-5.0152,2.8795,-2.0673
-15.318,7.0401,6.1383
-18.561,4.1521,1.5003
-1.7807,2.9889,-2.7961
-16.415,5.8915,1.4375
-2.7078,3.3606,-2.5646
-3.046,5.4431,-4.3997
-4.7345,0.14621,-4.2932
-12.589,7.0867,7.8547
-8.7292,6.8742,1.7937
-2.6997,3.3116,-6.791
-8.9837,6.2207,3.9807
-3.5705,-0.58461,-1.3161
-10.293,10.29,3.4377
-3.797,1.5054,-1.9798
-9.9616,3.8607,4.1217
-2.1798,4.0619,-2.3992
-3.6255,1.5917,0.54484
-8.4686,6.3526,5.4068
-10.054,6.4687,9.0178
-1.52,2.3231,-2.4945
-3.9327,3.6561,-0.62777
-5.9327,3.857,0.090374
-9.8724,5.8922,4.7123
-7.9435,5.6567,4.3592
-20.27,3.4727,-3.7661
-12.014,3.985,4.787
-12.943,5.0713,9.0078
-19.374,7.9954,-4.7485
-15.542,7.1977,-0.41544
-21.224,-0.46366,-5.472
-23.027,2.1336,0.0072928
-16.668,-0.84015,-2.4255
-15.429,2.6428,3.0196
-18.549,4.8427,-0.92117
-5.3073,3.9027,-1.0442
-22.399,3.8315,-3.2782
-20.924,3.3752,-3.7952
-17.686,4.6143,2.1469
-7.7877,5.7383,2.315
-7.3822,5.3898,3.5233
-5.4739,2.6271,-0.32735
-19.912,4.6643,3.4667
-16.385,2.6689,0.4334
-14.627,1.821,-2.3426
-14.793,0.16787,-0.29923
-9.247,7.0916,5.8807
-6.9163,3.4444,0.63735
-5.0286,6.2162,1.6668
-11.447,8.5215,6.7731
-13.078,7.5669,8.3332
-11.411,9.1182,4.2694
-15.516,6.1723,3.1929
-16.954,3.936,-0.26824
-20.521,2.8244,-2.9199
-18.758,5.4791,-0.13838
-20.631,3.366,-4.2383
-16.709,4.9407,2.4157
-19.649,3.9465,-1.7123
-2.9424,3.8593,-2.9831
-9.7351,7.0057,8.155
-21.152,4.4634,-1.8515
-14.742,7.0092,5.9971
-6.509,-0.60425,-2.377
-19.161,5.6029,-4.219
-17.255,3.9358,-4.9725
-11.316,2.6711,7.82
-8.4312,6.9266,4.7057
-0.94523,8.3225,-2.8617
-2.6635,2.7774,-2.3259
-12.997,7.235,8.3165
-12.399,4.3235,8.2868
-9.4066,6.0885,4.3083
-22.657,2.0539,-2.9745
-21.558,4.0997,-1.604
-15.225,6.269,5.6278
-4.8003,4.169,3.2509
-3.3243,2.9653,-3.2283
-9.7472,7.0936,4.8562
2.0122,-2.0515,-5.015
-15.62,6.0085,5.603
-9.1804,11.183,4.7089
-12.669,8.4259,1.3683
-15.391,7.1608,2.0525
-3.0396,6.6872,-4.3055
-13.906,8.4315,4.9374
-15.369,4.739,3.0282
-15.957,5.0746,2.1375
-14.168,2.9481,0.8181
-6.5727,5.0687,5.3924
-17.373,5.659,4.7587
-10.066,7.2095,0.77575
-14.454,5.9215,5.8781
-17.609,5.1962,1.7283
-18.739,4.0525,-2.7467
-16.513,2.9427,-2.025
-20.446,4.599,1.6577
-5.9144,4.8974,0.38142
-7.0915,7.2446,1.7954
0.95782,6.1592,-4.4615
-11.378,6.7031,7.6578
-12.971,8.437,7.4573
-14.576,5.2283,4.9691
-10.204,7.0189,12.407
-19.967,7.6628,-2.9974
-15.613,5.4312,3.3485
-6.8728,2.6658,0.96152
-9.9123,7.8016,6.6673
-9.9829,6.1445,3.735
-11.454,7.44,6.5157
-9.8065,5.271,5.2879
-16.267,6.8043,5.6629
-16.627,2.5649,0.85197
-12.514,8.5517,9.1231
-8.388,2.8768,0.87589
-11.709,11.011,3.3508
-2.8011,4.0742,-0.79422
-19.28,7.7546,3.8694
-8.9569,3.1127,-0.095175
-4.2201,3.4359,-5.4125
-8.7167,6.4342,7.5672
-1.6261,2.9462,-1.8708
-7.7544,5.1378,8.5219
-8.1789,6.5134,5.6796
-15.669,1.8034,1.2119
-10.15,7.1313,4.2707
-20.312,3.3429,-2.5126
-17.372,4.0018,-0.64281
-3.6966,3.8051,-1.5982
-8.4837,6.6254,6.2777
-11.795,2.7593,8.0695
-16.786,5.631,1.9939
-22.526,2.8349,-2.4024
-13.685,3.7748,11.182
-21.054,7.896,0.41853
-21.293,2.2596,-3.5972
-21.5,-1.0688,-5.3358
-16.595,7.9817,0.19258
-14.138,1.1176,8.113
-3.7928,2.7831,-2.8241
-11.305,7.9068,8.1452
-17.101,4.1824,2.8931
-6.2681,1.1492,0.81563
-6.3559,4.2826,-0.81619
-21.189,1.6578,-7.7335
1.0599,-1.1006,-3.381
-8.7303,3.6118,2.5769
-18.815,2.7113,-0.5148
-19.196,4.2694,-0.67664
-9.6328,4.96,1.0993
-21.523,4.6386,-5.843
-12.189,1.7553,5.9917
-22.862,0.45877,-2.9048
-14.563,5.6158,4.7795
-21.921,1.6653,-1.8808
-14.317,6.906,4.6599
-5.3109,7.0446,1.8568
-3.5109,2.3632,-4.2085
-13.088,6.2988,5.8792
-7.7276,7.2206,3.4691
-20.447,2.7484,-1.0982
-12.821,6.8182,5.65
-14.236,6.67,5.2215
-16.648,5.1256,3.9816
-16.146,6.1926,3.1967
-18.363,3.8625,-0.77922
-12.033,6.6791,5.902
-4.302,4.4213,-1.4373
-11.011,7.3149,6.8857
-4.8676,3.8861,-2.5665
-11.31,8.196,1.3062
-5.7043,1.145,-5.9372
-20.464,4.8703,0.76294
-4.8297,4.7906,0.23445
-20.976,3.1927,-3.692
-20.2,1.9255,-3.6046
-7.5034,5.0214,2.4198
-22.394,6.6289,-2.9806
-17.981,4.2246,-0.44597
-4.7904,3.0988,-4.8724
-20.411,3.302,-1.8721
-15.769,5.9677,5.2051
-6.6302,4.6151,1.3874
-3.1961,1.3763,-3.0994
-1.5879,5.3449,-6.6051
-13.721,3.8674,-1.9724
-8.2316,1.7999,-3.9388
-16.053,4.8591,1.9728
-16.582,6.4644,6.7225
-11.505,1.4901,2.2089
-10.056,6.5681,6.8401
-4.8069,7.1206,-0.65552
-18.982,5.9717,-1.7759
-18.769,3.6879,1.8425
-9.4495,2.9174,0.14364
-13.41,7.304,8.159
-1.8193,2.9561,-3.5364
-5.4001,3.8918,-2.1137
-16.669,5.8341,1.9775
-4.6598,3.4023,-1.1952
-19.073,2.0342,-1.1255
-18.241,3.7907,-2.2243
-11.927,8.4433,2.3161
-3.5054,7.3796,-0.16961
-18.547,4.8694,1.9403
-19.569,4.0223,-2.3628
-22.507,0.87775,-4.2445
-3.4504,3.4306,-2.1048
-14.725,7.6219,4.7339
-14.796,6.0095,6.9309
-20.125,3.4353,-2.3058
-11.366,6.5411,4.2801
-3.3247,3.586,0.17852
-10.904,3.807,6.3042
-7.3938,5.9307,2.0468
-5.8396,3.0875,0.85106
-2.3291,2.7807,-1.6543
-13.752,5.1889,3.8128
-21.427,2.8993,-1.7149
-5.4134,3.5889,-6.4504
-18.067,3.4943,-0.45354
-18.117,3.3343,0.67152
-18.34,4.1145,-0.6391
-13.135,6.7529,7.321
-12.939,7.511,7.5116
-13.862,6.4795,4.7783
-7.2806,0.017334,1.6109
-8.1107,7.1979,4.863
-1.3658,2.8833,-3.9538
-9.5643,8.2852,6.8144
-3.7408,0.8549,-4.4144
-19.454,5.0425,0.0059015
-17.978,3.4632,-1.2506
-16.612,2.5461,8.7885
-18.356,8.2335,-0.0072329
-9.7351,4.3008,6.926
-8.7993,8.1422,6.4382
-16.406,4.3157,2.1837
-20.115,6.4175,-0.24731
-6.7723,3.9386,-0.95714
-1.8614,2.6629,-3.8965
-19.434,4.1781,-1.3447
-21.093,0.98133,-1.3471
-12.647,6.2187,6.8376
-19.738,3.7778,4.4765
-15.055,5.1011,5.9767
-14.118,7.0894,5.4419
-3.3796,5.0689,-0.41538
-15.582,7.4856,4.598
-3.6591,3.1271,-2.6082
-15.451,7.9045,4.517
-7.2384,2.0224,3.4965
-4.4957,4.0746,-0.27775
-19.054,8.0011,4.1243
-7.0258,5.7908,3.5408
-15.144,6.6095,6.264
-16.088,4.5545,4.0843
-4.8686,3.5265,2.7057
-6.5413,5.5216,2.0628
-12.832,4.7437,-0.093281
-17.573,4.1071,6.8616
-7.1911,5.443,5.5317
-5.978,6.1434,0.94034
-15.913,2.0926,2.185
-6.9927,7.3249,0.58663
-16.6,6.452,4.75
-20.956,2.7043,-2.8876
-7.803,1.9892,-3.2292
-13.697,6.729,6.9872
-6.2318,6.2599,3.4141
-20.143,3.7481,-2.0145
-2.1095,1.1118,-3.5605
-8.8657,6.2145,5.4502
-21.234,4.583,4.6977
-3.3056,1.3561,-1.6644
-20.668,5.7875,-1.1002
-3.5998,3.8283,-1.0882
-12.489,7.6661,5.5545
-17.18,3.5954,-0.68266
-24.817,5.707,-3.3347
-20.485,2.8421,-3.0784
-17.204,4.9715,1.4632
-2.9728,1.5556,-2.4577
-22.3,2.9346,-1.446
-19.318,5.2246,4.9542
-11.719,7.2654,5.3142
-16.781,4.4278,4.0738
-13.911,5.947,3.2646
-17.64,5.7305,3.419
-3.0792,2.6817,-2.7804
-16.859,4.0138,-6.067
-14.777,6.433,4.3693
-2.2786,0.77997,-4.2806
-20.792,0.7162,-5.5051
-18.651,7.0274,4.844
-23.14,-0.44185,-2.9027
-21.453,3.3532,-4.0442
-3.6638,3.2414,-1.7157
-18.344,4.3004,-3.365
-4.1151,2.2078,-1.36
-3.8505,3.1378,-4.61
-9.3932,6.1012,4.4328
-3.8988,3.9976,-2.2071
-6.1853,6.2715,-1.8507
-6.9016,4.9725,3.7054
-5.9914,5.6872,0.06106
-10.587,5.4712,7.1296
-6.1533,8.6773,4.5392
-3.4112,3.7942,-1.3396
-0.50392,-0.13723,-5.0659
-15.185,3.1986,4.8739
-16.526,5.7583,2.5307
-14.99,2.966,4.1992
-3.4993,3.095,-3.2948
-22.108,1.879,-0.8676
-6.2557,0.60048,2.7832
-5.4887,5.5405,3.6552
-2.9669,4.2785,-1.5246
-12.196,9.873,7.6843
-6.1275,4.8179,-4.3755
-22.734,3.5135,1.5766
-14.846,6.6972,5.9902
-14.971,7.042,-1.6364
-16.242,8.615,5.05
-22.247,5.8272,-0.3343
-15.234,4.9824,5.7479
-10.149,-0.04744,2.5205
-12.212,2.7931,7.3589
-18.25,4.4118,-0.36309
-15.628,4.5846,2.6239
-19.91,7.0354,-4.0121
-20.784,3.2723,-2.2432
-23.216,3.8216,-1.3349
-7.9428,5.4404,2.299
-12.867,8.7331,9.3312
-11.65,7.1428,7.4708
-9.5313,3.0696,3.4251
-17.597,6.3044,-3.0703
-10.771,7.2848,8.3162
-15.106,7.9226,1.8623
-16.933,5.4384,4.6408
-15.767,6.8067,4.084
-12.385,5.6822,6.6088
-22.111,4.4221,-2.875
-1.5748,2.976,-3.0751
-15.722,4.3731,3.1333
-10.9,5.4989,5.2891
-14.011,5.6175,4.9021
-13.552,5.9778,6.4799
-18.575,8.1034,-2.138
-22.624,2.9826,-4.6893
-2.6856,-1.5797,-0.013428
-10.919,7.5109,5.6705
-8.8153,8.1347,5.4739
-12.229,3.6903,4.6054
-4.459,2.3026,-1.788
-1.8407,5.4661,0.82238
-15.594,5.8748,5.4787
-23.512,4.9683,-2.2916
-15.507,8.0292,7.4359
-0.25466,6.1027,-4.9051
-3.8899,1.314,-2.2304
-1.3309,2.2986,-3.6236
-16.807,5.9748,3.3945
-21.403,3.4666,-3.4918
-6.0878,4.8457,-0.43246
-7.8345,5.8102,4.2656
-17.644,4.5934,0.50738
-9.5954,5.8905,5.17
-8.6499,3.3543,5.2716
-0.32135,2.7664,-0.076425
-23.313,6.7596,-1.9932
-12.955,7.6702,6.3739
-13.84,6.7389,6.1528
-10.256,8.6772,3.1885
-13.347,7.0361,6.4232
-10.104,8.1552,5.6079
-2.9553,3.0426,-1.4365
0.86187,3.4475,-2.142
-13.419,5.955,4.8975
-16.046,5.2564,3.9459
-3.9786,4.3275,1.6426
-25.308,3.0119,-3.4699
-4.8428,3.2445,-2.5479
-8.033,5.2764,7.8758
-6.6077,5.405,-5.3516
-4.5102,3.7265,-1.4173
-6.5966,5.85,1.9101
-6.0358,5.5102,5.8111
-11.5,2.4849,3.9826
-9.6548,6.5082,4.7783
-13.617,7.1982,5.956
-9.7206,7.3817,4.1259
-11.311,7.572,6.9307
-4.1127,5.2957,1.9288
-22.607,3.5607,-2.4254
-1.9482,5.4221,-2.538
-13.19,6.5413,9.2912
-10.205,5.6569,5.5763
-9.0787,5.673,3.8341
-15.15,6.4376,4.4875
-4.3942,4.2573,-3.044
-16.591,5.6177,0.96445
-4.9843,3.8926,0.53212
-17.81,4.578,-0.87723
-11.904,4.4776,3.3354
-21.669,3.7982,-4.0075
-4.8498,3.5209,0.45758
-19.155,3.6311,-1.8495
-9.5338,6.9418,8.2977
-2.9812,2.1556,-0.91478
-16.894,4.1951,4.0536
-4.1238,0.40039,-0.00062964
-13.727,5.8403,10.3
-8.6382,4.3434,1.3154
-9.436,7.8741,0.42885
-5.9129,4.9414,0.52156
-15.339,9.1329,7.018
-10.536,6.2328,6.1726
-14.772,5.057,-2.0232
-16.725,4.6824,-1.09
-5.5007,3.8208,-0.97688
-3.6727,3.1691,2.2263
-16.977,10.205,7.6624
-13.426,5.6157,5.6892
-22.368,0.40771,-1.6717
-11.47,6.2638,7.2302
-6.1447,4.2288,1.389
-11.662,6.285,6.3763
-0.99827,2.9475,-1.7254
-25.385,3.2348,-3.3022
-23.382,6.1282,-2.4643
-17.5,5.1728,3.1454
-14.593,5.6196,5.9756
-22.193,4.349,-4.141
-5.6942,5.0236,0.17624
-18.918,4.842,-1.1659
-14.049,6.8865,6.043
-2.5252,-1.4573,-3.5381
-11.61,7.9953,7.4142
-4.9361,7.4229,2.1733
-5.963,3.8702,1.1878
-3.8336,3.5787,-2.0768
-8.5263,6.2923,4.0158
-19.218,3.8204,-0.85515
-13.365,6.5311,6.9423
-4.2235,2.945,-1.3779
-3.1874,3.0937,-2.065
-20.76,1.5413,-3.5461
-16.949,2.2668,-1.1671
-15.251,7.0892,2.01
-14.884,4.9522,2.6469
-17.638,3.8296,0.98736
-24.53,2.9819,-1.9318
-13.878,3.6833,2.6188
-26.298,6.2816,-5.4515
-8.6617,4.8621,3.3351
-2.2677,2.6699,-2.7656
-15.375,5.5796,3.563
-2.4723,2.5211,-2.9864
-22.682,-1.1497,-2.644
-6.8994,5.4643,3.2038
-21.617,-1.0843,-4.5382
-20.455,1.5492,-2.8997
-7.9389,4.0426,6.4787
-7.5613,7.047,2.063
-11.735,8.014,6.7908
-19.186,3.8453,-0.98284
-5.9173,2.9652,-1.7711
-18.141,3.3646,0.029823
-8.837,5.606,-2.1068
-1.629,2.8505,-2.7381
-4.7215,4.0745,-0.23043
-4.2315,4.279,4.4364
-16.271,6.1033,3.2015
-11.418,5.9821,5.6841
-8.8908,6.82,6.8608
-4.1676,3.4146,-2.4566
-11.787,9.8345,2.8668
-16.415,6.6896,3.0572
-2.5281,1.4377,-1.9005
-5.0433,4.6406,-1.0517
-19.636,3.4058,-1.8056
-11.118,5.2505,4.4796
-22.318,0.4723,-3.1534
-25.419,3.0364,3.6043
-7.5085,4.2425,1.5478
-7.2471,5.0746,3.6605
-3.5552,4.1808,-1.6243
-9.3934,2.5777,3.9928
-15.337,6.9413,9.0454
-7.9262,6.4572,3.2477
-16.058,9.6674,-1.4053
-12.477,10.219,4.8032
-7.0063,3.0731,4.9818
-4.278,3.9335,-0.32661
-10.626,8.7158,4.7159
-11.887,3.2091,4.8393
-13.406,6.4093,6.8019
-9.7328,4.0399,1.3177
-3.3419,3.6332,-2.4137
-9.8145,7.8417,6.2423
-16.633,3.6056,0.51148
-15.59,5.2995,2.947
-16.933,4.9593,0.76138
-7.4202,3.1106,2.4557
-16.378,5.3721,4.47
-14.683,7.2681,8.9252
-2.8213,4.8155,4.6798
-1.4985,2.3392,-1.1947
-20.509,4.9456,-1.5059
-8.6061,4.1256,2.6222
-13.818,7.1159,5.8516
-1.4596,6.034,4.8654
-21.228,2.9705,-5.17
-0.23562,4.1259,-2.9101
-18.39,5.3602,3.361
-19.553,3.6872,-0.33087
-7.1543,2.8965,4.3846
-23.451,1.1349,-6.3033
-6.5443,3.9034,1.8734
-13.534,7.1329,7.1942
-1.8492,1.8378,-5.2375
-22.113,2.7613,-2.3001
-6.8715,4.9515,1.2691
-11.588,6.1838,5.9395
-21.179,2.4836,-2.8876
-9.016,5.3534,4.7048
-16.997,5.8934,2.4039
-14.395,4.0887,2.9166
-18.453,4.7183,-0.53912
-15.958,3.9368,6.9507
-10.642,11.347,12.272
-25.025,5.2509,-4.2731
-12.815,6.6253,5.5477
-17.764,4.798,0.30552
-6.7966,4.9024,2.7344
-4.1885,7.5793,3.3096
-9.8052,3.4306,-2.2785
-3.5718,5.4942,2.6949
-21.451,4.7162,-3.0131
-19.9,3.9409,-2.5211
-22.248,3.2181,-3.148
-21.701,4.4023,-2.9623
-4.9892,4.8724,-2.0074
-10.156,1.6471,0.67778
-21.612,3.0921,-2.6407
-12.536,4.3526,7.1929
-2.3815,4.6607,2.5692
-21.822,1.5501,-2.9156
-16.27,2.9883,1.5106
-3.9892,5.4191,1.338
-10.859,7.3094,7.6901
-9.9342,6.4213,4.3349
-0.72297,4.6883,-2.0895
-8.6101,0.2108,-0.71044
-21.045,4.4013,-2.4383
-4.1541,2.984,-1.8706
-3.7366,3.4113,-1.7973
-18.275,4.7052,0.62372
-15.741,6.552,4.5274
-24.406,1.3373,-4.0923
-18.668,2.806,-1.66
-21.629,2.6954,-3.703
-15.064,6.7047,5.1649
-1.6715,2.1636,-2.6141
-5.5475,3.711,-1.4212
-21.699,3.4798,-2.0918
-2.0223,3.4074,-0.1832
-6.8211,5.2014,1.6996
-8.9115,7.023,4.2744
-9.3443,6.9985,7.5682
-13.19,6.7534,7.25
-21.994,4.0105,-1.6588
-2.3249,3.0296,-2.232
-1.5347,2.4913,-2.467
-16.657,5.057,1.5383
-4.3476,4.0968,-0.65937
-18.373,3.7738,-0.29875
-7.193,7.3081,3.7871
-6.2105,4.2416,-0.22997
-9.6624,6.1752,4.2885
-17.634,7.1873,2.0739
-18.121,2.7007,-1.2168
-7.878,1.9428,2.1492
-5.1858,2.8738,-0.77175
-13.987,6.2728,5.1625
-17.398,4.4554,1.8247
-13.782,10.197,3.6317
-6.8389,4.366,0.39811
-4.3842,5.1433,-1.1148
-15.901,5.944,1.528
-0.42555,4.0541,-0.21675
-12.945,6.9982,6.7135
-21.596,4.7647,-5.9892
-3.4469,2.4651,-3.6543
-8.4757,6.7214,2.1343
-18.987,0.99177,-2.8802
-15.713,7.8533,3.5033
-14.891,5.6013,4.3335
-0.3985,2.5687,-2.6475
-5.2202,7.6454,2.4056
-22.182,4.0403,-3.4407
-19.805,6.2499,-5.0073
-1.625,0.26591,-4.1656
-6.1757,2.5306,2.613
-10.809,4.7456,0.65618
-14.328,10.266,9.0569
-11.693,4.7528,2.789
-6.4594,1.4183,-1.958
-17.803,2.2828,-6.402
-10.943,5.7411,1.9337
-0.98749,2.7916,-2.8744
-15.832,7.1242,6.3243
-8.5493,6.5873,2.7801
-12.614,9.3337,5.8052
-7.8644,5.0366,3.3316
-17.04,7.6285,-0.60994
-20.873,3.0728,-1.4118
-18.276,2.6319,0.19299
-14.694,6.7986,4.469
-23.059,1.9975,-4.6452
-19.333,4.2674,-1.61
-10.159,5.6697,4.8378
-14.694,8.46,3.0698
-9.7609,7.8147,6.519
-3.5138,3.1924,-0.62855
-23.48,5.4787,-1.858
-6.4695,6.5107,3.0402
-17.432,5.1249,3.1454
-5.2158,8.6459,5.2765
-6.5874,4.9172,2.8816
-14.939,-0.88947,1.2716
-23.61,2.9003,-0.44201
-10.436,6.2733,5.2236
-6.5817,4.5092,2.055
-10.645,5.5947,6.8555
-9.6904,8.784,5.044
-21.617,5.3188,3.3247
-23.121,3.5668,-2.2832
-6.3176,8.577,5.6215
-11.972,7.1184,6.1794
-8.5956,5.1782,2.3262
-8.2905,4.3071,1.1586
-11.574,2.1061,1.1028
-7.3418,7.0386,4.4811
-12.535,7.2769,5.3607
-6.8611,5.8679,0.24201
-9.953,2.6901,10.005
-21.226,3.0644,-2.5114
-6.4059,6.297,-0.22792
-17.17,6.7976,4.9975
-9.1388,6.0273,4.7449
-19.595,4.0283,-1.3404
-21.187,3.3055,-4.569
-15.008,5.5531,4.7473
-19.554,7.8806,-2.0862
-13.979,5.6265,5.7157
-10.062,5.5555,5.0874
-21.579,1.1033,1.4962
-7.5173,5.0082,3.9348
-14.903,12.733,6.4866
-15.321,5.4772,2.5755
-5.2066,4.0715,0.57195
-21.301,2.9846,-2.1717
-13.419,8.7465,6.9624
-9.7188,10.547,5.4957
-4.425,3.5806,-2.8673
-21.799,3.0127,-3.6577
-11.119,6.7075,5.5284
-8.659,6.411,1.2249
-15.135,5.9901,5.0841
-3.7582,8.1628,-0.42847
-13.324,7.2259,4.2889
-6.1247,4.2099,-0.41513
-0.91052,2.4795,-2.9209
-0.15652,0.45901,-3.6754
-15.865,10.219,1.0435
-9.4301,6.7886,5.8551
-1.5298,1.8103,-3.3577
-9.0775,2.9416,1.8796
-25.382,2.1256,-1.5564
-2.3998,2.408,-2.5507
-20.371,7.8471,1.2332
-20.499,2.7043,-2.3588
-19.8,1.8221,-2.2491
-18.666,4.0905,0.30098
-8.3789,6.4173,1.3698
-10.667,6.4262,7.1154
-20.6,2.9006,-1.6789
-11.774,4.7521,4.6652
-6.8182,3.887,4.0474
-9.2854,5.94,1.4313
-6.0878,4.6279,3.3659
-9.9883,8.1178,7.441
-15.464,7.7707,-0.99537
-8.5044,5.9709,3.3166
-17.203,5.0385,0.93487
-20.686,-0.22753,-2.4737
-12.417,8.2725,-0.96985
-2.6702,4.327,-10.012
-19.848,3.2285,0.31346
-15.613,4.806,3.7611
-10.421,8.759,11.645
-7.608,7.8467,0.782
-15.148,6.4326,5.744
-13.661,7.2319,6.3585
-2.5394,3.8713,-1.5248
-20.475,1.8401,-6.7576
-3.5113,1.5015,4.4766
-6.4457,5.0971,0.34243
-19.5,4.2559,-0.6474
-15.088,5.8015,4.786
-15.992,4.9881,4.4088
-9.3782,6.4804,6.621
-14.081,4.3273,1.078
-14.606,5.3825,4.5363
-15.062,4.848,3.0067
-6.993,5.4358,3.6969
-15.159,5.845,4.7849
-6.0041,4.1157,1.2841
-21.564,2.2143,-3.0827
-22.096,3.2582,-2.296
-12.038,9.0913,5.1415
-19.834,3.263,-0.61551
-21.94,3.3129,-2.0469
-17.496,4.064,-1.3401
-20.428,4.2176,0.2895
-15.989,8.7761,5.4494
-12.861,6.7399,7.1946
-9.8624,5.3287,8.0292
-15.598,5.626,2.8972
-19.789,2.9607,-4.0229
-22.796,3.539,-3.6896
-21.893,3.6564,-1.6886
-22.16,10.238,1.7584
-2.3977,2.2975,-2.5432
-9.8233,6.1255,7.5293
-5.3925,4.4932,-0.84615
-5.5833,3.9016,-0.29551
-10.147,6.7812,4.1
-6.6862,4.9487,-1.4567
-14.443,5.5254,5.0471
-11.927,7.107,12.676
-13.599,6.7642,5.8239
-2.936,4.8838,-0.17392
-11.007,5.3984,5.6791
-14.001,5.7094,5.3725
-4.4112,3.0872,-0.38667
-2.1387,2.7617,-2.4779
-21.249,5.1188,4.7143
-6.2103,4.9996,2.6062
-3.9179,3.8801,-7.4861
-17.393,6.4144,3.0618
-11.272,7.3621,6.0589
-17.093,3.6659,2.5124
-22.062,4.7686,-3.2238
-1.9542,2.1218,-1.9371
-19.378,5.0381,-0.39336
-10.379,3.6381,8.3179
-4.9217,4.647,-1.3253
1.6482,0.44831,-0.54693
-19.09,7.2984,-1.007
-22.247,-1.4467,-1.5479
-16.737,5.4972,0.2824
-20.075,3.898,-1.3023
-2.6103,3.3679,-3.0943
-5.7434,4.4855,-1.776
-16.592,2.7312,0.49408
-6.6976,4.0512,2.3364
-5.9713,4.5543,1.4509
-16.268,4.9569,3.5899
-8.0608,3.3374,4.2893
-2.5406,4.028,-3.7949
-18.429,4.9116,0.3217
-6.4085,6.0816,1.2979
-18.644,1.8202,-4.5518
-9.5897,6.0667,2.6451
-20.563,3.2134,-2.2649
-6.1709,4.8047,0.99725
-3.5581,2.7242,-1.7642
-4.4684,6.3756,1.8374
-5.2255,3.2314,-1.9454
-18.109,3.4531,-0.3395
-14.601,0.48994,7.7369
-13.688,6.4642,4.7859
-4.1047,6.7529,0.94359
-21.352,4.2086,-1.6973
-15.736,6.8984,5.996
-4.3669,5.8197,2.1562
-20.39,3.864,0.67426
-17.934,5.7756,-0.11127
-5.6412,4.5707,-0.67788
-8.4919,5.7646,5.8851
-16.398,6.1338,3.9205
-20.855,1.8012,-1.871
-4.5201,6.8406,-1.8363
-6.3285,3.8069,0.090372
-10.269,10.311,7.943
-1.8671,3.7475,-2.5863
-8.5746,2.9521,4.7856
-18.892,3.0967,-0.69467
-19.997,1.3632,-2.9666
-18.873,3.6082,-4.0827
-17.115,5.0981,4.6825
-9.8843,5.8791,5.9364
-0.55257,3.7388,-4.2377
-7.6664,7.5808,6.0131
-13.913,9.9555,7.1865
-3.4102,-0.36902,-2.0889
-11.544,6.5357,8.1056
-6.2564,3.2723,0.99378
-19.432,4.5744,-0.73801
-9.686,5.7664,6.152
-9.2303,6.8718,12.402
-7.028,5.6808,2.469
-8.532,3.6773,3.0185
-18.918,7.1621,-0.496
-17.058,5.2794,2.2971
-4.4937,3.2363,-0.79777
-4.2351,4.3404,-1.1206
-10.846,7.0208,6.6472
-18.774,5.3266,-1.4488
-15.808,5.8091,2.7936
-17.465,4.7559,2.1807
-7.8652,3.4854,2.7733
-17.082,6.1664,6.7105
-9.3718,6.1981,5.7124
-18.201,5.4585,-1.6252
-17.034,0.461,-1.0187
-3.4523,1.8731,-1.9753
-16.275,4.792,2.1011
-4.6225,2.791,-2.6966
-15.1,6.1269,3.6975
-6.5766,4.0369,3.7377
-1.8609,2.923,-2.2068
-1.8152,2.8186,-3.2349
-11.79,9.0633,6.6501
-20.923,2.482,-3.6558
-20.607,1.2757,-1.2984
-11.186,6.5575,6.219
-12.482,3.3879,6.671
-11.65,6.4282,5.9229
-4.4221,3.6296,-1.9297
-6.343,4.4814,0.67536
-21.426,2.7044,-2.3372
-14.266,6.5207,7.4778
-1.9658,2.3297,-3.3658
-18.053,4.6979,2.6254
-2.207,2.3711,-2.7199
-9.5817,0.54248,2.6241
-8.2841,7.9455,5.9934
-16.685,4.1912,10.345
-11.574,7.0554,7.9504
-6.244,0.57805,0.046993
-3.979,4.3405,-1.3557
-10.083,7.2451,4.5295
-19.364,4.6365,-0.729
-8.4612,4.4755,7.7387
-18.786,5.6262,4.2841
-19.464,3.3489,-2.5199
-13.424,7.5768,6.1675
-15.048,5.7245,2.2101
-19.6,3.5538,-1.0965
-20.537,3.9668,-2.566
-19.787,2.9885,-3.5337
-6.4616,3.4274,-1.0036
-18.735,3.5327,-1.9168
-4.1364,4.9607,-2.0846
-17.739,3.5612,-4.0019
-10.236,6.0876,4.5826
-9.7207,5.7054,8.3958
-3.0139,3.9443,-2.934
-9.1167,7.63,6.2765
-5.2635,4.0635,1.529
-6.5604,3.8275,0.70999
-11.08,6.0417,6.1436
-21.401,4.0402,-4.2795
-12.224,5.371,4.7538
3.0377,3.8561,0.50063
-13.888,7.514,5.6793
-12.291,6.0448,6.102
-17.606,5.033,1.5572
-20.287,4.4259,-1.5898
-20.582,3.1881,3.0576
-4.3944,4.8418,-1.3955
-23.596,2.7381,-3.7112
-8.8969,1.1135,5.0033
-11.432,7.3139,7.7301
-17.192,7.5092,1.2456
-6.9564,4.9068,3.3739
-14.122,6.8453,6.6705
-21.278,2.4621,-6.3557
-11.83,6.7396,6.5417
-17.504,4.0457,0.23916
-17.16,5.3239,1.1243
-2.0659,3.2857,-3.8103
-4.7096,5.9711,-2.2202
-20.616,3.8288,-3.7597
-15.962,5.5939,2.9505
-4.7035,2.0828,-3.7459
-4.3733,1.866,-2.9212
-3.5319,0.56037,-4.454
-4.4707,3.4814,3.5272
-20.155,3.1763,-1.6125
-15.96,4.9396,6.0123
-8.0178,2.5147,5.9946
-21.393,2.0738,-3.3963
-20.884,6.3955,-4.8543
-14.846,6.4674,4.8851
-5.8256,4.1294,-1.1179
-2.7137,3.6851,-3.1103
-9.9535,6.2061,4.8853
-3.7247,3.0991,-2.173
-15.195,6.4548,4.1579
-4.686,5.7436,4.6833
-8.4435,5.7808,3.0899
-13.456,4.0478,7.0244
-7.2853,8.3604,-0.40571
-12.045,7.5522,6.7195
-18.091,8.7845,-5.1537
-21.363,2.1776,-2.3744
-5.6202,4.74,1.6124
-12.219,7.6932,5.3699
-7.1784,7.0655,0.55757
-21.429,2.8895,-1.1116
-14.224,4.6802,2.798
-5.1589,2.9283,-0.86588
-23.869,6.2123,-6.6212
-0.49267,2.7198,-3.7195
-14.776,6.5465,3.3918
-8.8207,6.1226,5.157
-9.3606,2.1939,-2.3294
-8.8873,5.1368,5.6083
-14.322,5.8812,4.9598
-19.126,4.1008,-0.59988
-20.515,2.8046,0.40075
-12.685,1.5478,7.358
-10.111,7.3011,4.6584
-15.905,4.6455,3.6743
-6.1777,4.7418,0.21445
0.090408,7.5459,0.46787
-17.771,6.1543,-3.1526
-0.19505,1.9156,-3.6607
-18.242,4.8111,-2.1
-13.461,6.6206,4.9592
-3.1186,7.4532,-2.1451
-1.4733,4.9421,-1.9602
-17.055,6.5898,-0.19206
-8.8933,6.5463,6.6749
-6.4948,7.698,-1.6039
-11.792,6.3139,6.9409
-3.1983,3.2065,-3.7811
-11.351,8.7511,8.9372
-20.622,3.2431,-3.8324
-22.647,2.3186,-3.9284
-15.758,6.3811,2.4065
-5.852,5.4595,0.29495
-5.9859,5.7173,1.8201
-17.097,5.4488,3.8138
-3.5579,4.8502,-1.4785
-1.5477,4.9703,-7.4185
-17.643,4.2615,0.43418
-17.548,3.4832,0.22684
-17.235,5.4817,2.5012
-15.024,7.2527,10.603
-8.8686,6.1407,6.2722
-10.009,6.5876,6.363
-14.521,6.8219,7.1788
-23.684,1.0713,-3.6143
-5.2524,0.55426,0.44142
-3.4208,4.5229,-2.4975
0.61991,2.7263,-2.0388
-16.159,5.5895,4.5926
-20.645,3.5089,-1.5595
-9.9038,4.9772,4.7993
-21.073,0.029566,-3.8367
-18.492,3.0381,-0.18356
-18.346,4.3056,-1.3431
-17.818,4.3202,-0.31914
-13.513,4.3619,4.5615
0.20023,4.6645,-3.5729
-18.763,2.3358,-1.3441
-9.8325,6.6909,1.2893
-7.9754,6.7791,-1.3526
-4.5379,4.4961,-1.8994
-7.2361,5.1805,1.751
-19.005,2.5831,-0.4092
-16.255,0.32708,4.958
-19.585,7.1789,0.36904
-17.127,0.24676,-1.8611
-8.9119,5.5902,3.0137
-3.1779,5.0165,-2.3021
-22.419,3.8011,1.4944
-3.2057,3.3463,-2.8823
-21.848,4.2549,-1.4383
-21.735,1.2204,-5.4506
-18.428,3.5682,-0.95299
-17.311,4.996,2.5861
-18.638,4.3732,-0.9804
-11.277,8.5601,11.481
-4.6734,3.5463,-1.5639
-2.1639,2.7224,-2.9231
-14.217,2.7571,-0.24834
-19.663,3.419,-3.2496
-3.7454,4.39,-0.19197
-3.1632,5.1317,0.30575
-13.464,7.5634,2.1738
-8.0919,9.9664,9.6946
-1.6133,2.4312,-4.3691
-19.272,4.2323,-0.030759
-10.073,6.9879,7.8157
-15.379,6.881,4.6551
-2.517,3.8177,-2.288
-17.228,4.1161,2.6831
-7.5711,6.0186,4.8655
-15.884,6.2047,3.2412
-18.622,-2.5037,1.9384
-19.214,4.0459,3.783
-4.099,3.6039,1.5378
-16.55,4.9109,1.1289
-3.9428,4.9916,1.172
-13.114,9.3353,12.779
-23.541,3.8022,-2.3253
-6.5554,3.64,-0.37622
-14.021,14.14,3.318
-7.1382,5.6967,3.2425
-3.7892,2.5925,-2.8732
-17.25,6.5169,2.6982
-2.9781,-0.83212,0.98892
-2.6485,5.9031,-2.5804
-14.477,10.006,6.7595
-8.2319,8.4292,6.5998
-5.9877,4.4591,0.20078
-1.9369,1.8497,-3.4204
-19.406,5.4972,-3.1541
-15.979,5.0432,3.0617
-22.972,3.1923,-6.0613
-23.45,7.2902,2.5919
-16.191,5.3978,4.2009
-4.0013,4.5807,1.6725
-22.515,3.1476,-4.066
-20.664,5.135,3.1242
-7.1723,4.809,1.3066
-2.307,4.3277,-3.448
-14.806,9.9233,5.7031
-3.6444,4.8178,-3.0604
-14.1,5.4111,8.6957
-14.36,5.0966,4.082
-16.554,6.2581,7.1412
-19.495,3.7712,-1.6501
-22.164,6.3975,-1.2859
-15.145,5.2187,2.5783
-7.7833,6.5796,-0.44172
-22.307,2.2682,-4.266
-19.834,-0.6393,-1.3612
-20.199,3.5665,-1.4474
-7.6174,6.5738,3.6725
-12.284,9.3594,9.6453
-12.091,7.8749,9.4498
-11.329,5.4651,0.25487
-18.109,2.7683,-1.3478
-3.4422,2.5296,-3.3799
-0.7659,0.060218,-4.6145
-10.543,5.4975,5.4099
-5.0081,2.601,3.1518
-21.163,0.42027,-1.5014
-20.944,3.2102,-1.7058
-1.6045,6.7948,-5.5781
-3.4835,1.9113,-4.4915
-8.8323,2.904,5.6061
-15.774,4.2328,5.2944
-14.454,5.6892,8.5752
-1.5027,3.8063,-3.1409
-24.587,3.8802,-2.346
-20.538,2.7516,-2.1008
-19.86,2.7087,-1.9578
-11.076,3.6908,7.3
-23.261,7.6333,3.392
-19.909,0.39418,-2.6481
-10.84,7.4471,4.7667
-15.068,5.8367,3.3707
-9.2643,4.5731,10.509
-13.416,5.9091,7.0743
-4.4694,0.55658,-3.3212
-13.658,8.7106,8.6081
-12.096,5.9169,7.8866
-3.1747,4.013,0.14721
-8.5096,5.4041,2.0193
-4.3628,3.517,-0.94173
-18.769,4.464,-1.6727
-18.708,4.0215,3.5344
-22.047,2.181,-2.5369
-12.703,4.5119,8.8657
-16.52,9.2199,8.0244
-17.491,6.7952,-5.6649
-16.159,5.7079,4.1304
-20.797,-0.44867,-1.5561
-3.1366,3.3355,-3.1577
-4.4572,2.7819,-0.45078
-2.495,1.7903,-3.2104
-6.6439,4.3784,2.9375
-11.492,7.8962,6.7095
-10.54,5.2916,6.549
-9.9591,7.7137,3.0994
-4.037,3.9475,-1.3749
-19.314,3.6647,-6.7546
-2.1967,3.1306,-2.8887
2.5233,3.3722,-1.0349
-7.7213,5.7766,3.0462
-15.106,5.4973,5.4014
-15.089,10.869,5.6212
-19.774,0.41543,-6.1384
-14.432,5.7532,5.9152
-12.352,6.2824,6.761
-16.25,6.7611,5.3415
-4.8327,7.4548,0.65084
-2.2787,6.3211,-3.7856
1.05,1.4155,-0.81965
-13.093,7.8793,7.1405
-4.8554,1.1193,6.282
-16.25,7.0675,4.2587
-16.839,4.5337,3.0463
-19.84,5.3829,-2.6002
-4.8224,4.1864,-2.1551
-19.811,-2.8407,-0.21397
-21.186,6.53,0.56946
-8.9846,7.4675,-2.3802
-8.4406,5.6179,7.4249
-9.894,6.0636,4.4089
-6.8923,3.5474,-2.2438
-12.899,6.8545,6.1612
-21.807,-0.094952,-5.8491
-18.427,-0.74574,2.4481
-4.0634,3.6206,-1.6273
-5.4753,3.753,0.72081
-7.6763,5.2499,3.4199
-8.6233,5.1242,5.2426
-16.948,4.9867,2.6306
-6.4849,6.0597,-3.9053
-3.9763,2.9369,0.99317
-18.292,1.73,-1.1165
-1.5797,0.37299,-3.2636
-0.85211,3.1316,-3.2992
-8.228,4.4807,0.96353
-17.503,3.2838,-2.8744
-15.152,5.4132,2.6704
-18.467,5.4572,-3.8248
-19.487,3.4104,-2.7609
-0.038067,1.5302,-3.2756
-11.079,5.7941,5.9566
-5.6473,2.659,-0.94311
-16.292,6.2612,3.9238
-21.852,2.6504,-3.568
-15.341,5.7029,4.3848
-5.5618,3.6097,-1.0173
-22.203,3.3246,-2.5779
-10.686,7.2742,6.6843
-7.1407,6.0807,2.7834
-15.819,5.6132,3.8014
-19.545,4.8492,-2.7854
-22.996,4.7944,-3.2209
-19.875,5.8265,-1.3165
-20.113,2.4989,-3.0957
-13.231,5.3389,4.8491
-9.0273,7.1714,6.3628
-5.8764,3.5205,-2.6088
-16.388,5.0408,1.7697
-11.163,6.5349,6.9458
-3.8712,3.8353,-3.3739
-18,8.2992,2.3297
-5.5897,-2.6716,0.25878
-5.4241,3.2002,-1.1108
-6.6862,5.33,0.74403
-11.661,6.6547,8.0462
-5.391,3.653,-0.40253
-23.482,7.7223,-2.4185
-4.4552,6.6676,-5.855
-2.056,2.2766,-2.2756
-3.844,3.6849,-1.4682
-2.2265,3.6336,-1.9763
-21.567,4.4255,-5.5765
-5.2457,9.2643,6.2112
-21.709,3.9975,-3.3946
-14.392,6.77,2.2853
-20.618,4.6077,-1.9957
-8.4579,4.7731,3.7612
-18.26,6.6422,5.0082
-15.283,4.6851,-0.10931
-6.1912,6.0015,2.7282
-11.234,7.5182,8.524
-16.456,4.9979,1.9788
-8.6394,6.2849,4.5485
-24.68,0.87105,-2.6324
-24.865,-1.2637,-5.7637
-3.7394,2.8499,-2.0132
-5.448,4.8894,0.71978
-21.013,4.2205,2.9843
-0.26739,6.4793,2.098
-17.545,4.2082,0.36284
-22.588,3.0525,-3.1987
-8.3633,10.74,6.196
-16.716,3.825,0.05344
-22.854,2.1327,-2.5043
-10.238,7.563,7.6475
-0.51487,0.6123,-0.73052
-23.04,4.2359,-2.9871
-21.408,2.0435,-0.49863
-9.9676,5.5833,4.0143
-22.452,2.873,-3.9161
-0.29035,-0.27445,-1.8025
-2.5027,3.5779,-3.1607
-16.168,5.7341,6.0312
-21.938,1.7133,-3.5951
-3.1917,4.6333,-5.498
-17.632,4.2482,-0.71832
-6.2178,6.1761,5.1157
-5.5929,1.6646,-6.9954
-18.391,0.53045,-3.7602
-3.2305,4.3507,-6.1638
-8.7535,4.3052,4.5483
-21.221,3.375,-2.9279
-18.269,4.8815,-1.5691
-16.434,6.9188,1.2494
-22.55,6.804,-3.6594
-17.749,6.2758,-2.5047
-16.479,6.225,1.6444
-19.701,4.3665,1.3906
-1.2966,0.8457,-10.154
-19.048,2.3862,3.3109
-6.6264,4.2707,0.017242
-6.4772,6.3404,2.6838
-10.389,3.8399,10.688
-10.972,4.834,2.1864
-20.615,5.9943,-3.0363
-1.2135,2.8113,-4.1374
-20.536,3.0297,-2.8987
-7.0846,7.4024,1.4389
-20.947,2.0853,-5.1219
-22.583,0.21314,-1.9228
-19.383,3.8606,-1.7535
-21.903,4.8804,-2.5676
-18.727,5.1884,-1.2192
-15.119,5.6956,3.9425
-3.6121,2.6995,-1.2993
-20.596,1.3721,-3.9787
-8.9305,5.166,5.9073
-13.301,5.6236,6.3301
-22.44,1.3299,-4.276
-14.139,6.1555,7.959
-12.913,4.8266,2.3157
-6.5521,4.9016,0.81152
-15.055,5.7631,6.0696
-21.085,2.3683,-4.0302
-16.171,3.4312,6.7722
-7.515,6.7172,2.2513
-20.26,5.3924,-1.5514
-4.4426,3.6746,2.4738
-18.605,6.9124,4.5258
-7.4114,6.0958,0.15966
-3.0856,3.4909,-3.2888
-2.462,4.0343,7.2885
-0.88002,4.7371,-4.2818
-7.872,2.1931,-3.4656
-23.143,1.9312,-4.3384
-14.821,5.6922,5.0369
-6.8019,5.78,-0.13547
-10.538,5.7868,12.505
-20.296,1.2578,-1.2985
-19.521,3.5208,-1.5966
-18.904,1.7235,2.818
-13.687,4.052,4.9249
-7.8425,4.8226,0.1188
-18.056,3.3146,-1.1168
-18.555,9.49,2.8573
-10.534,6.994,7.9437
-11.073,6.239,5.9658
-8.3759,5.966,3.7648
-14.643,5.7012,5.0171
-9.516,5.0129,4.9029
-22.258,2.2951,-4.644
-19.969,4.2981,-2.0234
-2.6796,3.288,-3.8188
-5.2573,5.6922,4.8773
-7.4509,5.8,3.7138
-13.933,2.031,4.4435
-17.555,4.9803,0.072414
-8.9541,6.1655,5.0844
-9.3535,6.6875,3.275
-5.0205,1.991,-1.7324
-8.4012,4.7649,4.2125
-7.6441,4.772,1.3457
-16.485,5.2978,7.0782
-5.6259,4.6385,7.622
-6.7013,4.6425,0.18934
-8.2438,4.7073,3.7918
-8.6831,4.1774,8.3747
-6.5939,-0.86374,-2.7468
-8.5173,6.3802,8.2676
-22.808,2.9099,-3.1279
-13.953,6.8857,6.6936
-9.7154,5.3454,7.218
-16.605,5.6979,1.8028
-20.5,3.0924,-1.3796
-1.7306,6.0616,0.64301
-6.7202,9.5595,2.3769
-11.807,7.5766,5.9261
-22.868,2.9777,-2.6777
-14.332,6.5733,6.4392
-14.32,7.0407,6.7595
-15.668,6.1033,5.6863
-8.3203,5.5991,3.5552
-12.466,7.1028,7.2298
-6.1554,3.4972,0.7954
-21.55,3.5998,-3.0427
-13.36,7.4563,4.9238
-7.5741,6.9535,-2.1251
-14.549,6.2967,5.9001
-7.8451,3.3736,0.78135
-4.4313,4.195,-0.56259
-5.5125,5.6251,-5.5851
-10.903,3.8621,4.5035
-11.036,5.7921,5.0546
-1.724,4.4142,0.43442
-3.5491,3.2984,-3.2747
-1.8105,3.9578,-2.211
-9.1702,5.4192,4.9484
-4.0423,2.9536,-2.4045
-3.276,1.9499,-4.7471
-15.056,6.4689,3.5795
-6.958,5.581,-0.18388
-20.963,5.133,-6.5147
-17.447,5.3733,1.3311
-9.9464,6.9486,6.952
-14.717,8.2869,2.1202
-11.853,7.0997,6.4677
-3.4182,2.8592,-1.1367
-11.014,11.771,4.5529
-21.87,3.7661,-1.999
-13.778,7.363,8.3228
-22.072,0.9905,-6.6759
-24.753,1.3522,-3.7098
-7.853,6.3685,7.2208
-9.6776,5.8346,5.4711
-1.0102,2.5133,-1.6538
-5.921,4.3243,0.46583
-10.021,7.7195,7.474
-6.0494,5.0295,0.71684
-5.7837,2.6848,-0.5648
-11.724,6.3737,6.2054
-18.068,3.0548,7.2556
-7.1237,4.9012,2.7797
-11.003,6.6942,5.9855
-23.116,3.2807,-4.1343
-7.8507,2.6805,0.67224
-11.815,8.0428,5.9641
-11.311,5.1995,6.9956
-9.5452,7.1152,3.4134
-22.421,3.0154,-3.9615
-4.383,3.43,-0.22311
-18.39,5.202,3.2912
-5.5389,8.1859,-1.5679
-10.089,10.75,5.6523
-8.4663,6.5441,2.2147
-5.711,5.2298,1.694
-17.763,5.5272,-4.8327
-14.739,6.7766,6.6171
-8.7193,4.9436,8.2078
-23.296,2.0758,-3.4291
-9.6049,8.0245,5.6752
-9.6747,6.2957,7.0401
-6.9267,4.1658,3.2375
-10.936,6.431,6.3229
-7.3817,4.2046,3.3264
-8.6019,6.5292,3.6951
-2.5663,7.7886,0.96351
-13.637,4.5516,5.4243
-6.9849,10.888,-0.59369
-5.6004,6.7212,0.83585
-13.384,9.8242,7.4069
-19.542,2.3405,-1.9433
-4.8581,7.0922,0.36682
-22.505,3.362,-2.5713
-22.418,2.131,-2.6613
-11.915,5.1539,2.6182
-11.608,6.8444,5.4341
-10.363,5.465,4.8244
-14.563,3.6478,6.9335
-17.165,1.7225,-1.8845
-12.346,3.4705,7.7923
-4.4682,8.8482,6.1731
-3.3997,2.7623,-0.89955
-5.214,3.2892,-5.9873
-17.299,7.2455,6.1046
-21.853,3.5666,-3.2211
-7.3665,-0.21479,-1.2726
-8.6499,4.1099,3.3817
1.3577,-3.0526,-2.9444
-12.395,6.4006,6.2364
-10.358,9.1054,7.3673
-5.5583,4.1312,0.60851
-17.521,5.0836,2.5257
-17.073,5.6468,0.77764
-13.706,7.3505,5.3883
-2.5124,8.6579,3.1146
-22.108,3.0041,-3.2567
-0.37577,2.5627,-4.3003
-22.177,4.0958,-1.2667
-21.298,2.1854,-3.1635
-10.21,7.4196,7.7013
-21.022,1.7126,-4.8266
-13.958,4.8426,-0.0067481
-19.662,3.0429,-2.3997
-13.954,7.0091,5.7262
-11.025,7.2395,7.9144
-20.338,2.4763,-5.3671
-21.665,3.2356,-4.5068
-22.385,2.4139,-4.6295
-8.8377,6.8573,6.7024
-23.25,2.3367,-3.9034
-18,3.2269,-0.8956
-14.568,3.3808,4.5041
-1.5712,1.6937,-2.4095
-14.373,6.6155,4.2363
-20.314,4.7627,-2.1426
-8.3617,5.3887,2.9644
-10.338,7.8386,8.1788
-9.1911,6.466,4.2913
-15.957,10.304,8.7376
-4.2561,2.8202,2.5633
-15.434,6.5914,5.8709
-10.376,6.8037,6.2398
-16.346,4.0574,2.9541
-11.657,6.6828,7.2811
-5.0602,4.6436,0.54372
-17.248,9.2577,2.6505
-20.135,4.8214,-4.1641
-23.26,4.0573,-4.05
-5.8208,4.8729,2.503
-1.5957,2.2208,-2.4588
-11.814,6.4619,10.745
-10.193,9.182,0.95643
-7.216,3.9334,1.0936
-9.7911,6.4966,4.6331
-0.45218,5.2845,-2.5585
-8.6343,6.4042,2.0964
-8.5527,3.0967,7.2859
-21.563,2.2574,-3.6156
-8.23,4.8437,4.2349
-11.026,6.2072,5.776
-22.196,-2.1809,-3.1472
-18.702,5.8569,-2.7233
-9.6705,6.5988,5.7153
-3.9495,3.4379,-2.8209
-11.163,4.92,2.6325
-8.5106,5.4235,4.5279
-15.668,6.1094,3.1818
-14.579,5.9212,0.58651
-21.777,2.5148,-3.4976
-0.083921,-0.79633,-5.4178
-5.5953,4.4149,0.5779
-8.7084,4.0949,5.835
-14.58,9.243,4.3427
-17.837,6.153,3.1954
-16.995,4.7814,0.6638
-7.5855,6.4084,1.7169
-19.625,2.5652,-2.8378
-1.8442,-0.97653,0.48275
-13.516,7.2061,5.1382
-21.275,2.3595,-2.349
-9.1837,6.1054,4.0236
-20.285,3.7929,-1.8232
-18.355,1.7992,1.0257
-10.237,6.5776,-0.74491
-15.759,5.1424,5.34
-19.064,-0.963,-1.8016
-7.5289,0.77702,-0.58626
-15.717,1.933,6.3385
-16.531,5.4156,6.8095
-18.41,3.9881,0.15295
-20.375,3.3192,-2.5245
-1.8751,0.35084,0.32451
-6.2121,3.5414,2.4011
-6.0604,4.396,-0.97878
-1.5554,2.4039,-2.9678
-14.996,8.9968,3.1449
-6.0495,5.0382,-1.8333
-15.693,4.007,4.3427
-21.875,2.5293,-4.3045
-8.2559,4.2581,6.6364
-22.127,5.3154,-4.6363
-7.4893,4.8397,-1.4183
-13.961,7.0002,5.6002
-17.811,3.3935,-0.37773
-2.9797,4.0732,-2.4477
-12.426,6.2849,6.3102
-0.60422,2.9133,-3.6365
-3.6459,3.0637,-2.4852
-2.4738,8.574,-2.0186
-7.5759,3.2003,1.1375
-4.3686,-1.017,-3.0488
-12.716,3.8617,7.9975
-1.725,1.7115,-0.76332
-23.737,3.0901,-3.2578
-21.5,4.1063,2.4579
-22.824,4.2648,-3.0523
-14.424,5.8786,4.2852
-12.874,2.2127,11.429
-4.2841,4.3125,-0.65526
0.81308,5.6544,-1.5136
-16.859,4.1238,-1.4658
-13.252,9.0143,8.8847
-1.8423,5.1855,-3.832
-17.575,5.9011,3.023
-8.6111,5.3189,3.8381
-13.074,6.2099,6.9843
-5.2469,6.3901,4.1437
-22.476,3.579,-2.1916
-13.063,4.7763,4.5745
-10.281,5.4733,5.0204
-21.474,3.5043,-2.2268
-19.666,4.1798,-0.55203
-7.8476,2.1804,1.529
-13.567,7.4569,8.027
-13.684,7.1638,5.0299
-10.434,5.6199,3.084
-19.164,3.3938,-1.1204
-20.545,8.5734,-3.6078
-20.431,2.9343,-2.7186
-1.8814,2.9137,-1.4116
-12.256,6.545,5.6509
-17.137,5.8386,4.4687
-1.6885,2.3948,-1.9177
-22.254,2.9138,-2.9693
-13.774,6.3535,6.0305
-15.202,7.0463,5.156
-12.403,8.4126,5.4099
-10.657,5.6977,5.9028
-8.8154,6.4417,1.4814
-22.709,2.8067,-2.978
-4.8668,1.7749,2.9704
-3.1365,3.0733,-2.4396
-16.241,5.5918,-0.38158
-21.032,2.8614,-2.1202
-10.168,5.7716,6.665
-11.847,7.4706,5.6321
-11.761,4.4032,2.9747
-6.3762,5.2714,-0.99331
-19.07,3.9454,3.2112
-13.757,7.8569,5.1898
-6.7904,3.1068,-1.4125
-15.004,3.7995,6.0287
-7.5781,3.9844,3.8246
-8.4682,6.8447,5.1753
-7.2054,1.4828,7.9188
-5.7199,4.8519,-0.12215
-5.7082,4.1736,0.23905
-22.793,2.6034,-4.384
-20.86,3.602,-2.0815
-19.038,1.8937,2.9123
-11.15,1.5992,6.8491
-8.5298,5.3751,5.7279
-14.664,7.6656,4.6435
-18.768,5.4893,2.0253
-2.0841,6.2399,-3.0392
-22.749,3.1968,-4.1852
-17.631,3.892,1.5343
-6.256,2.6265,-0.79186
-8.2028,7.0254,5.7755
-12.216,6.7959,6.8504
-18.844,2.5997,-2.1553
-8.21,5.6116,6.1913
-6.0145,4.8354,0.81442
-2.7456,0.15083,0.28781
-14.461,5.5123,7.49
-4.826,5.5882,4.7967
-18.746,-0.37849,3.004
-13.185,6.0935,6.2259
-17.281,4.6711,3.3697
-18.401,4.9402,0.78172
-1.584,6.2332,0.90524
-19.493,2.7906,-2.9287
-9.2399,7.5332,4.4374
-6.3062,4.0048,1.4952
-14.453,6.4562,5.4012
-5.2467,5.1559,1.4148
-7.4637,7.3496,7.3452
-3.4444,4.5793,-1.413
-11.94,8.8098,5.0662
-6.2298,-1.8934,-2.8433
-20.323,1.0254,-0.92904
-19.937,7.1398,-3.3791
-4.4989,3.0876,-2.4501
-15.115,6.2463,3.7042
-3.4513,1.9618,-2.4681
-3.0538,6.4502,-3.8321
-20.832,2.6374,-2.1397
-17.716,4.2938,-5.074
-11.428,2.2626,4.6064
-11.166,7.6494,7.639
-10.223,8.2635,8.0131
-18.321,2.7079,-0.76853
-0.97764,0.3092,-1.5295
-13.236,9.0588,3.7365
-14.146,6.3002,5.2126
-3.1333,3.3328,-2.4924
-3.4905,4.7796,-0.64299
-2.3966,4.4512,-4.1338
-22.021,2.8899,-3.2213
-14.756,5.0033,3.4984
-12.687,8.2172,6.5295
-16.847,5.1694,1.5557
-18.603,3.5328,1.4744
-19.888,2.9058,-2.7883
-7.442,3.4314,1.4397
-5.2383,7.0981,7.433
-17.896,9.4423,5.5228
-15.827,5.7579,3.246
-5.5853,5.1109,0.51616
-16.987,5.1385,2.0769
-21.279,2.8996,-3.1021
-13.753,6.4229,6.3115
-8.6352,6.4918,3.1434
-6.0043,6.2392,8.156
-12.178,7.3092,6.1235
-15.087,4.7892,2.2917
-2.1382,2.5732,-2.3838
-14.206,7.5485,6.6525
-10.051,10.542,6.0288
-1.3485,2.3424,-4.6999
-6.6564,4.434,3.252
-4.2982,3.4448,-0.042007
-3.8972,4.5711,-0.43278
-18.665,3.5184,-0.76877
-8.8918,4.9135,3.3577
-26.211,4.4464,-4.3062
-8.3616,6.2375,4.5268
-21.86,3.5748,-3.6825
-20.918,3.5466,-2.1177
-11.727,7.2053,6.0128
-5.2687,2.4129,1.7449
-16.32,6.1287,1.6607
-8.5512,7.0499,1.276
-13.618,7.122,6.5485
-17.214,3.5373,7.5158
-20.557,3.0378,0.97881
-20.767,5.4398,-0.18718
-22.362,4.7746,-2.6182
-4.5185,6.8654,-4.6061
-8.7418,6.3366,3.8511
-3.3042,3.3988,-2.0654
-1.9445,4.0191,-3.7541
-18.9,3.5705,0.043746
-6.4656,4.6578,1.3562
-3.6201,3.1585,3.0431
-6.3791,3.4301,1.6865
-20.133,4.3796,3.8333
-13.922,6.0118,-2.4296
-18.685,4.6283,3.4919
-4.9584,3.2755,3.5136
-6.3725,3.7685,0.752
-17.182,3.7085,2.8364
-22.687,0.67103,-2.4395
-2.7955,2.2199,-3.3148
-16.426,7.1171,4.6936
-23.951,4.447,-0.87732
-22.261,3.2972,-2.8718
-0.3536,2.9052,-3.5117
-14.704,6.775,7.2637
-4.2838,4.0385,-1.4837
-22.455,2.8232,-2.5068
-9.3273,5.7775,6.4561
-8.6283,7.8983,2.3461
-9.7708,8.1141,11.369
-15.428,5.5161,4.6853
-20.03,4.4834,-2.0133
-10.479,5.9576,7.0169
-6.1322,0.066073,1.4592
-10.541,6.3249,5.7572
-21.598,2.759,-4.465
-5.5612,7.3038,-1.8844
-13.636,6.3467,6.1491
-14.023,5.1021,0.91057
-16.77,5.0924,3.6894
-20.125,6.4052,-1.3134
-20.122,3.5384,-0.13521
-3.7918,1.6379,-3.3105
-1.3043,4.2013,-2.8583
-7.1572,6.2595,3.2236
-7.7552,10.27,0.67523
-12.755,7.4913,7.6198
-6.6947,4.5138,4.0233
-22.863,3.1011,-2.7757
-16.592,5.2963,3.5851
-5.6824,3.2664,-1.9556
-15.431,5.542,3.3503
-17.051,4.6295,10.379
-21.839,2.996,-4.1554
-3.68,3.6466,-0.045937
-16.467,5.335,2.3835
-1.6376,2.0555,-3.5447
-14.665,6.4877,6.7128
-11.144,1.894,2.9519
-8.5292,3.5636,0.45812
-9.0461,6.0734,5.2411
-8.7928,5.4965,4.3972
-5.0969,3.4289,-0.13619
-17.61,4.8785,1.8471
-12.847,7.5789,10.81
-13.554,9.674,3.4668
-5.2482,4.0591,-2.3506
-13.122,6.0859,2.1522
-19.905,3.0207,2.0029
-20.048,-0.65368,-7.0297
-18.559,4.9131,0.48555
-5.7324,4.5007,-1.3016
-19.202,4.7991,-2.7061
-14.927,6.6902,6.1281
-6.804,6.806,3.0258
-25.282,1.2168,-4.0646
-14.385,5.3169,5.5885
-3.2472,3.5306,-0.43724
-8.536,4.6718,0.89889
-7.0536,5.6152,3.1614
-19.419,2.4706,-2.3367
-25.304,0.3749,-2.3121
-8.6412,6.2953,3.8226
-15.609,6.477,6.2627
-9.1011,10.831,3.3612
-21.139,2.3581,-1.1517
-11.597,5.6033,9.8032
-9.5437,7.3966,1.2039
-9.2324,6.2906,4.4701
-9.7946,6.9969,5.5553
-1.3329,-0.023231,-2.3478
-5.1088,5.3849,1.3616
-19.349,3.4919,-3.1246
-1.9523,7.3634,1.3961
-16.591,3.3173,0.40825
-19.875,2.4523,-5.5993
-1.0994,2.4302,-3.6053
-14.359,3.7313,8.1211
-9.8345,7.4911,6.7846
-12.738,2.1075,5.0661
-2.8391,2.3168,-1.722
-1.6256,5.8598,-3.7625
-1.9537,2.6087,-3.0801
-19.26,6.3234,-2.2873
-12.449,7.8847,8.3116
-16.003,4.836,3.1782
-11.211,7.5585,8.0552
-1.3259,-1.0437,-4.6192
-5.744,4.0465,0.28039
-15.786,9.7189,2.5866
-12.789,8.7843,1.2405
-14.82,7.2772,8.569
-22.994,2.4061,-3.5478
-17.301,9.6316,2.2836
-8.4407,6.5469,6.5814
-13.68,6.8965,6.0038
-7.9621,7.3426,5.0354
-1.5601,3.0036,-3.7344
-18.462,2.512,-1.4142
-12.49,7.848,7.3311
-7.1119,8.2869,2.7876
-3.3542,2.7967,-2.6519
-12.484,7.1385,7.0114
-15.727,3.9368,2.0557
-17.67,4.887,2.1039
-9.0816,3.4482,4.9755
-16.269,3.2578,-4.9524
-22.783,2.2988,-2.7817
-20.346,3.7421,-3.0546
-5.209,6.7759,-0.56779
-22.37,-0.72093,-5.4154
-1.7133,2.7319,-4.2455
-7.1811,4.4287,0.38488
-17.965,5.6092,-5.4607
-21.392,5.3091,-2.4041
-21.962,2.6839,-2.3885
-21.71,1.7611,-2.5634
-4.7055,4.2306,-1.7187
-17.763,6.3739,4.3214
-2.8908,-2.981,-1.9302
-11.757,6.7651,7.0302
-5.5636,4.225,-0.50897
-2.6459,4.1435,0.35856
-6.0572,5.6231,-0.821
-15.267,6.8419,3.327
-1.4289,4.3917,-0.96104
-22.994,2.6002,-3.8408
-17.571,5.7343,0.94656
-17.503,5.861,0.43438
-2.5604,7.7546,-1.3232
-5.0897,3.5271,-2.1364
-21.846,2.3011,-0.41455
-13.724,6.4994,6.1752
-22.825,3.024,-3.3549
-15.929,6.6986,5.262
-7.2799,5.9817,0.17017
-15.683,8.056,3.3209
-15.57,7.0994,3.6773
-5.8452,4.122,-0.016163
-14.113,6.0149,4.5729
-19.377,4.2411,0.25545
-11.559,6.0355,6.1979
-22.702,2.9513,-4.8291
-3.1769,3.7709,-1.6917
-4.4615,3.3983,-0.067356
-17.003,4.4233,1.4279
-14.103,7.0469,6.264
-14.696,3.8705,1.7733
-15.866,7.2967,5.3799
-2.592,4.9582,-2.0338
-8.6098,11.362,6.3049
-22.398,0.32144,-0.89863
-14.655,6.5066,4.1583
-6.1519,3.9328,0.65468
-22.883,2.6529,-3.9198
-10.835,7.3821,6.4121
-10.93,3.0171,4.5976
-6.2763,5.202,1.0591
-14.18,6.9038,6.2038
-16.016,8.3274,10.35
-19.665,1.9494,3.0876
-20.436,2.504,-1.6641
-3.7011,3.2178,-4.0894
-3.3931,2.1239,-3.7227
-7.3241,3.4922,-2.0939
-22.335,2.5009,-4.6425
-8.4959,6.9922,6.2981
-6.0089,7.1494,-4.6584
-14.07,9.717,11.57
-16.655,4.4345,2.5128
-8.2345,5.9454,3.6876
-18.726,3.7266,-0.3428
-21.266,2.7888,-3.6686
-16.002,5.6543,1.2851
-23.807,3.3037,-4.3941
-14.737,5.9119,4.6161
-16.549,5.6155,-4.9928
-13.835,9.2701,1.8718
-13.764,9.4778,5.0835
-25.105,3.717,-3.4104
-9.6578,6.5397,6.1073
-9.424,6.5871,5.6141
-7.3038,5.8604,5.0632
-13.195,5.9914,6.1965
-22.826,2.2441,-2.9051
-13.675,3.8413,3.6331
-10.538,7.3303,6.1758
-9.4746,6.4572,7.372
-20.238,3.5669,0.27713
-22.585,2.1644,-3.3095
-14.362,5.5467,2.6152
-2.9944,3.1955,-2.3295
-15.086,8.4815,3.2565
-19.205,4.8172,-1.5585
-9.2482,5.9447,3.3919
-14.581,5.1462,3.7876
-19.335,6.3655,2.8392
-21.282,2.4157,-2.5622
-19.302,4.4688,-0.98305
-17.953,1.279,0.40976
-19.101,4.0736,-1.6823
-1.8586,2.7231,-8.4885
-8.2183,4.8572,8.0417
-14.057,10.069,5.5494
-4.0693,4.2649,-0.58642
-9.1133,3.9653,4.1751
-7.8106,8.7445,8.0995
-7.1997,6.2854,4.0934
-8.719,6.5336,3.7028
-11.19,7.9268,6.556
-2.3575,3.46,-1.4432
-20.698,2.0219,3.1858
-3.2813,2.2202,-2.0917
-16.106,5.4008,4.4024
-17.172,6.2718,-0.56385
-6.5755,9.5363,4.1978
-22.143,0.3637,-0.064951
-5.8747,5.2839,-1.2315
-21.277,3.3346,-1.923
-22.207,4.5222,-0.68978
-6.2647,4.6247,-0.25371
-11.112,3.426,5.6502
-0.88346,2.5219,-5.0464
-6.9989,3.9619,2.0992
-6.2111,2.9233,-0.008968
-5.7079,2.9187,-1.8858
-9.1473,6.8087,4.71
-1.8755,2.6628,-2.5511
-13.098,7.3009,6.5339
-13.356,6.7757,6.0878
-9.8707,5.5264,6.2051
-10.303,4.1769,5.9651
-13.459,9.6037,8.9189
-16.648,5.0623,0.2697
-19.807,4.0588,-2.3309
-9.7963,9.3322,4.1446
-9.2182,6.4281,4.0671
-16.142,6.0722,6.4897
-9.8877,6.7692,6.4027
-11.95,6.8773,7.1851
-8.3185,-0.34693,3.7755
-20.567,2.2544,-1.9551
-15.573,4.5213,3.0485
-5.4966,3.5124,-0.60995
-15.123,5.6634,-0.2682
-9.8562,4.5715,-1.6834
-15.211,6.7409,2.8092
-8.577,6.2323,9.965
-13.617,9.2014,7.9942
-20.207,2.5932,3.9159
-9.8617,5.2074,5.2882
-9.7073,7.6527,7.003
-23.701,3.7392,-3.3013
-5.5882,4.4966,-0.87785
-11.047,7.2807,8.0972
-19.753,2.9811,-2.0754
-9.0047,5.6527,3.3392
-14.717,6.1398,6.6399
-19.927,2.6699,0.63158
-16.035,5.4595,4.4037
-20.038,3.5005,-1.5628
-14.604,6.6756,3.9435
-15.4,6.0122,4.3037
-4.3852,10.626,6.5623
-8.3829,6.3674,4.0998
-14.069,6.843,5.2339
-3.4542,4.6813,-2.2907
-20.997,3.0513,-4.5098
-4.7207,0.60674,1.101
-9.6253,6.4056,9.9345
-3.119,2.7145,-3.6416
-3.8477,3.8456,-1.5849
-16.156,6.428,1.8288
-8.937,6.6543,2.064
-18.026,7.9915,8.8053
-20.8,2.1575,-1.5928
-4.348,8.0274,3.3133
-6.069,2.2455,5.1993
-12.394,5.3746,8.6598
-12.541,7.0841,6.1331
-2.7436,4.5586,-1.0776
-9.857,7.3883,4.7208
-7.0767,5.0564,1.9443
-19.503,5.7435,2.042
-6.2858,6.1738,5.3169
-13.417,2.6874,5.7489
-3.117,0.29056,-2.2632
-19.447,2.7938,-4.2381
-4.9797,8.2831,1.4389
-17.695,7.8058,-1.2315
-18.915,4.4053,-2.4725
-18.262,9.9853,7.2234
-14.37,5.6564,6.5652
-15.011,6.7069,4.8987
-10.493,5.0075,2.6185
-20.617,2.2407,-2.4958
-19.429,4.1709,-0.84557
-22.165,2.6772,-2.1312
-3.7796,-0.95327,-1.8627
-12.531,6.1722,6.099
-3.9179,6.4281,-2.6067
-20.465,3.5137,-1.0197
-11.739,6.8226,5.8922
-3.7093,3.9084,-1.6362
-18.617,6.3426,-1.3227
-7.1279,5.3174,3.8777
-10.911,6.0423,4.9718
-3.1762,2.4992,-3.4962
-17.943,5.9256,-3.7356
-1.0041,5.2345,-3.2469
-5.7353,5.6793,2.0485
-20.85,4.7824,-0.37073
-19.914,4.146,-1.1352
-3.5934,2.0286,-2.8379
-21.136,2.8948,-3.2553
-21.291,4.0031,-1.2193
-9.5821,7.4686,4.6313
-15.8,5.0278,1.6647
-21.005,2.5055,-2.5518
-16.611,1.9827,5.3435
-10.441,7.6853,7.8357
-21.918,2.8575,-3.5705
-4.7959,3.5961,-1.4579
-20.854,5.8444,0.71121
-10.759,6.9419,3.5765
-6.1087,4.5799,-0.4134
-1.1787,2.2491,-2.7688
-15.298,5.912,5.0464
-4.4837,3.874,1.4093
-13.611,8.8609,-0.55673
-5.6799,4.5149,1.0237
-21.983,6.3231,-0.16022
-13.27,4.5007,2.6329
-5.317,2.3856,-3.4294
-19.656,3.7183,-5.6673
-1.0653,4.2475,-3.5522
-10.389,7.0749,6.1803
-7.3586,4.62,-2.7339
-19.097,3.2108,-0.94506
-13.022,6.9875,4.1924
-12.175,6.8317,5.2122
-8.2648,6.1272,4.2347
-3.1195,7.3679,1.7239
-11.888,6.4182,5.4941
-18.216,3.1269,-7.6452
-7.1519,3.9949,0.64161
-14.653,6.443,6.507
-16.249,5.6053,1.7399
-7.4144,6.6224,3.4864
-18.465,4.3341,-1.8573
-19.256,3.6103,-2.1487
-3.3391,1.7053,0.25929
-8.4999,6.0424,4.0829
-13.872,9.2088,6.0626
-2.2904,1.7252,-3.31
-9.7557,6.8294,5.3801
-15.784,5.3406,5.2865
-3.3783,1.6604,-0.89584
-0.83651,5.3306,-1.7362
-17.464,4.6138,-4.6565
-3.0887,1.8853,-3.6059
-5.645,5.7294,0.66183
-14.961,5.4785,2.7763
-15.693,4.2376,7.7843
-7.4217,10.306,4.9443
-2.148,3.8988,-2.862
-10.388,8.1508,7.5208
-6.5066,3.0659,-4.5756
-6.1048,4.6984,1.453
-15.498,5.9861,5.5959
-7.6063,7.2022,-1.1416
-16.314,5.7399,3.0108
-20.827,4.6674,-2.7572
-18.979,2.4282,-1.9299
-9.8244,5.3147,2.3031
-8.0597,2.5821,5.0772
-8.5513,7.3952,0.50361
-6.9095,3.1625,2.1618
-17.475,4.823,1.7777
-6.682,5.8233,-1.0364
-2.8101,4.0569,-2.3113
-15.41,6.0559,2.9547
-14.837,6.3017,5.7071
-5.8188,3.8972,-1.9268
-13.297,6.9394,6.4383
-19.586,0.77023,-1.8678
-9.5042,5.3721,5.785
-3.7865,1.7915,-3.5615
-21.716,-0.13063,-3.5349
-13.586,6.9872,4.6971
-23.727,-0.0033639,-0.91859
-20.879,3.1042,-1.9248
-16.799,4.8373,2.4771
-21.201,3.3515,-1.6153
-7.3764,1.8664,2.4348
-4.8667,3.9299,-0.38027
-5.5206,4.6767,-0.37477
-9.8141,4.3001,7.8936
-11.051,6.7299,5.9491
-18.759,6.4403,3.83
-21.835,3.5553,-2.4914
-8.5711,5.3274,3.803
1.0053,0.98821,-6.63
-11.928,3.8223,-0.60692
-11.644,6.511,6.1394
-7.5095,2.2578,-6.1281
-15.409,5.4965,4.6519
-6.8558,4.5564,1.8944
-16.033,4.0254,-2.3905
-8.8939,4.9728,4.9198
-15.636,7.8731,1.6667
-11.464,6.4739,5.7777
-13.748,6.5265,4.1321
-5.8362,1.7201,3.5375
-17.48,6.1008,3.0929
-17.631,9.6718,1.6124
-13.443,8.4447,7.0002
-12.587,6.7789,5.3971
-22.594,3.2737,-2.6101
-22.084,2.4611,-2.6021
-13.735,6.6743,5.9534
0.78117,1.2323,-2.9047
-14.783,4.4814,4.2689
-4.7811,4.8188,-0.10684
-1.1352,2.7696,-4.1668
-2.9365,2.8883,-2.9597
0.53133,0.50365,-6.4146
-13.326,6.9049,7.7326
-5.3113,6.4052,-0.8534
-15.637,6.6809,0.53917
-20.548,3.6102,-0.85628
-22.442,2.9547,-3.1986
-14.143,7.7152,5.3875
-5.7955,2.9631,1.9771
-17.469,3.604,-0.47568
-16.989,5.6604,1.1067
-4.1836,1.9149,-1.4771
-21.831,3.1351,-3.3519
-21.487,1.9153,-4.4765
-12.557,8.1506,7.7893
-21.049,0.844,-0.57612
-18.553,3.1827,-4.9106
-10.062,6.978,5.4118
-5.6485,5.057,1.6028
-5.8898,2.3802,-2.4271
-0.35166,6.3179,-1.1719
-7.3698,4.9406,2.098
-13.858,5.3161,2.3715
-4.8586,3.2894,-1.3676
-13.774,11.35,7.0106
-3.1506,2.7225,-2.9661
-16.507,4.6979,4.4305
-11.046,7.5562,6.4558
-16.418,5.7713,2.7633
-7.7574,6.4485,4.4859
-18.871,6.7149,1.5857
-8.1534,3.7508,2.0508
-7.3358,5.6266,0.273
-14.035,4.8816,4.1227
-9.2162,6.813,5.9732
-4.6082,3.4382,-2.4671
-4.4773,7.2922,-4.3365
-12.326,4.5726,4.9496
-9.6488,7.2731,6.6459
-19.306,3.8065,-1.4341
-1.7604,2.0837,-0.4626
-4.2321,4.0349,0.69367
-4.1188,4.327,-1.4936
-21.771,2.5103,-2.5411
-6.8573,2.3204,2.3545
-13.029,7.7625,9.1874
-7.6623,5.8683,3.9043
-21.485,3.0075,-2.1242
-10.613,6.373,6.8615
-9.4194,3.9243,-3.8678
-7.4217,5.0162,0.79416
-18.046,5.4075,1.0351
-6.9163,2.5553,-0.87097
-6.4396,4.0185,1.066
-5.7622,4.7525,5.4711
-3.0966,2.4175,-2.3436
-12.445,7.5177,6.3012
-8.2658,5.4763,1.7445
-5.9375,3.312,0.17037
-15.474,5.3021,3.1408
-7.4833,7.0337,3.9771
-16.235,2.7054,-1.2247
-5.4445,4.7906,-1.0713
-22.213,3.1554,-2.8698
-2.2866,4.8159,3.738
-9.8377,7.349,8.4493
-8.5269,5.06,5.4326
-2.3082,2.217,-2.0619
2.526,3.7665,-1.2504
-10.783,6.5617,6.381
-4.6048,0.30926,-4.1776
-5.9329,1.8691,5.7718
-17.524,4.8382,1.4992
-12.778,3.9394,6.8057
-14.382,6.5101,6.3519
-22.111,3.6495,-2.9131
-3.2639,6.4338,3.4568
-6.0835,2.138,2.1915
-14.659,7.9189,6.2715
-13.902,6.1426,7.4443
-10.873,8.7532,9.1507
-10.723,6.323,7.4912
-6.9466,5.9084,0.75737
-25.612,0.56602,-0.58693
-22.315,3.1229,-2.8101
-24.475,6.3199,-3.376
0.092313,5.8344,-4.4229
-21.605,3.4324,-2.3748
-12.976,7.4501,6.3985
-14.874,5.89,4.2518
-8.9171,7.5833,5.1077
-12.035,9.904,8.3287
-22.657,3.3641,-2.9742
-5.782,4.4848,1.6223
-0.018624,3.1942,-3.7557
-18.4,5.034,0.22817
-16.027,4.761,4.0837
-8.61,6.0118,4.6156
-10.471,7.0423,8.2471
-20.767,6.8578,0.8828
-7.7754,5.1551,6.5545
-6.8027,5.2896,-0.082511
-15.538,4.9553,4.4349
-11.226,7.1696,6.4166
-17.155,8.8884,2.4323
-15.384,4.4831,3.1197
-16.324,4.3327,2.5135
-20.27,2.3292,-2.3092
-4.0387,6.0442,2.471
-15.529,0.41999,3.9101
-9.5279,7.4256,6.7308
-21.743,5.785,-6.7693
-18.205,8.3535,-0.10637
-22.199,2.6875,-3.7957
-14.669,7.3398,5.9084
-20.26,-0.29029,-4.1085
-15.796,3.5676,7.0024
-14.632,5.4535,4.7625
-8.3031,5.7768,2.0449
-14.151,6.6951,4.342
-8.8461,5.0322,8.056
-20.447,2.6867,0.42676
-7.7516,8.0666,4.5237
-8.6864,5.4504,4.7427
-16.441,7.3061,2.8648
-8.058,5.5452,2.6455
-13.216,7.8596,3.5451
-21.168,1.0049,-3.2118
-6.6839,5.0374,1.9346
-17.163,4.9818,1.8982
-19.025,2.7667,-1.9783
-11.946,6.0569,4.4457
-23.444,3.0987,-2.479
-2.6079,4.0496,-2.1342
-18.745,4.419,-0.29207
-16.226,6.8209,5.3002
-19.781,8.4538,-0.72855
-21.041,-0.11575,-1.7239
-20.353,5.1377,-1.0547
-5.5912,4.8111,-0.83512
-20.339,2.3195,-1.7641
-4.2376,0.1586,-1.8019
-16.886,5.0748,2.2233
-6.8137,-0.26014,2.1477
-13.575,9.3527,1.5824
-19.588,3.7532,-2.0203
-10.789,7.3741,5.9176
-12.178,4.5957,-0.26171
-22.917,2.7111,-2.9469
-14.457,6.0945,4.0627
-17.235,5.045,-3.8517
-16.458,6.2608,4.0879
-16.44,2.0174,1.8928
-14.729,4.2433,5.6258
-10.849,6.0366,6.9943
-4.8928,6.232,-2.9434
-3.2877,4.139,-2.6411
-20.431,3.5607,-2.0646
-8.7842,7.2349,6.7976
-8.7795,6.1388,0.8683
-5.4236,3.5007,-0.53109
-6.1514,4.5814,0.34914
-0.45539,6.0623,1.9239
-3.2358,5.4698,-2.3525
-7.9977,6.0957,2.892
-7.0975,4.4524,1.7007
-5.561,8.0148,5.5356
-9.1683,4.8997,4.008
-3.5944,1.1344,-2.5161
-19.793,0.69901,-2.1323
-19.183,4.7832,-0.95717
-13.268,11.417,5.2127
-10.271,4.0865,4.4392
0.089252,-0.3904,0.099791
-15.04,5.4113,4.3423
-5.4712,4.4789,-0.00054057
-18.424,2.7988,-0.54261
-0.76392,2.4088,-4.4355
-15.926,5.2497,3.4575
-1.4178,1.5578,-1.2492
-4.3514,3.4734,3.4762
-16.744,8.5076,2.2397
-23.869,2.1752,-3.5943
-13.369,6.3777,5.7978
-13.767,6.03,3.6185
-3.6557,7.5309,4.6006
-22.687,2.3504,-2.8806
-1.5458,3.477,-3.1394
-1.932,1.2939,-3.991
-15.666,5.8513,3.3314
-17.272,4.0974,3.517
-14.463,8.5643,-2.3798
-21.977,2.4022,-1.7251
-10.519,6.965,5.2422
-12.382,6.632,7.787
-2.1883,7.3307,0.12153
-4.1263,0.62819,-4.1976
-4.5319,2.9403,-5.6183
-5.1654,4.0544,-0.36147
-13.273,5.2702,7.5615
-5.9484,4.944,2.8082
-6.5264,5.0953,-0.12379
-19.584,-0.9567,0.93758
-15.416,6.0147,4.042
-6.8352,4.2312,0.89999
-17.734,4.0036,-7.8425
-8.1858,4.6236,6.6907
-10.416,6.8067,6.8027
-14.683,6.553,4.4285
-19.879,5.3116,-2.3154
-6.4921,5.5546,1.4603
-2.6037,2.7796,-3.3585
-15.212,4.149,4.525
-3.3605,3.4747,-1.861
-8.7324,6.0552,3.0769
-14.376,6.4455,4.8025
-10.568,7.8739,6.6178
-19.831,4.619,-0.14967
-20.509,2.8368,-3.1905
-15.318,6.8002,4.7581
-20.883,2.6483,-3.9273
-18.682,4.0017,-2.6942
-12.146,5.8604,7.2093
-21.004,0.45517,-3.6944
-4.3834,3.809,-1.5659
-16.418,5.2857,2.606
-22.34,1.6311,-1.5257
-7.3288,4.2022,-3.1051
-5.624,3.6063,-1.4907
-23.756,2.0882,-3.4007
-23.319,2.5742,-2.6487
-20.881,3.0921,-1.4427
-15.243,6.4394,4.673
-15.587,6.4941,6.0055
-9.7435,6.4442,6.3697
-14.228,5.589,0.49874
-1.1203,1.9548,-4.7305
-9.5115,7.0271,3.6771
-1.1537,0.51407,-3.1599
-11.728,6.3042,6.5723
-19.317,4.368,-1.5025
-7.911,5.0631,2.7952
-5.6788,6.5412,-2.115
1.4819,0.98915,0.43037
-12.649,7.8577,5.9795
-21.419,3.3054,-2.8761
-7.7405,3.932,6.6803
-0.52164,6.0395,-5.1988
-1.9589,3.6026,-0.1372
-22.063,2.0265,0.18611
-4.5871,4.2067,-0.53905
-23.765,3.3412,-3.8084
-2.4729,3.3694,-1.4164
-18.725,4.6436,-0.87978
-18.277,4.3027,0.20009
-17.473,5.9982,2.6806
-17.958,7.5393,5.0537
-1.7692,3.3631,-3.636
-19.787,5.0368,-1.6646
-8.034,7.1705,4.6402
-5.4754,4.3383,2.9316
-6.0737,1.2241,1.4738
-14.399,5.2902,5.0307
-7.3084,1.2744,-5.9021
-16.258,3.4224,0.43006
-13.499,8.6844,5.5057
-13.994,4.8511,7.2828
-5.6215,4.5809,-0.86099
-5.3466,3.044,1.8885
-22.169,4.2534,0.33395
-19.007,4.1156,-0.66545
-4.2951,1.4756,-2.3709
-20.29,4.0246,-2.6605
-19.413,4.04,-1.1916
-2.6653,2.3344,-2.5351
-9.3952,4.0828,5.8329
-12.1,6.9368,5.5281
-20.649,3.4091,-1.5468
-10.687,7.2302,3.2226
-5.3403,6.2469,2.5586
-10.006,5.6044,-0.16387
-9.8472,6.7046,2.4907
-7.3638,4.2031,0.08693
-7.693,4.3608,-4.9059
-8.2061,7.375,7.0689
-17.491,3.2424,-2.6253
-5.7109,3.8722,0.52426
-20.84,3.9243,-2.0963
-21.056,4.9141,-2.6832
-16.952,5.3935,3.6824
-10.66,7.5674,7.2043
-4.9803,4.3538,-2.5012
-6.3879,4.8637,1.8096
-11.404,4.6982,6.007
-6.2283,7.0558,2.6711
-6.0464,5.11,0.70773
-4.497,3.4499,-1.7647
-15.891,2.0876,2.394
-16.893,1.0861,0.090935
-18.146,4.1934,0.037634
-15.177,5.26,3.1423
-5.8101,5.1935,1.2037
-2.0417,2.783,-3.0026
-5.0807,4.6508,-1.0114
-17.092,4.837,1.1527
-20.502,3.5556,-5.0657
-17.813,4.5592,-1.4872
-17.859,5.3159,3.3853
-8.3525,11.744,7.8528
-21.668,2.8154,-1.5885
-16.13,6.6421,3.6363
-18.638,5.2894,1.2212
-16.995,4.7151,1.2681
-14.726,4.3021,5.3273
-3.6831,3.8063,-3.0144
-5.4635,4.1686,-5.8017
-20.234,4.1993,-2.1427
-20.269,5.2772,0.42979
-7.9941,8.7606,6.2008
-9.0932,6.2591,5.9041
-12.543,5.8493,7.4476
-1.888,3.2166,-4.2378
-8.8288,4.4711,0.50638
-11.598,7.3985,7.5702
-6.0296,4.8264,-0.52504
-9.0642,5.751,3.1972
-5.106,5.953,-0.083796
-17.386,8.2627,5.9226
-19.003,1.6101,-3.6412
-10.074,7.5109,7.4058
-16.8,12.554,10.345
-6.7843,5.3279,2.4677
-9.7498,9.7937,6.8094
-17.21,4.2478,1.8351
-7.9022,4.4305,3.8787
-5.7113,6.2121,2.0736
-6.2877,4.6641,-0.1585
-8.1432,5.4879,2.4788
-17.607,5.8859,2.9625
-22.756,2.8315,-3.5476
-5.5342,5.6937,5.945
-2.5266,5.6082,-1.1381
-12.707,6.9774,4.7984
-10.165,3.8264,6.2774
-10.227,4.139,-0.90131
-10.369,7.5589,5.0328
-7.7538,7.8027,3.5506
-19.214,3.6952,-2.0813
-10.562,8.0009,5.756
-22.064,2.1105,-4.178
-20.903,5.87,-0.82665
-18.723,3.0372,-3.5453
-18.821,3.0451,-0.91284
-19.806,4.375,-1.584
-16.584,6.1122,4.4298
-1.4247,2.3672,-3.9152
-6.4967,7.8246,1.5017
-7.1741,5.6222,3.0544
-15.799,6.2061,3.5537
-12.987,5.4623,6.0894
-4.4708,7.8683,-2.3394
-20.881,3.511,-1.5055
-16.152,5.6378,0.98879
-4.9684,3.9257,-1.2503
-20.093,0.74077,-3.6474
-20.03,4.5229,-2.4752
-17.625,6.1768,-2.4176
-21.112,4.5444,-2.7356
-16.202,4.6341,2.929
-12.514,3.8824,9.5294
-3.503,3.7031,-1.7916
-5.267,2.2583,-4.1197
-14.021,6.1814,5.8077
-16.85,6.3947,1.9798
-2.3045,1.6214,-6.8093
-20.606,3.2521,-2.1538
-19.445,4.7311,-1.4558
-12.289,5.5311,5.968
-18.931,3.2864,-1.1553
-22.268,3.255,-3.2909
-11.342,6.1166,5.9429
-5.1847,5.0095,0.14109
-13.544,7.6649,4.6989
-10.491,4.6982,5.7627
-4.695,1.287,2.5658
-18.031,4.3451,3.5644
-6.4284,5.8139,0.14799
-4.4504,3.2245,-1.4281
-7.0514,7.346,6.0987
-24.541,2.9817,-2.2586
-18.397,3.5778,-0.44892
-6.0883,4.3764,-4.4909
-2.4355,3.5356,-3.637
-17.976,4.5461,-1.1265
-1.5356,2.9392,-3.6549
-14.257,5.769,6.1158
-20.573,5.4658,-1.1444
-3.4949,4.0111,-1.4889
-22.579,3.6292,-1.8509
-7.3786,2.299,2.9274
-18.145,2.7925,0.63139
-22.776,3.6045,-3.6366
-6.8804,3.5875,0.56159
-10.492,6.9888,6.0691
-7.862,5.0432,2.6174
-18.471,3.1399,0.086942
-21.565,1.8928,-5.9939
-6.372,5.6689,-1.8794
-18.6,2.6309,-1.9749
-18.831,4.8279,-1.9817
-6.6978,4.9024,0.8944
-2.7814,2.3695,-3.1936
-2.9136,6.1403,-5.7775
-6.3049,3.8575,-1.5637
-7.0445,2.9494,2.0738
-22.722,1.5447,-2.5138
-10.556,5.444,3.4906
-2.7301,4.5907,0.39333
-8.3817,5.4303,4.2923
-3.7017,3.5142,-1.9666
-2.3428,3.1026,-4.3416
-6.8988,4.8495,1.5389
-5.1682,4.6698,0.60859
-10.074,2.3244,6.5697
-9.7056,8.5288,6.4153
-14.078,2.4951,5.4108
-15.435,6.3436,5.1094
-16.187,5.3036,3.8763
-7.1829,5.1928,1.0599
-9.2988,8.7731,-1.1745
-5.3702,4.7882,2.368
-19.092,4.7167,-1.0347
-13.231,2.3612,6.2002
-8.8411,4.9717,3.3467
-15.859,5.9258,2.7759
-13.614,4.6386,4.2527
-9.6945,6.7176,6.4853
-19.977,3.1097,-0.67746
-21.434,3.4099,-3.5702
-4.7971,4.0139,2.8457
-10.883,6.4983,6.7412
-23.294,4.2668,-3.0349
-9.861,6.7112,5.2867
-10.899,2.9691,4.8635
-12.674,7.3983,6.9544
-10.74,5.3209,7.7522
-14.139,5.5122,10.648
-5.9817,4.1563,-1.9158
-17.881,8.5997,-3.3211
-2.3784,6.121,-4.0637
-21.171,3.5895,-3.7957
-16.433,5.5042,1.1443
-5.5349,-5.85,-4.265
-2.8116,3.3679,-3.5388
-7.7279,6.2589,2.742
-3.9149,2.4764,-1.3172
-22.059,0.036586,-3.0213
-7.2346,4.9059,1.0553
-9.3938,6.5662,4.7672
-20.507,2.1251,-4.2731
-16.344,5.1776,-5.8889
2.2168,7.1078,-6.0264
-4.1971,-0.3991,-5.8027
-17.896,2.9579,1.313
-4.0338,3.4949,-1.8421
-14.116,5.2193,4.7995
-14.744,5.7681,5.4547
-7.35,6.3838,1.0267
-19.111,2.0881,-8.116
-19.392,5.7345,0.55718
-5.2881,4.486,2.1376
-14.023,10.699,3.6671
0.068894,-0.1797,-3.2139
-19.338,2.6427,-1.7242
-3.8429,4.0277,-1.3647
-20.193,3.8246,-0.92115
-9.2902,7.5709,5.7551
-9.9878,6.3575,9.6564
-20.792,3.2334,-2.0282
-2.8274,2.7721,-3.3591
-3.245,1.8239,-4.2314
-20.697,3.9529,-0.67171
-7.5159,5.8999,3.9226
-16.355,5.8472,3.0607
-14.178,1.2045,4.82
-5.5231,4.7993,1.6565
-6.6514,5.4066,-3.7621
-8.3761,6.9184,0.79853
-4.9025,0.76998,-1.2365
-17.012,6.1272,4.3043
-4.6423,4.2484,-2.6773
-23.766,7.8067,2.2344
-10.402,6.6884,6.37
-18.757,2.2242,-1.5618
-13.462,7.0733,5.2946
-13.102,7.1398,6.3963
-7.4753,4.4573,2.3036
-11.506,8.2632,3.1744
-4.9747,5.029,-0.31271
-5.8723,4.6536,8.5145
-12.189,6.346,1.0637
-20.99,4.0833,-3.2531
-9.1119,3.6778,0.64383
-22.153,4.2401,-3.4775
-11.875,7.173,6.7881
-8.4732,8.4222,-0.0035266
-3.6655,5.9228,4.8796
-4.5463,2.9428,-0.2045
-3.9593,1.9058,-2.0714
-8.0352,7.2526,3.2333
-4.0889,4.0117,-3.9321
-8.445,6.6893,6.0951
-3.7286,1.4793,-1.8525
-10.27,5.5514,6.7679
-5.1655,4.7054,6.0069
-24.658,3.2647,-5.9213
-3.8343,2.4926,-3.6104
-14.881,6.7203,3.6888
-16.824,5.2876,1.7642
-1.3234,1.2675,-1.9578
-11.173,4.2629,7.7882
-17.426,3.9821,-2.3723
-25.992,6.2353,-8.5981
-21.058,2.107,-3.6608
-26.719,5.5387,-1.8964
-10.058,6.6802,6.7197
-15.481,1.7554,9.2384
-12.986,7.2459,10.842
-18.165,3.2982,-1.1368
-15.337,3.9846,1.1729
-12.448,8.8656,9.3707
-12.975,6.202,6.594
-6.6394,4.7101,1.0025
-7.5345,5.0376,1.8885
-7.7976,6.7791,3.9304
-11.035,8.531,8.6591
-8.7373,3.8022,1.6242
-18.12,5.4233,2.101
-6.8244,5.8042,4.2188
-2.7871,4.245,-6.7963
-3.4943,3.1938,-1.5224
-21.885,3.5525,-3.3141
-7.9825,8.9653,0.51543
-16.677,5.0319,2.3534
-19.188,5.4198,3.7731
-9.1885,5.3177,-3.5448
-5.0728,4.0154,-1.5658
-17.854,3.4942,-0.82889
-10.504,5.7025,5.5204
-13.759,5.5484,4.7336
-15.825,7.9578,4.6127
-10.551,8.4752,5.1066
-0.90954,3.3516,-2.2841
-11.489,8.0728,5.1366
-15.998,5.2351,1.6111
-19.262,3.6453,8.8263
-20.464,3.9891,-1.7676
-4.9191,5.931,-0.70751
-3.2321,1.9755,-3.719
-13.812,8.7484,2.876
-18.516,4.5547,-1.3896
-7.3419,5.7018,2.3939
-6.463,4.2796,-2.2349
-14.644,5.8,3.3918
-16.131,4.1537,1.7389
-6.5603,4.217,1.1581
-18.455,2.1514,-1.296
-5.8818,4.385,0.17862
-5.0253,3.2674,0.050063
-13.294,1.9405,1.2709
-0.02738,4.9351,-6.7414
-13.798,7.252,6.4661
-5.7585,-1.6504,2.2746
-7.6621,5.0792,3.4913
-11.6,7.0892,6.8526
-9.7239,7.1779,4.6756
-16.729,6.8364,4.3707
-4.5198,3.3898,-3.5722
-2.1186,0.54921,0.11427
-9.1074,6.5034,2.6915
-20.87,0.57597,0.2933
-20.445,2.4962,-3.3528
-15.198,5.7038,4.2052
-20.181,3.4539,-3.9554
-8.1631,1.8881,0.30895
-10.31,4.4695,10.345
-15.265,4.3163,8.7475
-3.9045,3.1756,-3.1007
-10.409,3.9498,3.6704
-20.286,6.4083,2.2977
-8.4789,7.106,10.122
-5.2368,3.5492,-0.8814
-13.117,4.6666,2.1643
-4.8861,3.5216,-1.5958
-3.6364,3.0372,-1.9857
-6.4826,3.8207,2.7235
-16.089,7.5201,4.4074
-22.421,3.0629,1.5218
-4.7717,2.7162,1.63
-5.5886,4.4118,1.6342
-0.45841,3.7276,-3.9447
-12.672,7.9939,7.0688
-7.1626,4.0035,2.7302
-26.11,0.85514,-5.4927
-1.9168,2.8164,-2.5571
-15.815,4.4566,2.696
-1.3167,2.7209,-7.7697
-15.772,10.776,5.409
-18.604,4.5219,-0.82279
-5.7809,5.3475,-1.0187
-16.73,4.8095,-4.5735
-6.4603,8.3266,10.346
-18.614,5.3219,-3.1822
-9.3971,9.46,5.5985
-3.8901,2.789,1.4458
-1.0907,3.6403,-3.4674
-5.0694,4.9198,-1.9539
-18.833,3.4622,0.063127
-7.7274,6.1151,2.2175
-20.071,4.2952,2.2105
-16.332,6.0127,4.3711
-9.6001,3.9482,6.2077
-21.101,3.0514,-2.612
-11.042,7.0931,7.353
-17.525,7.2753,5.4313
-10.596,6.897,7.3167
-4.0932,9.8524,2.837
-0.22251,4.9817,-2.8427
-18.721,5.6328,1.8905
-11.255,7.8423,5.071
-0.72175,0.9903,-0.25775
-20.084,2.9655,-2.0209
-2.0261,3.2598,-3.5789
-7.504,5.4097,5.4329
-7.0681,2.2247,-2.9866
-4.5821,3.7978,-2.7107
-19.036,3.7174,1.7033
-14.174,6.1396,4.8668
-7.0457,5.5565,0.58696
-3.1481,3.7423,-2.9322
-7.9911,8.2856,7.9021
-19.53,2.664,1.2895
-14.766,10.519,5.8687
-8.3645,5.9546,2.6137
-4.4341,5.5702,-1.1067
-21.043,3.6707,-2.931
-13.37,7.0815,5.7519
-9.2918,3.9952,4.2837
-0.90594,2.9095,-1.7391
-16.085,4.482,0.046012
-5.9601,4.8781,1.7526
-18.261,4.6607,1.7162
-12.122,5.3409,4.9953
-19.372,3.381,-2.6736
-15.918,3.8925,5.354
-18.991,4.1956,-0.87698
-10.648,9.7225,2.5622
-23.82,2.5546,-3.5657
-13.836,7.8553,5.4212
-2.6775,2.3163,-3.0886
4.0493,7.7045,-5.3967
-8.2755,6.1498,-0.72596
-3.8197,4.6615,-1.2032
-15.683,6.4543,6.1783
-18.08,-0.30693,-4.2256
3.5277,9.116,-3.2445
-7.3609,0.093794,2.1807
-9.0126,6.8221,6.1569
-8.5167,6.6481,3.6823
-8.673,6.154,4.569
-7.1757,4.318,2.6301
-19.093,1.5512,-3.5558
-16.818,6.0195,6.1047
-9.1306,6.4654,5.5787
-12.332,6.7874,5.3049
-15.256,6.5829,6.3981
-18.32,4.3991,-6.0131
-15.498,6.0738,4.0312
-7.1022,6.3644,2.0197
-2.0624,5.8677,-4.2404
-8.4211,5.7349,4.6505
-20.858,3.2749,-4.2171
-12.593,4.7484,1.7093
-8.2958,3.6306,3.7311
-21.925,-1.8766,-1.603
-22.411,2.5662,-2.6744
-7.9171,4.4321,4.6108
-12.064,6.5833,2.3397
-0.84254,1.9059,-3.5087
-8,6.7102,3.3094
-17.347,4.0285,0.2952
-5.5409,6.6144,6.9303
-9.1437,5.1742,2.0025
-2.5697,3.2378,-1.7726
-13.274,6.7027,10.47
-8.9716,6.3152,6.0434
-13.822,8.3754,5.2757
-4.7118,3.3688,-2.0981
-9.3505,7.6727,5.7483
-9.1471,6.4797,6.9657
-11.818,6.301,8.6703
-12.994,5.658,5.882
-19.581,3.526,-1.7263
-1.6685,5.6774,-0.47999
-19.074,4.6822,-0.72773
-11.519,6.3183,5.7605
-3.79,4.0422,-1.0769
-5.3387,4.5344,1.959
-23.834,4.8924,-1.4265
-3.7021,4.841,1.2661
-12.978,7.7142,7.2871
-8.7738,5.2907,4.329
-5.2971,5.2145,-0.44813
-7.7918,1.2634,-2.5545
-9.9916,4.3118,0.56814
-2.1106,2.3908,-4.7274
-11.951,5.6176,7.1528
-11.013,8.259,7.4131
-17.51,4.4656,-0.28711
-18.311,5.6694,-1.2411
-8.0127,8.7169,2.5002
-14.851,5.7786,6.0149
-15.956,6.0694,3.8263
-17.78,5.3755,2.9939
-16.654,5.162,4.4622
-14.686,6.9878,6.2854
-10.921,6.5758,6.4233
-2.3533,3.8153,-3.4694
-8.3548,4.5557,3.0153
-18.442,3.5265,2.5538
-4.8127,5.1647,-1.5544
-5.9742,4.4972,1.608
-21.153,2.6978,0.98574
0.20804,7.4929,0.56926
-6.0278,6.55,2.7069
-18.508,5.1293,-2.5441
-11.633,6.3009,7.8839
-15.937,7.9946,3.8427
-12.555,6.4935,6.2496
-12.914,0.9694,1.9748
-14.4,1.6128,4.6447
-13.634,5.5316,5.5223
-19.301,3.542,-0.90842
-17.658,7.6025,6.2633
-7.6006,4.7835,0.58729
-13.818,4.8672,3.9971
-3.7803,2.1798,-3.751
-4.8779,3.2063,-2.9265
-16.592,5.3189,1.1962
-3.2107,2.8746,-3.8176
-19.357,3.4473,-2.9147
-17.796,6.1228,0.32921
-10.549,5.7476,4.5442
-13.183,7.3256,5.6908
-1.7897,3.9238,-3.1357
-19.82,3.4662,0.21474
-1.7046,2.9982,-2.8389
-15.75,5.6978,5.7262
-3.2967,0.67094,0.46238
-1.2114,3.244,-3.5617
-10.288,6.0647,6.7718
-17.258,4.6103,0.42833
-0.32674,6.4479,-2.4866
-23.046,2.7903,0.038431
-22.417,4.7248,-3.5136
-2.0953,1.7377,-3.0161
-20.529,3.6963,-0.63894
-21.247,-2.2882,-0.4251
-18.939,5.8396,0.67278
-12.816,5.4853,8.349
-11.732,3.7299,6.1384
-5.5335,4.1658,-0.19543
-22.096,9.9207,-1.8414
-6.2813,4.6804,2.2893
-14.523,5.398,6.3763
-12.469,9.7281,6.2089
-22.191,4.5815,-4.2893
-19.048,3.899,-0.55495
-17.872,5.3165,-0.86905
-5.1379,4.5048,0.08973
-22.643,2.9378,-1.936
-18.522,2.661,-0.17011
-10.432,6.2065,4.9453
-4.7078,3.9122,-1.2107
-15.714,1.2822,1.1119
-9.4684,6.8077,5.215
-4.9222,3.627,-1.2619
-1.9071,2.9279,-0.58232
-18.257,3.4856,-1.5888
-6.2006,2.6237,-1.5473
-20.768,2.9732,-1.9847
-13.509,7.1226,7.5145
-6.4334,4.5583,2.3361
-5.4839,3.5046,-0.59145
-14.926,7.8483,6.1293
-4.4028,3.6727,1.0623
-10.267,7.5298,7.8911
-7.7111,8.6367,7.7404
-8.4292,10.19,9.617
-19.551,2.4927,-2.6904
-7.2789,5.5881,5.6223
-20.281,2.9142,-1.9091
-9.2813,5.5713,7.5115
-8.0004,7.6506,5.3107
-8.4591,5.6467,3.7529
-15.795,4.5044,2.9856
-15.099,4.0991,2.8841
-8.7824,7.6374,0.70777
-5.6103,4.962,0.62897
-19.805,5.3257,-2.2872
-9.6937,3.8069,0.82602
-6.956,3.6099,3.042
-8.4802,5.5232,5.6997
-4.11,4.1483,-1.1578
-13.728,3.0197,7.3445
-16.457,4.4674,0.75074
-7.0069,7.9311,4.37
-9.2009,6.8746,5.4994
-5.2225,6.7862,1.09
-8.586,1.2891,2.4797
-2.9072,2.4044,-3.5834
-12.844,3.4193,2.4908
-12.755,5.6501,3.3531
-6.5219,7.221,-4.3575
-14.915,5.8427,6.5643
-2.2988,3.9407,-2.6922
-17.907,4.1873,2.018
-7.5291,6.6519,1.2322
-6.8764,5.0912,2.8572
-15.592,6.053,5.3904
-21.312,-0.026843,1.3186
-6.2944,-0.69176,0.2612
-1.9232,2.4631,-3.0625
-4.3158,3.809,0.13459
-8.0342,6.0288,6.1303
-6.101,8.321,1.9602
-22.113,1.2006,-3.0293
-22.953,5.924,-3.2587
-8.142,6.8088,2.7941
-17.133,4.8884,2.8236
-14.414,7.04,5.5397
-11.629,6.3785,7.2651
-3.6589,2.7729,-1.4827
-5.269,3.0699,-3.6724
-20.858,3.0785,2.5262
-19.407,3.0452,-1.9353
-5.45,3.7572,0.82643
-17.916,3.9988,-1.4906
-19.626,4.1647,4.7152
0.68111,2.3848,-1.6437
-22.805,6.1776,0.5592
-13.997,6.7607,7.6996
-9.8576,5.0812,1.3808
-15.154,5.8948,4.76
-11.139,9.1527,8.1247
-4.1496,3.1191,-1.8168
-20.493,3.7022,1.3305
-7.2394,8.6859,1.2738
-10.199,6.7689,4.9971
-7.5522,3.2088,5.3964
-18.31,2.6528,-2.0165
-20.991,8.4281,-5.6831
-20.759,3.7816,-1.4958
-14.568,6.2579,4.4292
-11.042,6.5831,5.9121
-20.115,4.9656,0.13703
-12.361,7.424,6.6449
-9.7793,6.1735,4.1263
-2.7989,6.744,-2.7807
-16.025,5.8535,2.3069
-12.734,9.0997,-2.6404
-9.7618,6.0243,6.4932
-15.017,6.2546,5.1426
-5.5066,4.1053,-2.0103
-11.752,8.677,6.771
-9.8981,4.7715,5.5955
-5.8474,8.7051,0.98586
-15.794,3.2556,6.7894
-5.8037,4.028,6.7267
-9.0077,2.8072,3.2969
-3.0799,5.4537,0.084555
-10.869,6.8313,7.9262
-9.0261,4.1689,3.9134
-24.423,5.7083,-0.42101
-17.369,3.6457,3.2202
-7.7754,8.82,5.4306
-8.3671,5.5556,3.4128
-13.017,6.7722,5.7767
-14.439,6.1959,5.9678
-10.693,11.794,4.456
-12.683,7.3242,7.776
-5.796,6.4977,5.5558
-5.7142,4.1459,0.29969
-15.789,6.0437,3.0812
-21.368,2.7749,-3.8151
-7.7482,4.4402,2.1595
-7.2312,4.788,1.6489
-1.6554,2.4063,-3.1495
-23.318,3.232,-2.3482
-16.702,4.9018,3.7425
-4.8758,2.7,-1.6271
-21.939,3.8558,-2.8451
-14.72,6.2306,6.9097
-19.001,4.7052,0.36363
-3.0972,2.1437,-3.1437
-8.0446,5.2513,3.481
-7.6537,7.0332,4.9219
-13.255,6.5433,5.7296
3.7446,4.0986,-4.9257
0.19384,0.55859,-3.3926
-21.03,6.0312,2.8812
-14.432,7.5011,7.6182
-6.5255,4.3277,2.1057
-18.423,3.8279,-1.5648
-18.478,6.8497,4.8552
-22.459,1.7272,-5.5025
-13.184,9.2627,5.8498
-15.064,1.7681,5.0138
-15.83,5.5377,3.3891
-19.931,2.979,-4.6713
-20.814,2.8765,-1.3045
-17.892,4.102,0.81079
-18.672,4.2382,-1.3249
-12.58,5.2515,8.7293
-20.867,3.2265,-2.4694
-7.0507,3.1399,6.0782
-15.174,3.8986,-4.6203
-15.926,5.7636,1.6833
-5.7104,7.0639,-1.5216
-16.858,3.9771,2.4656
-5.0517,3.6327,-1.5161
-12.012,11.378,6.0215
-19.56,1.6212,-2.1397
-17.065,5.3081,3.5864
-5.5869,4.3743,1.8546
-20.995,3.7806,0.2372
0.88934,1.6171,-4.6946
-4.9072,4.5625,0.82304
-15.656,5.9952,9.2087
-15.369,2.5892,3.915
-12.297,7.9229,1.297
-8.4025,7.4602,4.0415
-8.9337,6.2826,3.5359
-18.622,-0.8149,-1.0071
-6.2237,5.7691,5.2422
-12.371,6.0576,0.2326
-2.3722,2.7627,-0.574
-20.563,3.37,-2.9758
-22.379,2.8513,-1.9875
-15.68,9.3415,4.2528
-17.007,5.7793,2.5901
-7.5582,5.5294,4.5259
-4.4731,4.3217,-1.1846
-9.7617,7.586,7.62
-12.38,7.8767,4.7243
-21.618,1.833,-4.113
-21.523,2.9519,-2.1035
-16.36,5.5299,2.0691
-14.633,6.9886,5.0269
-12.556,7.4193,1.9592
-19.643,4.2638,0.7573
-13.09,6.344,5.461
-8.9067,5.6268,4.8516
-3.9314,7.2164,0.50361
-10.733,2.4017,-1.8504
-6.1359,4.5745,1.796
-25.82,1.942,-2.6337
-8.6573,6.4318,3.5286
-22.53,2.9985,-3.7536
-13.286,8.3477,5.4345
-7.6026,4.3412,0.60532
-5.4134,3.1633,-1.025
-15.57,6.0831,3.3464
-12.829,6.6932,8.0518
-6.4208,4.1688,-0.55622
-17.848,4.6537,0.80443
-8.4835,9.1083,5.2856
-20.3,4.1569,-3.2698
-18.077,5.7318,2.8797
-5.3805,4.6935,-1.3981
-9.6043,5.5288,5.0484
-14.372,5.5433,5.8541
-4.8395,-0.32965,-4.5425
-4.6884,-2.0368,-4.2773
-8.9017,6.3828,5.3644
-8.9678,7.711,6.2354
-20.277,3.0749,-1.4866
-15.268,5.3948,5.4954
-22.048,3.9303,-2.939
-2.4237,2.3901,-3.1879
-8.0899,5.4675,4.5698
-18.577,7.7204,6.7337
-5.9919,6.4627,-1.4431
-17.545,4.3466,-2.984
-13.492,6.7545,6.5047
-17.708,8.0054,0.85008
-2.6707,0.93926,-1.7148
-19.31,4.0592,-1.2232
-15.254,2.9308,7.6325
-3.5433,2.5467,-0.92704
-13.024,5.993,6.0905
-15.109,5.5969,5.8159
-3.9162,2.4031,-2.214
-10.138,7.1987,6.2666
-13.2,10.843,4.6906
-6.8417,-0.7187,-4.3537
-21.217,5.5593,-6.493
-14.392,7.2194,9.1375
-15.896,3.9082,4.7696
-11.28,6.2911,5.5149
-14.01,6.6023,8.9613
-19.851,3.6316,-0.84886
-7.2196,4.6376,2.3283
-19.245,3.653,-2.9953
-5.9462,5.9041,-0.23772
-6.7194,3.3054,-6.7703
-15.042,6.4676,4.0799
-7.445,3.6011,6.2292
-3.1136,5.1697,-7.0308
-19.746,5.5305,-1.9221
-4.694,2.3251,4.7751
-20.683,2.0251,-2.712
-5.605,-0.21651,-1.9533
-6.5299,5.4345,1.9963
-8.1698,5.938,3.5844
-1.5284,3.024,-2.9903
-21.176,2.1145,-3.6759
-22.842,1.1929,-3.4383
-25.011,2.4038,-5.1542
-7.7005,5.2553,3.104
-20.769,4.6032,1.8586
-1.8383,3.6114,-7.0231
-14.453,4.5195,6.0541
-7.8111,5.5578,3.6882
-11.853,7.0624,6.5892
-22.661,2.9862,-4.8376
-19.481,5.1035,-0.5474
-20.575,4.0869,-0.76432
-14.653,6.492,6.4558
-21.877,2.245,-2.8386
-8.0601,4.5961,1.4118
-22.502,3.6095,-3.3388
-14.027,6.4714,6.768
-3.1583,4.9551,-1.1228
-3.3755,3.2551,-3.7383
-9.3305,1.4905,-1.1385
-22.285,0.79806,-6.1752
-22.816,1.5129,1.3747
-4.1011,0.22957,-7.6384
-21.687,2.4377,-3.082
-12.926,5.7901,5.5994
-13.933,3.0252,3.3857
-10.592,6.0054,5.4215
-1.548,0.91653,-2.5404
-22.294,3.0212,-3.8286
-17.949,4.4361,3.1863
-9.083,7.4684,6.447
-3.0535,3.7337,-2.8912
-14.545,7.1891,7.2391
-20.232,4.0647,-2.0863
-10.521,6.6645,5.3589
-11.465,7.1457,7.7673
-14.068,5.6953,7.5302
-12.156,6.2577,6.3675
-5.8797,4.9621,0.16214
-16.252,7.3671,3.4895
-5.7741,3.425,-1.8743
-0.85537,5.0963,0.78867
-17.698,6.0708,-0.30521
-18.698,1.4565,-2.2619
-14.656,5.4554,5.56
-1.1665,1.6587,-2.6511
-3.9408,5.7971,1.8025
-14.498,6.4377,3.4354
-16.483,4.7245,3.1067
-14.827,8.9592,5.1874
-10.156,5.778,8.4837
-17.613,4.2912,-1.0022
-22.723,4.1457,-3.4418
-6.6611,3.6698,-1.3785
-21.335,3.734,-4.3178
-9.5242,8.0416,6.4563
-10.347,10.635,4.3676
-3.1642,1.5351,-3.4422
-13.522,7.5818,6.7707
-16.096,3.4412,1.9436
-7.3787,5.0453,3.1461
-2.0994,2.5488,-1.7883
-9.8826,7.2273,5.7226
-14.105,6.7882,5.4511
-20.072,3.2573,-3.2343
-0.16214,3.9684,-3.4194
-8.9657,6.5088,3.196
-15.389,8.148,4.814
-17.565,2.3191,1.8854
-12.051,8.6435,4.7625
-3.6066,2.9497,-3.2573
-6.6544,4.9616,2.0869
-2.1076,3.2082,-0.7604
-14.713,6.5706,5.1669
-11.455,7.0877,7.2592
-16.884,4.5417,5.0657
-19.446,3.2803,-0.8298
-6.0414,6.7862,9.6674
-22.915,2.8654,-4.0049
-17.497,7.4205,1.7007
-16.377,5.6773,3.0969
-10.615,6.625,7.3975
-13.158,5.6761,5.3964
-2.8578,3.0122,-0.51554
-3.4606,4.3246,-4.3657
-25.35,3.7424,-3.7492
-8.2525,5.5848,2.2683
-2.8,4.0216,0.21396
-21.175,1.6255,-3.5131
-11.583,6.695,4.5201
-9.2731,7.8365,8.7261
-21.633,2.509,-5.0134
-7.7927,6.2852,5.3819
-15.623,5.4824,-2.5721
-4.6322,4.1248,-0.28142
-14.101,6.6515,6.3818
-14.734,8.0309,7.2869
-8.6611,5.7275,5.1318
-7.7052,7.1358,-2.2208
-18.538,7.3374,2.0638
-9.5677,6.3582,4.6911
-4.1933,3.974,-2.4031
-12.153,9.7623,1.01
-16.24,4.624,5.1613
-7.041,6.7066,3.6493
-12.428,3.2115,6.6511
-24.453,5.767,-4.9411
-12.11,7.1451,8.6632
-5.1463,3.2021,-0.85336
-13.121,8.091,5.8538
-13.34,6.4109,5.86
-7.8929,5.5308,3.5296
-16.349,7.592,5.3108
-21.23,4.166,-2.3452
-13.625,5.9917,5.8254
-12.279,5.9399,1.0704
-24.549,1.9086,-3.5934
-11.113,5.6568,6.9873
-6.4697,4.0034,0.72731
-17.261,7.054,3.5607
-11.979,7.6377,2.1291
-2.2506,2.6595,-2.079
3.129,3.4101,-6.9382
-9.749,5.1182,5.2876
-9.5928,7.1346,5.0371
-20.674,3.8207,-3.402
-4.9263,3.2721,-0.73972
-5.3912,3.7163,-3.7889
-21.596,2.9517,-4.4595
-12.697,5.0026,6.273
-11.218,6.726,7.029
-9.5149,7.218,3.8235
-20.208,2.4811,-1.3231
-8.1804,4.7731,3.098
-7.4349,5.3286,2.8877
-13.167,10.337,5.1955
-11.412,4.2839,1.3953
-12.854,7.154,7.0787
-3.4491,3.5998,-2.0718
-3.263,1.3508,-4.463
-16.482,5.8728,2.9739
-4.7279,6.1833,1.7907
-22.425,3.4665,-2.4154
-22.017,3.6534,-1.8288
-8.2033,7.7915,7.1712
-21.703,0.60063,0.11146
-1.509,2.1799,-0.50292
-11.84,7.1315,6.1648
-9.5586,5.7092,5.7357
-10.434,9.8499,5.7326
-1.172,4.0835,-6.9721
-13.069,6.8727,6.2226
-9.5358,6.9362,6.8593
-22.889,1.0538,-8.1007
-11.284,7.0575,1.6905
-8.696,6.7098,5.9138
-5.1668,4.9217,0.8648
-13.672,7.7875,7.1528
-5.3221,4,1.119
-7.9415,6.9848,3.2861
-14.239,6.8891,5.4242
-16.074,5.6701,4.9018
-11.332,7.2704,7.9919
-20.901,2.937,-3.2137
-18.188,6.1957,0.78375
-5.6105,2.9224,1.3784
-1.7463,7.3206,0.056573
-11.29,7.2289,6.9753
-11.899,5.9011,3.1915
-21.668,3.7466,-4.0486
-15.005,5.0678,5.8982
-10.477,6.8067,5.9606
-7.3414,5.4537,-0.92931
-17.733,4.5887,1.5485
-4.2553,2.4389,-1.5477
-4.9871,4.4811,-1.7599
-11.849,2.4642,1.9877
-22.053,5.8883,-1.1814
-3.1559,6.9371,-4.8946
-1.8028,3.6195,-2.6376
-4.7748,3.558,-0.53838
-7.2812,5.216,2.2745
-16.004,1.8744,1.8994
-11.62,8.0755,6.7957
-16.039,4.7015,3.4983
-13.333,5.9193,2.2966
2.0509,4.8224,-1.3839
-4.5875,3.2895,-2.9042
-17.714,2.2555,1.8407
-4.537,2.6856,-1.5385
-16.184,4.5064,3.4904
-22.322,2.9747,-4.1346
-15.644,4.7489,3.227
-12.28,6.0706,4.8747
-19.329,1.7752,-6.8904
-4.8502,2.9155,-0.1173
-7.5753,5.0209,2.3851
-12.944,6.3929,6.108
-18.417,4.6377,0.63244
-20.946,2.0358,1.9871
-18.097,0.75775,-1.5199
-17.489,3.6989,1.8943
-5.8813,3.9315,0.10528
-9.1538,0.58874,-4.8986
-12.104,7.9724,7.1693
-4.9815,3.468,-1.4004
-1.7236,3.8151,-3.3658
-7.8325,6.5617,0.86282
-14.023,6.6771,6.88
-21.816,3.1725,-3.651
-2.0876,5.8406,3.9874
-12.649,10.281,5.5176
-10.412,7.5963,6.4505
-24.48,2.5525,-3.9069
-21.482,3.7854,1.8035
-11.383,3.3148,11.422
-21.167,1.4644,-3.1425
-17.858,14.435,6.9634
-5.121,4.6331,-2.8007
-7.1717,4.4493,1.041
-12.876,5.3153,5.8654
-8.2913,5.8193,4.7709
-5.1996,3.0108,-1.539
-21.201,3.0285,-1.0958
-5.3641,3.3681,-0.30032
-17.445,6.7101,4.3129
-6.6576,3.2606,0.68821
-7.1644,3.6148,2.7172
-19.78,2.2531,-1.4442
-6.9879,2.1187,-4.6703
-17.161,5.8446,1.9271
-4.7456,1.1364,-2.8095
-5.1012,6.0418,3.2868
-3.81,4.7751,-0.89715
-0.9064,2.9649,-2.6964
-15.834,5.6484,2.3274
-14.325,6.0815,6.7484
-1.5116,2.7192,1.7275
-17.129,4.2232,2.1205
-12.265,6.8138,7.9893
-14.05,4.3651,5.7268
-23.078,1.8443,-3.1515
-9.9334,5.9841,9.5386
-2.1523,1.5907,-1.6357
-2.8255,5.2394,-3.7957
-22.291,6.3921,3.0981
-13.362,9.174,1.6518
-7.2761,5.8326,-0.91372
-20.497,2.3929,-1.7396
-15.591,5.4221,11.81
-5.6282,2.8697,-1.4799
-21.807,2.6172,-2.2071
-13.669,6.1503,2.0827
-9.9304,3.0194,5.4441
-1.5548,6.1702,-0.12916
-13.298,4.8695,2.5424
-5.7878,3.9842,3.4194
-15.058,5.6749,5.1546
-20.27,3.8694,-0.88588
-5.4329,5.994,4.0052
-6.0905,1.3591,4.4844
-12.971,6.5501,4.3493
-13.49,4.5318,7.7194
-4.1181,3.5019,0.54791
-2.8922,1.9268,1.3618
-16.295,8.5194,2.3481
-20.73,3.8413,-1.1646
-16.599,5.6062,3.7115
-22.272,3.198,-3.4157
-14.973,6.4158,4.771
-17.045,5.5863,3.0551
-2.6737,3.7776,-2.9569
-7.8927,5.1981,4.1154
-15.311,9.1278,6.6707
-4.7459,2.6777,-1.3035
-19.671,3.1834,-4.5537
-18.698,4.3013,0.70054
-3.3991,5.1814,3.526
-3.3257,1.8534,-2.6238
-7.095,1.7028,-0.89766
-4.2855,0.9637,0.78811
-21.923,2.4317,-2.6597
-20.134,3.5563,-1.1566
-10.625,7.7864,7.4524
-20.719,3.4259,-2.7093
-16.111,6.075,0.92912
-23.197,2.3577,-3.2191
-4.9069,3.9712,0.72341
-21.423,2.787,-2.2931
-14.348,6.4936,3.3719
-19.036,7.2856,2.6905
-22.209,4.018,-3.777
-12.895,6.8869,11.143
-13.111,6.4802,5.9496
-1.4344,0.76957,0.40823
-21.336,2.7669,-2.5803
-21.96,1.7738,-3.4252
-14.758,4.6845,0.93995
-2.8338,3.0482,-1.9944
-11.001,10.001,8.3376
-5.5683,4.6467,-3.3212
-10.304,5.6229,7.6942
-12.442,8.1708,4.8538
-17.647,9.2246,4.8716
-13.719,8.0749,2.4907
-9.6628,6.0401,-0.66529
-18.343,5.9647,2.1622
-20.868,3.1417,-2.4645
-5.5708,4.7754,-0.46919
-9.7134,7.1789,6.1269
-12.689,6.7214,2.1187
-6.1893,3.655,1.0638
-8.992,6.6279,5.2547
-8.0581,5.7307,2.8459
-1.4321,0.062388,-1.8432
-3.3463,2.7731,-0.43017
-10.356,5.0566,2.602
-15.367,6.7489,3.6171
-18.501,4.4473,-0.73381
-6.1193,4.2272,1.1855
-10.841,4.2096,3.7794
-9.2729,6.0733,6.3593
-22.437,3.5344,-2.6708
-6.1215,3.2839,-1.9281
-15.354,3.9748,6.8817
-7.6422,1.8339,3.0559
-13.158,6.5879,7.2261
-5.2456,4.2297,2.5722
-5.841,5.2174,1.0272
-15.498,8.5731,2.463
-1.6075,4.8052,-3.7631
-6.4913,4.8068,1.4879
-8.7241,6.6009,5.3497
-18.24,4.3509,-3.8991
-14.946,5.982,5.9562
-5.1035,5.2599,3.7168
-15.414,1.991,2.5982
-14.585,6.0687,7.6973
-9.1146,8.1467,4.6359
-21.532,3.9047,-2.4193
-10.456,7.8195,8.6853
-13.421,5.6995,6.8791
-13.299,7.4148,6.4467
-14.687,6.8882,5.8756
-9.5127,5.114,4.8258
-18.373,5.5604,-0.88538
-14.192,9.6541,4.1179
-19.15,3.5806,-3.5611
-21.812,3.534,-3.3393
-15.918,5.8905,5.3845
-22.03,3.3792,-3.0797
-18.356,8.058,-2.6069
-6.501,5.2607,1.1336
-13.377,4.7794,1.6756
-10.607,7.306,7.1955
-3.4682,3.6873,-2.3364
-8.8845,0.81289,1.03
-9.8955,7.8212,4.285
-21.658,3.1054,-3.3328
-14.993,6.4547,4.7657
-19.742,3.2815,-2.7849
-7.2858,4.9141,1.5517
-16.957,4.2843,2.9421
-22.305,4.1929,-2.3346
-10.862,8.2215,8.5673
-16.727,5.9726,3.3654
-12.846,6.1401,6.9398
-12.349,6.1266,7.2522
-3.1972,1.3345,-0.45795
-6.9202,4.3662,-0.059062
-7.1688,5.1841,3.4732
-7.8524,6.1931,1.9592
-1.8534,3.9349,-3.489
-24.919,3.2457,-0.59111
-11.701,7.3279,8.0571
-12.987,9.4411,8.487
-8.1668,6.1008,4.6362
-7.0322,5.8029,4.5953
-3.8051,3.2431,-0.34185
-13.914,7.4747,5.0937
-22.786,2.8308,-3.5004
-13.324,6.8628,6.2585
-0.53023,3.5602,-5.6018
-13.39,7.6841,7.1374
-6.3686,4.9255,0.38715
-10.875,3.4622,6.3145
-0.34647,2.01,-3.3915
-11,5.4162,4.5482
-18.975,4.2596,-2.1652
-21.018,3.409,-1.4588
-23.686,1.1164,-0.63966
-9.6762,6.5751,5.3466
-12.661,6.6534,8.3775
-9.8616,5.4219,3.7877
-22.807,4.8019,-0.99678
-10.491,6.2661,6.1734
-3.9554,3.1393,-1.9517
-12.323,6.7765,7.5926
-22.655,2.7223,-4.1509
-19.756,4.4961,1.5745
-9.9233,7.2524,6.817
-20.989,4.5183,-0.073483
-8.6766,4.6886,3.8911
-20.212,2.9082,-1.1632
-17.346,5.8566,3.1445
-7.9285,6.4825,3.6206
-14.193,3.433,10.133
-17.424,10.358,4.4261
-4.5247,4.8873,0.1857
-21.696,2.3885,-2.707
-12.622,6.3132,6.407
-15.72,5.326,4.7948
-17.202,1.5619,-1.9505
-1.9557,2.9568,-3.8153
-21.487,3.7722,-2.5461
-4.2562,2.4304,-2.4375
-11.691,5.9319,2.2149
-1.606,5.1997,-3.4088
-22.914,2.5481,-3.0139
-7.6817,6.9638,3.8038
-4.385,3.6734,0.2011
-2.6536,4.0784,-1.7104
-21.843,4.4288,0.25954
-4.6898,2.8717,1.0381
-4.3141,6.3141,0.38946
-10.117,3.0182,0.28133
-0.45386,3.9359,-2.8273
-19.609,0.88208,-0.40889
-19.254,4.3385,0.42567
-17.516,5.8006,8.4928
-7.2379,3.5359,2.0405
-13.272,5.1168,6.3921
-10.265,8.2909,7.517
-16.353,5.0671,2.6245
-9.5767,5.7741,5.2059
-18.305,3.723,3.5012
-16.52,8.4034,1.9982
-17.012,4.7761,1.0056
-17.366,3.2298,4.5179
-11.87,8.4643,-0.90213
-21.116,7.0741,6.5218
-2.5567,6.1228,-4.1798
-6.9367,5.287,-0.19895
-15.282,3.021,3.1778
-17.52,8.5117,1.0852
-2.0014,4.9429,-4.4284
-3.2466,3.0037,-2.5621
-13.078,6.0919,6.1488
-20.427,2.5227,-1.5908
-10.686,7.2904,5.9805
-7.3817,7.9237,4.9802
-5.6389,5.866,-0.67083
-18.32,5.3107,0.54202
-4.3175,3.764,3.1175
-2.5101,5.5025,-1.2131
-17.742,3.2787,-1.3978
-15.966,5.7668,3.1998
-8.0352,3.6324,1.8084
-7.2166,4.9441,1.781
-4.0328,3.126,-3.3612
-7.1468,6.1829,4.2442
-14.506,2.3232,7.1705
-8.5732,5.9909,-0.55451
-17.187,4.4177,4.4265
-23.313,4.8065,-1.6101
-11.985,8.0822,4.2835
-22.424,2.8095,-4.5917
-14.463,6.366,3.2408
-17.586,4.1298,1.9927
-20.062,3.0106,-2.8027
-14.191,6.5877,5.9963
-2.0439,3.2771,-2.1059
-7.7974,2.0534,3.705
-9.2327,4.6255,-2.8746
-8.0985,8.0972,5.5715
-8.4083,10.153,6.9903
-6.7252,5.0905,1.7995
-3.6494,4.6728,-6.299
-8.0705,4.3797,3.2907
-22.175,4.1151,-4.7465
-19.03,4.2141,4.6696
-16.722,4.9261,3.5767
-15.469,6.8333,5.7568
-19.721,2.837,-3.1721
-4.2093,4.5396,-2.7086
-8.7194,6.5668,3.3532
-12.784,5.9755,5.0967
-15.277,5.5464,3.2338
-13.614,6.7186,4.7708
-6.8449,5.5611,3.2282
-20.302,4.2754,-0.73459
-16.336,5.5322,4.1001
-5.9284,3.0403,-0.6928
-12.987,8.0193,8.9189
-21.72,3.4569,-1.9031
-6.4103,0.4919,0.64647
-14.435,7.5611,-0.70094
-18.757,1.4337,-1.2697
-6.369,1.8418,4.3309
-20.625,4.1593,-3.4123
-12.98,6.9594,6.1034
-15.823,3.027,1.3651
-1.2369,0.12431,-1.8623
-10.885,7.5577,5.0145
-2.3431,1.5324,-4.4527
-21.224,2.4243,-5.8329
-22.912,3.6733,0.57552
-4.4207,3.0691,-3.8909
-3.6621,6.9032,-0.58583
-14.309,6.4799,3.2745
-14.811,6.9264,5.0121
-16.444,5.3863,3.2218
-13.436,7.0147,6.7317
-2.1751,2.2988,-2.1556
-11.029,8.3264,6.431
-7.6678,5.6335,3.0975
-26.55,2.8135,-4.2054
-3.7963,1.2356,4.3516
-14.037,6.064,6.3051
-12.846,2.3614,6.3597
-8.8071,3.7004,-4.0154
-3.2996,2.5492,-2.2754
-2.4866,-2.1617,-1.8676
-18.477,3.7544,0.21537
-22.348,3.3041,-7.6484
-14.957,5.477,3.6315
-4.7254,6.0305,3.9748
-15.821,6.8771,5.1611
-7.4538,2.4247,0.72884
-21.261,3.2948,-4.2437
-18.255,7.8322,2.3493
-12.697,11.238,2.3042
-3.6192,5.141,-3.9287
-15.127,5.5987,4.7447
-8.6021,5.5767,0.4947
-13.656,7.0636,8.574
-6.9072,4.812,2.0797
-16.117,4.5924,2.3912
-23.392,4.0427,-3.6184
-8.6059,7.485,6.1524
-6.616,5.7239,9.0125
-20.947,3.4624,-1.526
-3.7323,-1.0686,-5.5666
-17.899,2.4403,3.8499
-2.0428,3.8052,-4.492
-16.861,4.9125,-0.051922
-22.487,0.68161,4.6196
-6.4514,6.4084,-1.1298
-20.358,2.9615,-1.0583
-8.2451,4.3234,3.7099
-20.022,3.4239,-2.3386
-12.21,3.8712,6.0922
-22.168,3.3437,-3.4655
-10.983,7.4373,7.3279
-4.2354,4.6906,0.15763
-6.5404,2.7721,1.1837
-16.725,8.5772,5.2631
-5.9168,3.9583,-1.795
-14.589,7.2284,8.0208
-8.447,7.0327,0.99627
-14.942,5.3531,4.0322
-17.216,8.1054,8.0835
-5.3572,4.7552,3.356
-5.4371,3.8164,0.5027
-11.238,6.958,6.9713
-4.174,6.9703,1.1276
-7.4758,5.6769,4.718
-3.0094,-1.527,-5.5596
-9.7328,6.773,6.0367
-5.8672,4.1931,-0.44826
-20.212,5.5674,2.9897
-22.186,2.5879,-2.8519
-8.0144,3.7301,0.03786
-13.167,6.7654,9.4879
-14.269,5.2042,5.5259
-14.927,7.1927,12.192
-18.56,2.7343,-1.5466
-12.19,6.8782,7.7212
-15.281,2.4732,6.0482
-6.0669,4.3916,4.679
-16.743,6.3313,3.2276
-6.3787,4.3542,-1.3695
-11.146,7.9144,8.2378
-18.351,4.174,3.6792
-5.2352,4.863,-0.58734
-21.106,6.1367,-2.8715
-13.737,7.3567,4.6539
-2.5012,2.6703,-4.9841
-16.399,7.1915,1.7231
-4.8028,4.3365,5.6403
-19.87,0.90133,2.8626
-5.9781,4.6985,3.9427
-22.356,4.2078,-2.3901
-9.5363,7.2224,5.5324
-15.797,4.7717,3.5144
-1.4893,3.2473,-2.6796
-22.499,2.3974,-2.8908
-22.703,3.4259,-1.8492
-6.2284,1.9766,-1.3344
-18.169,3.4817,-2.2911
-5.9123,2.064,0.81194
-8.0646,6.3482,2.1974
-18.091,2.0423,2.2803
-14.947,7.2344,-2.5175
-15.071,6.259,5.5736
-15.836,5.7536,4.2846
2.836,1.7498,-2.7998
-0.52944,2.0908,-2.9742
-12.852,2.5761,4.6815
-6.1975,7.2332,-2.4036
-5.0008,5.6166,3.3939
-5.493,3.2033,0.050674
-9.9765,3.2146,7.0705
-15.671,6.0049,4.8399
-19.034,2.9056,-3.3878
-4.3155,3.8518,-0.95222
-14.566,5.9854,7.0026
-19.582,5.277,-2.7812
-15.134,5.4516,2.9746
-21.855,2.6407,-4.1758
-14.579,4.5924,6.9385
-8.92,5.6703,8.9232
-7.975,5.5595,8.9995
-16.669,6.6571,0.63757
-18.965,4.2432,-1.7592
-21.379,3.1926,-3.449
-22.399,2.9607,-2.1893
-19.441,4.2935,-3.1578
-22.076,3.0057,4.5965
-21.975,2.7968,-1.0413
-3.705,3.8539,-2.1971
-0.77083,1.2559,-4.1608
0.31419,8.3841,1.4838
-8.71,5.3789,-2.5838
-12.682,6.7182,7.6135
-7.3793,5.4323,3.8609
-10.948,8.7976,4.418
-4.4389,2.5665,-3.4391
-17.035,5.9687,1.8643
-21.127,3.1311,-2.2093
-14.687,5.0276,3.186
-8.3198,5.9861,3.8608
-21.767,1.8898,-2.7036
-15.192,5.6419,3.5932
-19.336,3.1431,1.6369
-20.011,2.9217,3.6824
-24.381,3.2205,-1.8354
-6.1271,2.3663,-5.3661
-19.938,3.9421,-0.5498
-5.8659,3.9353,-0.14225
1.1212,2.8386,-3.6802
-13.947,10.376,5.2894
-4.9844,3.6825,-1.524
-16.225,5.4835,4.2541
-4.612,4.2758,-1.6661
-12.666,5.329,6.0794
-2.3373,3.0161,-1.8596
-5.0429,3.2359,3.415
-2.7478,1.7395,-2.648
-0.82561,2.7885,-2.6817
-18.335,6.6186,0.49402
-4.646,4.2882,-1.1476
-22.019,0.65967,0.22489
-21.762,1.7188,-6.6511
-11.475,6.9457,5.923
-16.354,5.7257,5.7771
-12.376,9.6849,2.9907
-21.384,2.2158,-2.5105
-6.5033,4.6608,0.49779
-9.7837,7.3495,5.9445
-5.8634,5.4442,1.4809
-17.47,0.34862,-6.025
-5.5468,4.0236,-1.61
-12.525,7.2117,7.1588
-12.551,3.6408,0.36008
-19.278,3.5594,0.44071
-17.238,6.8952,1.3112
-15.445,3.7371,-2.0475
-6.5579,5.1845,1.7095
-2.7775,4.6426,-3.1963
-18.571,3.999,-4.5913
-9.1544,4.9196,2.8789
-16.365,5.7412,2.2171
-20.091,4.3939,-2.1135
-2.6577,3.5971,-3.6336
-3.6992,4.9634,-1.6276
-18.197,7.7602,-2.7265
-10.546,6.3826,6.2551
-2.0521,-0.4585,-0.032574
-10.979,7.0813,6.3909
-22.578,2.8604,-4.0588
-13.711,6.4063,6.3794
-9.4347,6.9839,4.3838
-2.2928,-1.4633,-3.009
-16.541,5.301,3.5878
-14.009,0.6236,-4.0656
-13.88,7.2757,7.049
-18.376,1.5676,-4.347
-19.322,4.2255,-7.3944
-22.29,0.95666,-3.5959
-14.242,4.5673,2.1176
-22.091,7.7316,-5.8536
-19.95,6.4886,4.0723
-13.637,5.7978,7.1026
-8.1426,5.8861,4.0869
-20.777,8.59,-7.9869
-20.476,0.47442,-3.461
-13.449,7.3146,8.0656
-5.8638,3.3606,-0.8067
-7.7003,5.8743,2.5495
-3.5172,2.4684,-2.5181
-16.271,4.8044,1.8563
-19.132,4.0316,-0.37884
-11.485,5.5104,9.8493
-3.7621,6.8887,4.3379
-11.654,6.5229,6.3352
-3.9917,1.7103,-0.2091
-22.204,1.5574,-4.7099
-5.7102,2.0665,-0.64346
-9.8419,8.14,4.771
-11.96,7.5261,7.4062
-13.97,6.6507,5.5393
-5.8263,7.5456,2.1426
-6.94,5.3752,0.86811
-5.1759,7.1962,2.0394
-24.152,5.7399,0.11108
-19.491,4.4937,0.79073
-14.899,6.2386,5.3581
1.51,0.86018,-7.3923
-4.8641,2.8096,1.4735
-8.5286,5.3809,3.1717
-16.951,4.3616,0.92762
-2.6402,2.234,-2.9637
-15.949,7.6787,2.4901
-7.107,5.5793,3.7066
-6.761,5.4942,3.3257
-13.319,5.8836,5.7238
-2.2493,4.7617,1.0282
-17.522,5.7209,0.92065
-5.0314,4.1795,-1.7025
-11.631,5.178,6.7804
-10.464,3.3155,-2.0667
-10.441,7.3886,6.3914
-11.847,7.2362,8.0878
-11.307,4.1027,3.481
-19.342,3.4233,-1.8715
-7.2264,4.9607,2.7424
-11.479,6.6203,7.9728
-7.9216,5.4629,3.1545
-15.32,7.0104,5.2997
-21.539,3.7294,-4.0669
-23.4,3.7917,-4.1367
-11.139,4.6004,6.7905
-1.1921,4.8134,-3.0481
-11.099,6.7465,6.0662
-3.4961,3.8071,-1.4739
-5.0748,1.5371,-5.5866
-2.4956,2.6597,-1.6633
-20.865,4.3894,-1.0239
-18.873,3.8346,-0.68474
-23.188,0.6303,-2.3962
-20.369,3.9971,-1.1318
-7.1842,4.8704,2.4581
-6.9205,4.5214,1.5895
-8.2431,6.0037,2.5038
-1.692,0.63758,-1.5852
-6.2438,4.9536,0.01666
-20.785,4.5504,-3.6389
-10.441,7.7906,5.2396
-13.833,6.4685,4.8224
-20.853,0.50705,-0.59182
-15.201,5.8925,4.6031
-9.4116,7.1672,7.4217
-22.82,3.0506,-4.5033
-18.225,9.8317,0.054798
-6.4536,4.5082,1.8597
-14.752,2.8688,8.2939
-6.3511,3.6202,2.2221
-13.9,4.3411,7.3925
-19.657,3.4818,1.7847
-19.069,7.8761,0.27872
-14.873,6.3416,4.3186
-12.67,8.3115,6.045
-3.4533,3.8264,-3.056
-6.9008,4.5575,1.0894
-9.4289,7.1708,6.3475
-3.9187,3.4157,-0.89901
-3.1219,3.7299,-3.2298
-11.218,5.3781,5.276
-22.302,6.4085,-2.042
-9.7591,10.381,6.7664
-15.125,6.659,4.3272
-22.767,0.29968,-3.1038
-10.705,5.9232,5.7576
-0.50873,0.87445,-2.859
-14.563,5.8438,5.2273
-15.763,6.2966,5.2121
-21.157,3.7192,-2.6605
-17.93,1.6743,3.0363
-22.903,0.89743,0.81361
-8.6484,6.129,3.7452
-2.6925,3.009,-3.1729
-3.1781,4.225,0.56168
-7.6773,4.1528,7.4252
-21.458,5.119,-1.1408
-5.0653,6.474,-3.5417
-23.573,4.5678,1.5702
-19.487,3.9696,-2.514
-10.448,6.4711,7.6772
-15.021,4.7944,6.2659
-22.68,5.9915,-7.191
-9.3718,5.3499,3.6513
-19.939,3.7733,-1.8183
-21.527,2.149,-2.8322
-6.2341,4.1217,-0.3722
-9.6837,9.5856,10.986
-20.364,2.8531,2.4561
-9.7094,7.5156,9.3229
-0.029755,3.0421,-3.5662
-17.609,3.9174,1.4906
-10.467,6.7492,7.3565
-13.885,6.8703,5.8248
-16.811,5.4719,2.5667
-14.66,4.4724,4.0363
-11.13,4.9597,3.695
-11.146,7.3972,7.3055
-18.178,1.9208,-0.093346
-9.0977,6.0033,4.391
-11.147,7.5873,7.9458
-7.3433,5.8257,-0.35203
-2.4646,1.6864,-3.4293
-15.116,5.1443,5.0664
-15.564,5.6691,3.2519
1.4048,2.4096,-1.113
-9.9482,4.5153,3.7401
-1.0704,4.1863,-0.37725
-19.547,2.855,-2.0624
-14.188,5.8607,5.8796
-17.449,3.2806,2.5097
-14.83,7.2922,5.4719
-1.0011,1.4866,-3.8146
-19.1,5.2788,0.17169
-9.2769,6.1441,4.4665
-21.938,4.0348,-2.4379
-8.2065,5.9713,5.8228
-2.4712,2.0523,-2.7099
-17.204,8.515,3.8038
-17.721,7.7966,9.9252
-8.7935,6.4957,-0.34842
-13.537,6.4493,3.0998
-15.483,6.4938,2.816
-0.064621,2.3759,-4.9945
-24.487,2.4537,-0.25327
-6.4146,4.046,0.36204
-2.4033,4.9949,0.34819
-15.597,6.8766,-4.0961
-12.744,3.9318,4.425
-9.1756,6.407,6.5026
-2.9183,4.9291,2.0239
-19.524,1.8873,1.3244
-4.7401,2.7755,-1.5172
-21.564,3.4911,-2.028
-3.0373,5.8033,-2.9695
-23.046,3.513,-6.2164
-8.7263,10.511,3.2486
-11.893,7.2053,6.5414
-5.2808,2.3455,4.6096
-4.7748,2.5616,-4.5671
-13.913,5.8801,6.3746
-13.709,7.0249,4.8965
-15.204,6.9358,6.6213
-3.9473,4.5071,0.20331
-22.809,-1.3788,-1.655
-11.734,6.8506,5.9808
-21.701,2.0051,-4.7599
-4.1773,2.7378,-2.765
-21.379,2.893,-1.9402
-23.116,3.0178,-3.7572
-9.7865,1.9748,-4.0497
-19.323,1.4555,-9.2565
-7.8686,5.4529,2.4275
-3.7034,6.6316,-1.1203
-6.2856,4.501,-0.76287
-1.4728,3.181,-2.3105
-6.3766,4.9762,2.0663
-21.796,2.5153,-2.2894
-14.57,5.9701,5.9071
-0.81962,3.6099,-5.7349
-21.742,4.8691,1.5125
-22.7,3.9651,-2.8316
-4.5381,3.3454,-1.2472
-12.443,8.0362,7.5922
-0.083332,2.2783,0.021511
-6.4695,6.4043,-2.8326
-17.16,-0.5081,-5.4216
-11.255,4.9428,5.9271
-6.124,4.1797,0.24597
-9.3394,5.9792,4.0655
-0.98478,3.0349,-2.3761
-6.7861,4.3199,0.84354
-4.8359,4.2404,-1.2074
-21.703,2.22,-0.60632
-8.6517,7.5574,4.2973
-6.0753,4.4147,0.33292
-10.006,5.691,5.709
-7.8066,6.356,4.4696
-22.78,4.2356,-2.9095
-14.565,5.4006,5.956
-15.429,11.009,5.7978
-7.1532,5.2713,3.7285
-9.8754,2.8568,0.051024
-6.6428,-1.1359,-4.1919
-3.3172,7.5335,1.7752
-23.259,-0.19764,-2.8858
-16.946,6.2968,3.7041
-23.965,1.5488,1.7158
-4.8559,3.5152,-2.4962
-15.877,6.1681,6.0474
-6.8902,6.4192,4.3728
0.81433,0.83833,-6.1639
-8.6714,6.2052,6.005
-21.43,3.18,-1.8298
-5.3774,4.576,2.3903
-16.23,7.4355,3.4136
-14.075,8.7832,2.8636
-6.6521,8.8813,-2.3742
-5.9512,0.96769,-2.0966
-7.7927,0.082769,-3.9215
-15.53,6.5666,5.4158
-14.473,5.8535,6.074
-21.413,5.9404,-0.68983
-16.347,5.8776,3.285
-6.4795,5.3926,-0.50672
-23.439,7.0531,1.0284
-17.15,5.8317,3.6768
-23.039,3.1468,-3.3958
-22.479,2.095,-3.4338
-4.7904,4.2398,-0.15168
-8.7294,0.068507,-2.151
-8.1446,5.5189,2.3212
-4.9482,4.9172,-1.8197
-7.543,4.7131,1.1456
-4.0818,2.4482,-2.3359
-6.6782,7.1236,4.518
0.58135,3.5674,-1.9502
-5.0156,3.4271,2.9826
-7.5528,6.3785,2.0779
-8.8392,8.7056,-0.47072
-3.2251,4.776,-4.3151
-3.6433,6.376,7.5794
-19.986,6.3774,4.174
-18.79,4.5852,-0.44216
-10.42,7.4432,-0.98109
-3.372,5.1424,-2.7532
-8.5476,6.4899,6.358
-18.468,3.7738,-0.85084
-14.865,5.7524,4.2219
-14.041,7.7462,5.8332
-24.158,3.5376,-1.9317
-15.581,5.0333,3.8518
-8.1644,7.15,4.0161
-3.6351,3.6109,-0.7476
-10.249,1.3866,6.5349
-6.6493,5.8817,2.041
-9.8598,7.1893,3.2808
-18.457,4.7697,-0.79688
-19.43,2.8862,-6.0034
-7.5016,7.7097,7.5917
-3.9168,3.6447,-1.3156
-12.27,7.9397,10.037
-5.139,5.3598,-0.71457
-5.8619,2.5035,-1.3674
-15.805,5.6202,4.4111
-9.4477,5.827,5.1357
-12.053,6.7097,7.2429
-19.009,4.4553,2.5772
-3.7618,3.5536,-2.4451
-6.6947,6.1822,3.3607
-4.7785,3.4341,-0.19338
-14.368,4.6856,1.8175
-15.092,6.2829,5.0393
-20.314,2.4125,-4.0623
-22.045,-0.14119,-3.139
-22.666,6.6163,-1.5139
-12.923,2.0735,3.2455
-16.231,5.863,4.6431
-18.489,4.3546,-1.3526
-6.8714,5.9829,1.4556
-14.564,7.128,5.8098
-6.9447,4.533,1.5077
-4.7913,8.2302,4.2169
-5.856,2.9907,7.1296
-13.453,7.3102,5.0643
-21.435,3.6523,-1.0091
-9.4349,7.5888,5.7319
-16.476,6.7383,3.3513
-7.8308,5.3433,2.2517
-19.243,0.047369,-0.14947
-14.4,6.6101,4.9537
-16.788,9.3992,8.7562
-9.2915,4.9637,5.7184
-6.4061,4.8774,2.1656
-7.0975,3.4828,1.9084
-23.853,3.7857,-4.3584
-13.391,6.2528,5.9594
-8.591,7.5271,5.5418
-6.9462,4.6903,2.4155
-9.7423,9.0404,6.1166
-8.4601,3.2019,3.3293
-21.771,3.0922,-3.5049
-21.042,2.3057,-2.5555
1.0548,4.4579,-7.1612
-9.2829,2.7089,2.0287
3.0288,2.5007,-2.341
-7.4434,5.9369,3.857
-12.357,5.9303,3.6642
-11.431,3.2832,5.9727
-8.2395,7.862,6.402
-20.756,2.624,2.4996
-11.292,5.2339,6.1074
-23.389,3.0307,-3.6616
-6.8321,4.8168,2.0611
-21.385,3.11,0.67051
-6.6298,4.7657,-0.34359
-4.3994,3.6667,-0.94551
-8.3309,8.369,4.4528
-8.9322,7.3234,6.6145
-4.3121,2.7769,-2.0151
-21.013,3.9147,-1.8431
-19.394,3.8438,-3.0697
-12.793,7.2654,0.31579
-12.43,8.8105,3.8786
-17.486,6.5762,0.819
-2.443,3.0858,-2.5966
-7.084,3.9939,0.72177
-22.747,2.9496,-3.0954
-5.9091,6.5915,-0.58539
-5.9663,4.8175,0.33567
-14.346,6.241,4.1335
-4.0734,5.1927,2.0475
-5.3578,7.8869,9.7905
-13.432,6.4083,2.4583
-23.386,3.1766,-3.6319
-11.549,6.4704,4.2295
-0.52185,3.1846,-2.5582
-6.3188,4.2063,-0.34795
-15.071,7.3502,5.0118
-5.9582,3.9578,-0.58794
-5.962,5.274,1.3634
-7.8692,9.2849,6.5836
-23.277,0.16152,-2.0059
-7.9778,10.172,6.9801
-19.709,3.7787,-0.85734
-9.6446,4.7865,6.4518
-12.631,4.9856,4.1753
-23.277,2.7931,-2.547
-5.7768,3.5672,-6.2282
-4.986,3.8491,1.1775
-11.767,0.80666,8.3975
-20.911,2.4711,-4.305
-4.8062,3.4178,-2.1905
-11.157,9.87,6.1352
-12.172,8.0959,0.75163
-14.569,7.7152,6.3899
-9.5326,7.75,6.5796
-7.4979,3.0537,0.40255
-8.5011,6.9162,6.2216
-13.241,9.4374,6.814
-6.9152,5.2509,-0.0042566
-21.763,1.9414,-1.4801
-2.1342,2.8435,-3.5394
-13.009,5.8389,6.5217
-6.1005,3.4026,-3.0029
-15.709,5.8958,3.1388
-8.406,1.916,5.2593
-6.5926,4.8166,4.1644
0.77647,4.0353,1.7903
-9.9275,8.6041,3.2084
-1.9384,2.5042,-3.117
-10.994,8.0037,5.9574
-4.3787,3.7981,-1.3215
-11.369,6.6617,4.4047
-2.4781,1.8684,2.1152
-3.169,4.4988,-1.0774
-16.961,2.9531,5.4322
-13.184,7.6046,7.1232
-2.1085,3.4496,-3.4241
-8.8831,4.0604,3.8003
-9.2309,2.2484,9.9572
-7.2866,4.3378,2.8189
-1.959,2.1157,-2.8995
-15.622,7.0607,3.1879
-7.0934,5.6447,2.9294
-13.354,5.386,3.6121
-16.71,6.5786,4.1142
-7.4231,6.6642,3.2733
-6.4459,6.4168,7.5662
-12.89,6.037,6.2238
-0.95183,4.176,-1.4842
-23.237,0.6903,-3.5179
-10.648,6.6479,6.5273
-19.074,3.8578,-1.1665
-22.144,4.1536,0.070473
-20.383,3.6494,-1.4838
-20.395,4.7566,-1.0665
-10.87,6.8431,7.5414
-7.5557,3.0918,1.5544
-22.058,1.5183,-0.22652
-23.015,1.3761,0.97502
-12.411,6.1635,6.7917
-4.169,4.9662,3.5927
-9.3924,7.2542,4.5159
-19.887,3.4382,-1.9815
-18.401,7.3862,2.5652
-7.7423,4.3724,-0.19235
-0.069353,4.8772,-0.24762
-20.329,5.4323,-3.4699
-3.7761,2.7359,-0.36984
-8.952,0.82283,-2.7757
-15.078,8.0036,2.1318
-10.805,5.9311,5.6326
-19.476,3.4676,-3.5087
-7.4395,2.9168,1.7898
-9.146,6.4369,3.6897
-14.679,5.4323,6.6687
-15.686,5.5748,1.0324
-2.9846,3.1111,-3.1842
-6.2944,4.94,0.57645
-20.533,1.8451,-2.1511
-17.735,4.3185,3.7352
-17.706,4.7959,3.2837
-7.2259,5.232,3.1796
-7.8899,3.2727,0.79838
-19.546,-2.2228,-2.3676
-4.1719,4.1428,-0.52756
-6.5431,3.7626,1.6156
-8.2027,6.0823,3.1704
-20.272,5.837,-2.0196
-12.797,7.4899,8.2672
-11.138,8.0096,4.897
-23.202,2.8831,-3.7946
-2.3388,1.1884,0.19534
-15.699,5.9945,3.6158
-16.623,6.34,1.5475
-10.053,6.2002,4.874
-7.1895,4.68,2.1164
-8.6624,6.0918,4.1387
-12.955,5.8808,7.4635
-3.5828,4.0728,-2.6914
-5.6782,2.678,-1.3091
-17.237,2.656,5.1797
-19.278,5.7936,-0.88321
-6.2224,5.483,-0.90903
-18.475,5.3292,0.72717
-14.544,7.1592,4.9743
-18.262,7.6263,4.485
-7.1097,5.3257,3.7773
-2.3377,2.6771,-4.2462
-18.183,0.45344,-1.9038
-4.1418,0.1794,-3.041
-11.355,7.9023,6.36
-2.4998,2.3709,-4.4254
-5.6892,4.083,-1.3337
-7.7279,9.1459,5.448
-6.7347,3.6176,0.27493
-10.189,2.764,4.6114
-22.371,4.2778,1.6455
-14.576,7.1048,3.7201
-23.148,5.5703,-3.9447
-8.235,6.3213,4.5995
-6.3029,3.8131,1.7897
-10.001,6.5225,7.5688
-21.17,2.4737,-3.8544
-12.544,6.0828,5.2955
-20.966,2.9084,-2.8983
-4.2869,6.7499,-0.5669
-22.006,1.6709,-3.084
-21.598,2.0842,-4.5731
-20.29,4.7998,-2.2615
-21.154,5.1412,-0.034438
-22.967,-0.28689,-3.5278
-4.4683,5.4467,2.8353
-11.941,9.0325,6.212
-16.697,5.1951,1.9169
-4.4061,4.0168,-0.65463
-5.3572,4.5807,2.4927
-22.643,4.0886,-3.3065
-17.669,4.9168,0.89316
-13.262,8.9492,7.898
-1.5443,6.0732,-4.2227
-5.7531,5.9318,-0.31854
-5.325,3.5831,4.8515
-4.997,3.2139,-1.049
-6.5874,4.0945,0.13631
-17.24,2.4103,-2.123
-8.2804,5.463,-1.7434
3.1038,3.6564,-2.1952
-11.388,4.2759,5.3404
-4.258,2.9507,-2.6325
-1.0789,1.901,-3.6234
-2.5825,0.65163,-1.6151
-20.902,4.3031,0.44914
-10.819,4.2931,5.7689
-22.449,2.1433,-4.3074
-21.847,2.9542,-3.0377
-15.843,4.6039,3.401
-9.6627,5.3246,8.3998
-19.252,6.0668,-5.7533
-21.656,2.2548,-2.2045
-6.5474,6.0145,6.0643
-19.299,3.2528,0.58537
-23.276,2.4104,-4.7198
-2.1506,2.779,-2.4241
-6.7159,4.9092,1.1521
-17.37,4.5794,3.0963
-9.605,7.7876,3.7553
-0.74532,4.4399,-2.1813
-25.747,2.1636,-4.3818
-6.9131,5.2397,1.7844
-6.9449,3.3367,1.0611
-5.1097,3.8785,-0.29752
-10.842,6.0913,10.75
-16.602,4.8211,4.7778
-8.3598,5.5241,4.9193
-19.229,4.5044,-1.8137
-14.514,6.2112,2.8084
-20.48,-0.013116,-0.085648
-8.4943,2.4128,5.17
-16.819,6.3783,3.8081
-18.758,2.8488,4.1261
-17.062,4.1183,5.2294
-10.26,7.1191,9.7181
-7.9729,4.1314,4.757
-16.15,10.219,2.2377
-6.1612,3.092,2.0778
-6.2294,5.4328,1.1818
-19.07,6.8965,-1.9012
-9.3066,6.7084,-1.0091
-17.583,6.2158,7.7625
-12.868,9.5424,3.4268
-14.894,6.8633,5.7499
-16.713,7.0755,-4.0646
-0.92744,2.8842,-1.591
-3.6926,2.4405,-4.2237
-2.6612,5.4019,-0.38778
-21.154,3.5062,-2.1553
-17.712,3.8227,-1.4248
-8.3053,7.6851,6.7122
-9.2925,8.6203,4.6315
-11.3,5.0218,-0.020031
-6.8399,5.1444,2.2502
-4.5893,2.8545,-0.80196
-20.553,4.7348,-2.1213
-16.926,8.2904,3.7525
-7.386,6.9106,4.7922
-4.277,3.1896,5.2034
-7.3456,5.4621,2.5685
-5.3931,3.9298,-1.0497
-0.11208,5.4809,-2.2149
-7.9512,10.727,2.9223
-3.7366,5.7141,0.8153
-6.6914,5.9564,0.73681
-5.4609,4.2269,-0.16065
-19.276,7.0776,1.5142
-13.122,7.4964,7.6214
-20.786,4.0621,-2.5901
-18.541,2.0498,2.1316
-9.4256,6.7855,4.8014
-13.45,5.6629,5.1008
-20.65,4.1022,-1.2266
-10.633,9.5598,10.009
-4.6657,3.5983,5.5897
-7.0519,5.8549,2.1985
-18.6,9.6086,4.3756
-1.7163,1.7669,-4.9971
-19.768,3.4475,-0.82748
-15.039,6.5207,5.313
-7.609,8.2833,-0.29553
-6.0164,3.8979,0.8898
-13.836,5.1828,0.2337
-13.476,6.5812,8.7861
-17.419,4.6871,1.2023
-15.165,6.5214,4.3219
-19.212,6.934,4.1694
-8.0809,4.6106,5.3785
-19.678,8.0498,2.0478
-9.147,6.4866,6.4598
-5.9365,4.3761,7.5582
-17.706,6.5435,-3.8265
-4.0161,3.5081,-1.1862
-10.666,5.8841,10.789
-15.914,7.48,4.2817
-10.04,9.866,4.6949
-16.668,6.0003,2.3353
-7.3067,5.051,-0.060008
-9.2557,6.4228,6.3842
-19.607,2.6174,-1.7429
-6.4678,4.0166,1.5421
-15.657,7.6273,4.5957
-16.534,5.0447,2.4903
-4.7912,3.8474,1.2188
-9.4067,7.7331,-1.6533
-21.814,1.9889,-4.3237
-9.6172,5.0867,6.6395
-12.771,7.7933,7.688
-22.425,2.1732,-3.232
-17.357,5.6414,2.806
-19.093,4.9861,1.0643
-3.4521,4.5851,-2.1722
-5.8986,4.395,-2.608
-13.931,-0.36477,5.648
-15.442,6.4563,5.0397
-18.457,1.9238,0.086376
-6.3325,5.5656,1.5183
-3.1185,8.071,0.8681
-5.5647,1.1279,-4.2431
-15.455,4.0763,-4.5156
-7.6776,2.0991,-3.9915
-24.53,1.6095,-3.6817
-14.718,6.8801,7.6544
-19.167,5.3195,-6.5504
-21.428,2.4612,-2.4304
-16.487,4.4428,0.67358
-25.59,6.7019,-2.5383
-3.4471,3.0914,-1.5139
-11.576,7.6525,5.3801
-15.76,3.2985,2.196
-12.939,0.27316,0.4606
-20.534,4.0074,-2.6249
-8.7114,6.2291,3.5136
-17.01,6.2541,3.4563
-9.8618,8.3855,8.1125
-22.341,-0.052529,-0.056287
-14.552,5.555,1.4538
-9.4898,6.5979,5.2677
-12.794,4.6399,5.8048
-7.3453,5.3609,2.5807
-13.307,2.1042,1.8783
-12.35,4.3933,5.8643
-21.159,3.0051,-3.2485
-10.784,6.3338,7.1659
-3.985,6.7104,0.76223
-22.255,2.7205,-3.1983
-7.2604,5.2666,1.1317
-11.63,3.8456,5.1879
-7.0645,5.6473,3.6113
-15.551,2.5905,0.8188
-6.886,5.0475,2.1123
-9.9318,7.1931,6.587
-12.859,2.6404,3.7473
-12.048,6.7157,2.9136
-13.771,3.227,3.9217
-7.5309,5.4852,0.98678
-21.889,3.3596,-0.97695
-15.673,7.6766,-0.94357
-4.4924,3.3032,-2.0065
-3.1977,1.2321,-5.607
-2.1009,2.5804,-2.6878
-11.083,6.3946,7.023
-13.917,5.2237,4.0388
-22.564,3.1143,-0.62074
-10.311,6.0436,7.1176
-3.5745,0.52031,-4.6909
-22.094,1.9155,2.2726
-23.551,2.1129,-3.817
-4.8691,2.9435,1.4882
-21.333,4.1777,-2.7599
-20.998,2.5399,-1.5918
-18.38,2.0873,-2.5369
-12.025,9.0733,5.9487
-5.4433,7.0133,-3.1868
-3.6962,3.2223,-1.1558
-21.865,3.9958,-3.5089
-8.1499,8.7927,-2.9404
-5.6322,5.4932,3.6245
-4.303,2.8987,-3.9174
-13.024,7.4182,5.9347
-22.949,5.5032,-0.31335
-16.372,6.1549,3.775
-4.4452,2.7027,-0.45847
-24.34,0.66579,-8.1817
-3.6351,3.9964,2.8865
-17.034,5.8745,4.328
-16.042,6.7469,3.8438
-10.553,3.8127,0.56838
-14.63,4.9024,3.6188
-21.216,1.9537,-2.294
-7.2021,5.4447,1.6732
-10.123,8.5186,8.3843
-13.861,7.9136,4.7509
-16.968,9.2607,6.2624
-17.319,5.164,1.0098
-8.5995,5.8531,4.5276
-8.4793,2.4407,0.71045
-15.397,7.0146,5.8124
-6.5632,5.1432,-0.29463
-23.687,3.9401,-3.4825
-15.314,6.5722,5.6751
-6.6765,6.1423,3.9802
-1.2682,3.9407,-3.3861
-2.8351,3.9889,-3.5744
-13.992,7.8445,4.5223
-21.371,1.2736,-0.61277
-3.8923,4.9346,4.6112
-17.277,2.6915,3.1622
-7.8294,5.9778,3.6005
-19.021,2.7194,5.7607
-16.864,5.4789,6.612
-6.0332,7.1338,3.495
-15.742,5.8305,1.6438
-6.7301,12.281,1.4732
-3.7438,2.9002,-2.1003
-20.419,3.4839,-3.406
-10.704,5.7541,5.6515
-19.72,4.1875,-0.24757
-8.6735,7.9621,4.3951
-7.3194,5.816,4.5767
-20.937,2.5148,-3.4746
-16.134,4.7932,2.6236
-9.9008,7.8802,8.4637
-13.89,6.7217,4.6892
-6.7764,5.2154,-0.0031901
-22.16,-0.95648,-4.3468
-5.1385,2.8819,3.8062
-5.6833,2.8428,0.55321
-2.6188,1.7724,-0.64059
-5.0026,2.3735,4.834
-4.31,6.4553,-0.9606
-10.08,7.5228,5.3474
-13.306,1.0796,3.1049
-5.8904,5.6232,9.4024
-11.174,6.3942,5.9767
-19.447,11.35,4.3615
-2.0784,3.448,-4.0807
-9.267,5.3245,6.136
-15.982,6.5782,3.8589
-17.257,4.4134,3.035
-17.375,4.3184,3.0882
-21.593,2.7794,-3.0005
-3.6166,5.2069,-4.9901
-0.89794,2.6896,-3.1062
-15.424,4.5365,1.5758
-8.9188,6.6571,5.1343
-9.2909,6.7883,2.4336
-10.349,12.402,11.123
-8.4581,1.8329,0.42381
-10.131,4.2256,6.1521
-21.204,2.6705,-5.356
-13.57,9.967,6.6281
-22.302,1.8662,-3.2123
-18.725,3.1802,0.14005
-2.8813,0.48411,-7.8739
-14.338,6.558,4.0652
-2.6088,3.0207,-3.052
-14.927,6.7514,5.6708
-19.425,3.0578,0.68573
-5.5789,6.2611,5.5408
-15.76,4.682,1.9826
-12.033,1.0465,4.8545
-8.6274,4.5824,4.6835
-7.8758,5.7162,1.045
-13.038,7.2662,6.0759
-3.4984,3.4994,-2.8301
-5.9313,4.2742,-0.31485
-13.655,6.7054,7.6556
-2.6621,3.3476,-0.58251
-14.768,6.1768,4.3531
-9.933,8.7434,8.4253
-20.597,3.3611,-1.4111
-14.378,4.0176,3.0981
-9.6814,6.356,8.9048
-11.919,6.9899,5.9442
-6.7174,4.1346,1.8303
-22.106,2.8708,-3.1595
-1.8125,3.0058,-3.0506
-12.484,6.9709,7.8919
-0.57552,2.4641,-5.0721
-22.615,2.3633,-2.499
-5.855,5.1234,-0.13792
-21.645,2.6972,-2.9438
-18.027,3.989,0.072487
-8.1863,7.1419,7.0223
-22.334,4.9459,-8.5041
-21.802,4.2847,-2.3464
-17.881,1.0847,-3.3802
-18.846,4.1501,0.28121
-20.328,3.0066,-3.2106
-18.675,3.0874,0.57585
-12.511,7.4408,5.9638
-15.526,4.2014,2.6112
-8.09,6.0862,2.4613
-4.9526,3.2262,-0.18628
-13.732,6.5409,5.2273
-13.653,7.3749,7.6403
-18.489,3.6796,-1.0249
-11.378,11.365,6.8517
-24.99,3.7443,2.1856
-5.5311,3.4494,-0.44758
-20.082,5.8186,2.6214
-14.374,5.9287,5.5739
-17.163,7.3385,9.6866
-3.972,3.0888,-0.59881
-8.4201,8.8865,3.2723
-6.2904,0.59343,-4.2188
-19.761,3.51,-3.3488
-7.0789,6.2135,2.9618
-10.943,5.2361,5.0049
-7.6576,5.8748,0.19919
-10.777,6.651,5.1589
-1.9909,3.2167,-2.6232
-3.7156,3.5099,-3.0339
-10.274,7.411,4.4345
-9.4607,8.4718,-1.4973
-20.619,3.5855,-2.9359
-8.571,4.993,5.7745
-17.969,5.6321,0.94488
-25.055,1.783,-5.2232
-7.9549,5.4013,3.5107
-11.756,8.4343,8.2195
-8.4343,6.4767,2.8596
-21.535,4.2922,-2.595
-15.236,9.2796,4.161
-21.941,2.9136,-4.6273
-2.6108,3.1677,-2.6699
-20.362,2.3027,-2.0852
-8.5201,1.524,-2.1136
-18.004,6.4798,0.42274
-8.953,4.643,2.3411
-6.2698,7.5175,6.3036
-2.7349,1.9711,-1.8525
-8.8237,5.3433,3.7498
-3.4782,7.0077,-3.6656
-6.6169,3.2238,5.9548
-13.555,4.5734,4.3602
-8.3716,7.6251,5.2226
-18.792,3.9488,-0.99552
-6.3528,4.1713,3.6736
-2.6365,3.6452,-0.10143
-4.5265,3.4175,-1.6361
-8.9642,7.238,3.3436
-8.4111,9.0003,5.468
-17.541,4.5729,4.317
-9.9797,4.843,2.5643
-7.9452,5.4533,8.4239
-19.184,3.3873,-1.329
-16.696,8.4022,4.0604
-6.2259,4.4634,0.41887
-6.1646,4.9083,2.1732
-20.894,1.3496,-6.5761
-20.195,5.3642,-0.060267
-19.602,-0.26954,2.2273
-14.177,7.8216,6.1562
-9.1275,10.183,8.1653
-13.301,7.8636,6.3461
-15.277,6.4495,5.0686
-18.079,4.4413,-0.92959
-20.507,0.93057,-1.2763
-13.331,3.8837,6.5245
-9.6328,6.1408,8.167
-15.694,7.5787,4.8624
-5.2482,4.1155,1.2078
-4.5556,4.384,-0.30727
-9.5212,6.9117,6.9801
-11.023,5.8997,7.2021
-21.944,4.5498,-2.4308
-12.366,7.2201,6.8598
-13.308,1.084,3.757
-15.535,8.739,6.3928
0.19794,4.1412,-2.9951
-20.626,2.7678,-6.4537
-3.2394,1.8116,-6.9238
-3.4154,4.5366,1.2531
-4.7162,3.5058,-1.7282
-8.3111,6.1776,3.7704
-10.975,6.3042,7.174
-12.009,9.1319,3.7525
-21.609,3.0284,-3.6971
-4.7737,5.5487,0.23001
-1.0769,5.0907,-2.936
-23.846,2.271,-2.2677
-21.637,4.8655,-4.4731
-12.876,9.2438,7.1637
-12.338,5.7634,5.6886
-6.8896,5.6123,1.5132
-18.08,3.6895,-0.63558
-8.6739,4.527,10.109
-6.4356,0.873,-3.8924
-21.65,5.2638,-0.0056125
-5.5014,3.8842,0.098728
-17.822,4.4282,3.8058
-7.9855,7.4987,2.0313
-5.3273,4.918,1.9054
-19.232,5.4017,-0.58476
-21.07,2.2814,-1.423
-8.6505,5.6283,8.048
-9.6797,5.8725,5.4608
-14.439,10.277,3.9956
-3.7735,0.86257,1.1358
-6.0509,3.4835,0.50725
-18.19,6.1952,4.23
-8.627,6.239,3.4367
-13.681,6.4158,5.7325
-21.171,1.5996,-2.9435
-21.196,7.3026,3.6678
-10.21,7.1336,6.3535
-11.102,5.4238,5.5266
-12.252,7.5603,4.9797
-0.8965,3.8888,-3.7758
-14.986,5.3406,3.6447
-17.102,4.268,1.6912
-22.825,3.4295,-3.7328
-21.651,4.1198,-3.4309
-15.743,8.4435,-0.54256
-19.462,3.2256,-1.8034
-16.736,5.6683,2.6351
-18.597,8.8986,3.2075
-22.564,0.05795,-0.71295
-16.635,5.9825,5.1321
-20.353,4.3487,-3.5013
-12.032,2.7154,3.6796
-12.806,7.8458,3.7854
-20.264,7.3039,-2.0459
-15.336,6.5655,5.7086
-17.288,5.1743,6.4523
-5.6405,0.50107,-3.684
-13.303,8.0196,8.0057
-7.3526,5.2745,2.6721
-6.3243,6.4262,-0.1787
-21.688,3.2586,-2.1029
-5.5759,6.2272,0.99059
-17.615,2.4479,-3.6737
-5.5439,4.054,-0.11749
-10.614,4.5883,5.479
-16.63,-0.23176,-2.6829
-8.0733,6.4724,4.228
-13.452,5.9826,6.9713
0.11311,5.5147,-0.54144
-8.0691,5.244,4.3456
-9.1065,7.5985,1.4679
0.84026,1.6291,-0.26945
-13.632,8.3355,8.2311
-19.648,-0.26946,-3.2528
-13.921,6.5887,6.8775
-17.59,5.4198,1.1144
-26.914,6.5044,-0.87486
-23.679,4.0524,-5.7511
-20.41,4.276,-1.7494
-17.287,4.3849,3.7165
-10.655,6.6248,-2.187
-17.229,1.2975,-2.0779
-14.758,7.1087,4.9894
-9.3156,6.1518,3.5569
-22.203,1.3944,-3.6148
-10.069,6.3802,3.736
-4.624,4.283,-2.5695
-16.525,5.2193,5.8401
-13.514,7.8016,7.773
-15.783,5.7981,5.4196
-9.4392,5.8775,4.5845
-19.326,3.9374,-1.9744
-8.935,6.6885,5.6352
-5.9036,3.9299,0.80736
-23.588,6.3087,-2.441
-1.0465,3.1246,-2.6085
-17.089,4.2929,1.0278
-0.80286,4.6376,-1.1504
-24.443,1.7087,-7.6266
-22.679,4.4466,-3.4811
-4.72,3.3778,-0.30035
-4.2846,3.7601,-1.4743
-16.799,5.3529,3.3801
-0.42219,5.8341,-3.7189
-19.714,2.5135,-2.0897
-7.1651,6.0571,-7.2167
-19.352,3.8712,0.6498
-15.994,4.556,2.5253
-7.4628,4.7395,3.6427
-10.981,6.1715,5.779
-2.3613,3.982,-1.2711
-12.294,5.1451,5.2153
-19.455,4.5582,-3.6667
-2.0707,3.2552,-3.3465
-6.6758,4.6048,2.4671
-16.087,4.5241,3.9554
-19.297,3.2178,-0.78463
-9.6924,5.1862,4.4306
-2.0042,1.618,-2.8323
-21.769,4.2811,-3.1538
-16.985,3.8634,-4.7813
-10.237,6.5728,5.6695
-11.924,4.0854,3.1215
-7.7094,4.8296,1.5783
-17.478,3.3885,3.0613
-2.4186,3.3847,-2.8746
-7.1032,4.2184,1.418
-19.961,2.337,-1.2059
-21.684,4.774,-0.1912
-9.4006,7.3771,4.4795
-15.679,5.7158,4.8584
-19.74,5.0783,6.31
-11.737,7.9805,7.0632
-20.025,2.3324,-2.6312
-5.2243,3.4791,0.68083
-9.9726,4.2264,10.704
-20.13,7.3665,-2.4448
-4.5775,1.9618,1.1879
-9.1791,5.5343,5.053
-9.7173,8.3138,5.9087
-17.689,3.9171,-0.82505
-2.2141,1.1871,-3.7765
-9.0491,3.0458,-1.8493
-6.6243,5.7767,1.8958
-4.7961,8.6129,-1.8303
-7.5489,5.8934,4.0493
-7.2976,4.7215,4.2697
-3.0465,3.1995,-3.3636
-19.946,2.3759,-2.8599
-3.982,7.5775,3.387
-18.775,4.6873,-0.66779
-6.8743,4.293,0.78538
-10.783,4.7587,9.461
-4.7202,4.2347,-1.3438
-22.651,1.7279,-4.3009
-23.574,2.777,-0.67779
-16.531,5.227,2.6343
-16.284,5.2884,5.8625
-17.135,4.2995,1.0605
-23.234,2.3876,-4.7102
-11.974,5.2459,7.1201
-8.2901,6.3237,3.1567
-5.7973,8.9121,0.40196
-16.224,4.9089,1.2764
-16.818,4.361,4.0942
-15.039,6.1033,4.586
-6.3747,4.0472,0.51352
-20.492,1.0836,-1.9689
-19.533,1.3439,-6.5431
-4.4947,5.2382,0.20171
-6.2791,5.6343,-2.5114
-16.6,6.7923,4.8772
-7.7834,5.99,1.2112
-6.5104,3.1826,0.4233
-19.711,2.4139,-2.1195
-22.184,2.7859,-2.2138
-16.073,9.0019,1.2483
-7.8096,5.8757,3.4437
-15.897,4.591,1.372
-21.908,4.4949,-2.49
-20.289,3.0495,-1.4235
-11.077,4.686,3.4024
-1.2938,3.2712,-2.5577
-4.8678,3.6081,-3.0797
-5.1953,5.2287,-2.9944
-17.832,4.106,2.7834
-16.881,4.4628,3.9488
-15.589,7.6221,6.4538
-16.429,6.1746,3.2084
-8.6477,4.4279,4.523
-2.2692,2.9338,-2.4538
-15.47,4.943,2.6194
-11.03,7.3412,4.932
-15.481,5.5046,4.8212
-12.956,6.5112,7.8845
-19.787,4.4563,-0.62364
-11.091,2.1268,7.2738
-19.343,3.4213,-7.4403
-3.5137,4.1135,2.9964
-7.3633,5.5028,0.78314
-13.456,6.9136,7.0484
-5.4718,3.6005,-0.13072
-13.81,7.052,5.6655
-13.635,5.6391,6.0613
-16.474,4.7707,3.8691
-2.1095,2.0334,-0.61646
-15.21,6.5852,6.6022
-11.781,6.5154,4.7964
-4.6631,3.8104,-2.493
-18.789,6.5355,2.496
-22.275,5.3694,-0.079876
-15.287,6.0916,7.6103
-7.9456,6.4414,2.8212
-16.131,7.8579,1.8168
-11.984,8.2052,7.7503
-20.887,3.6655,-2.7351
-12.784,6.4701,7.2622
-8.9014,4.6469,3.8025
-6.0937,4.4087,0.053527
-15.267,5.3426,5.574
-20.911,3.7129,-1.6747
-8.1369,6.0837,5.3725
-13.074,2.8188,1.992
-4.5777,3.7988,-1.8644
-16.126,4.1694,5.7626
-22.703,1.6436,-4.2616
-17.542,5.2514,2.5952
-5.6417,5.0779,-0.95942
-9.6065,6.704,5.9172
-12.171,11.15,7.043
-21.598,3.2132,-4.1198
-22.392,3.3904,-3.165
-25.11,-0.4376,-2.052
-22.585,2.1463,-3.299
-16.924,6.4315,3.6654
-6.5066,5.2894,3.4434
-16.207,5.2872,3.9152
-9.1975,2.6756,6.3608
-5.7197,3.3394,0.40918
-21.673,4.076,-3.0363
-0.57055,2.0391,-4.4359
-18.868,4.4637,4.2165
-14.331,6.1844,5.6316
-15.541,6.5569,4.2734
-2.0823,2.8744,-2.5239
-15.944,4.9237,5.3624
-1.8324,1.2439,-1.9982
-6.3926,4.8796,1.495
-6.0942,4.6325,-0.88716
-9.1676,3.0954,3.6506
-6.5808,3.4476,9.8187
-13.234,6.1455,5.996
-16.222,1.0075,0.75524
-5.5504,3.024,1.1532
-3.7269,3.3941,-2.6648
-14.573,5.7589,5.0789
-9.3653,5.2494,4.5277
-18.829,-1.8373,-2.1866
-4.9103,5.802,-2.4871
-11.258,7.2476,8.5949
-19.788,4.2115,-1.2611
-19.8,3.1915,-3.0356
-19.569,8.4305,3.5463
-20.748,0.31191,-2.9086
-19.456,1.7453,-0.12219
-9.3706,7.2746,4.8089
-0.83461,4.1712,-1.789
-6.1338,7.2908,-6.7369
-23.375,6.7304,-2.8909
-10.826,4.537,3.0864
-7.1175,4.0872,2.0273
-1.4306,2.9328,-3.4188
-21.823,3.8954,-3.2844
-20.548,6.9221,-0.55788
-9.7385,4.2071,8.9211
-22.414,1.0251,-1.9247
-20.15,4.4405,-1.0251
-3.8141,3.2204,-2.1026
-7.6879,3.5899,2.4468
-20.274,2.6136,-2.3952
-19.137,7.3202,2.507
-8.6687,6.6066,9.4127
-21.313,1.9468,-1.5593
-1.0643,2.9373,1.3836
-13.759,5.72,9.1396
-10.537,8.3283,1.8507
0.74044,3.536,-3.9305
-10.26,8.4948,8.2589
-12.064,8.3199,5.6987
-7.7369,5.505,2.023
-7.0183,5.1253,1.7303
-24.437,-0.54463,-5.0056
-24.951,3.2181,-2.2996
-11.858,5.7093,7.5014
-5.8624,5.2942,1.6683
-12.403,7.1992,5.6242
-13.493,6.3462,6.5756
-20.196,4.4389,-2.0236
-6.4855,4.0091,-4.0871
-1.3137,3.2318,-1.7424
-16.895,3.0468,1.899
-14.011,7.0856,5.7618
-5.1206,1.9621,-1.8555
-6.7291,4.0973,2.2729
-20.097,6.771,1.7243
-6.2067,4.8046,-1.1491
-19.57,4.7354,-1.939
-14.274,6.0601,5.949
-6.0094,5.2114,0.98624
-4.3439,3.3787,-1.4227
-10.912,8.4658,5.0043
-4.1895,6.917,2.1141
-4.6881,5.735,4.1239
-9.9034,5.9967,6.565
-16.878,5.636,-2.7423
-6.3531,4.6182,2.0248
-22.343,2.3618,2.0952
2.6879,4.2527,-5.8824
-13.374,4.2838,5.0137
-4.8453,4.1091,-0.75734
-10.674,7.2938,8.1343
-19.413,1.3385,-0.57247
-17.073,5.3971,4.641
-22.157,3.029,-1.917
-24.258,0.062419,0.13658
-7.0002,0.86241,-0.77577
-6.8179,6.4044,1.7256
-7.5656,7.7279,9.32
-9.3605,6.902,6.6091
-17.878,3.778,-0.63521
-0.2388,2.7091,-1.723
-21.277,2.8458,-4.1326
-21.765,2.4357,-3.8435
-4.4555,8.1386,-2.2478
-5.0385,7.9113,5.7904
-17.909,5.1195,2.091
-14.381,6.1305,6.4746
-7.1194,7.8252,5.7077
-16.413,6.6871,3.745
-18.296,4.0093,7.455
-15.906,-0.58725,-3.8188
-8.8563,6.172,4.2049
-8.0578,5.7584,1.3856
-8.3801,5.1825,4.0242
-4.9681,3.1631,-3.4094
-7.1532,5.5436,2.2804
-16.183,5.334,3.784
-16.35,5.4185,2.4522
-4.2439,3.8267,-1.0271
-13.183,4.3871,6.3324
-3.4207,3.9966,-3.1913
-5.5771,2.09,-4.3102
-11.412,5.4878,8.2044
-3.5125,7.7983,3.0183
-13.936,6.713,4.878
-3.6706,1.4379,-2.4045
-11.056,8.1862,1.8469
-2.0504,3.6049,-3.3452
-18.566,4.0006,1.3831
-21.989,3.3291,-3.9311
-6.3815,5.315,3.2092
-11.13,5.9539,6.7472
-16.255,4.9253,3.1304
-9.255,7.3442,2.319
-4.9165,3.5011,-0.92453
-21.319,4.794,2.2983
-10.758,4.0827,0.59671
-9.4839,4.2948,2.3127
-7.5897,5.1613,1.7504
-10.869,9.4644,8.5231
-14.9,8.9561,8.4623
-6.0415,4.3982,0.47278
-18.791,2.8306,0.32725
-1.691,2.0662,-3.5712
-3.4236,-0.44257,-1.1118
-11.387,6.5105,7.4854
-23.341,2.8852,-2.6282
-8.5376,2.6965,2.9034
-3.8014,4.4115,5.1951
-4.013,6.9866,0.62201
-12.402,4.7422,4.6771
-7.9057,7.0007,3.7476
-9.6739,6.1961,8.6001
-5.8081,5.3527,1.388
-2.4605,4.3203,-3.1372
-9.3963,6.3509,7.545
-4.2924,5.633,-1.2468
-1.6095,3.4375,-2.3982
-6.6619,4.9183,1.6271
-10.596,5.6578,6.4358
-18.256,4.283,-1.5872
-3.032,3.0508,-3.9298
-17.093,6.6589,6.5275
-6.9091,4.2731,3.1733
0.94059,1.6151,2.0312
-7.124,6.038,2.5607
-19.211,6.3396,-5.0352
-13.67,7.0991,8.59
-14.78,6.5539,5.0976
-11.02,7.305,8.4704
-6.173,2.3636,-0.50294
-14.733,5.8594,5.2595
-9.1613,1.2417,0.98989
-14.125,6.6612,5.3266
-18.877,5.1449,0.15182
-13.881,7.6067,5.5092
-2.0081,-0.091687,-7.4468
-9.7449,6.7198,5.0824
-9.6109,6.4831,4.2947
-7.5881,5.2434,3.9819
-14.58,-2.5519,3.289
0.46483,0.3498,-2.8475
-21.507,3.7816,-2.4116
-8.1021,6.818,-0.063771
-15.17,5.5082,3.8448
-3.261,2.7954,-0.98289
-0.43603,-1.5928,-1.4634
-12.515,2.8647,3.2419
-11.079,7.3539,8.0258
-20.736,2.8755,-2.8216
-6.6915,5.4436,0.46757
-5.8322,3.517,-2.6974
-1.3262,2.6319,-4.1567
-20.46,3.0513,-3.9959
-18.787,5.3058,-2.9961
-11.751,5.7419,5.1213
-21.273,3.9647,-2.7365
-16.054,4.6743,2.5077
-17.137,5.7091,0.86014
-3.3077,2.8748,-2.0032
-1.6971,2.1677,-3.2398
-16.544,6.1415,-0.63531
-20.202,2.6266,-2.9083
-21.679,1.3493,-4.3859
-6.803,3.7872,0.15082
-6.2335,3.9208,-0.58603
-8.2281,4.4951,5.3496
-14.416,5.7919,2.2255
-21.505,1.8824,-2.4939
-5.1365,5.4555,3.7641
-22.057,3.0687,-4.7647
-13.638,3.6515,7.4659
-19.463,2.5686,-1.4815
-21.144,3.2774,-2.8917
-20.791,2.2001,-3.3008
-16.371,5.5805,5.2165
-6.3964,2.7329,-3.8832
-14.934,3.6391,-2.6237
-11.437,3.8266,2.6388
-5.2846,4.5746,-0.90901
-15.701,8.4191,4.1593
-19.412,5.341,-1.3235
-14.562,6.3008,6.2797
-13.842,4.9477,1.1683
-6.8774,6.6799,4.3096
-24.246,0.0058164,-4.7936
-20.815,3.646,-1.4291
-14.263,9.4282,1.0338
-6.5097,4.2119,0.45309
-16.555,5.6551,7.5349
-11.538,7.2706,7.7321
-11.116,6.6313,5.3333
-4.4863,3.7409,-1.5496
-15.251,7.3743,0.80644
-21.3,2.4808,-2.8279
-9.8596,6.4193,7.466
-4.2074,6.4703,-0.21992
-16.018,8.1304,6.1782
-16.051,7.2904,4.4043
-19.998,3.4851,-2.8129
-16.947,3.918,-1.5955
-7.3069,7.2528,7.5491
-15.187,5.7555,5.0408
-5.6186,2.8648,0.57582
-7.1787,1.9021,6.7193
-3.7667,3.8356,-1.5414
-20.82,2.3228,-3.1324
-10.224,6.9858,5.7715
-11.974,2.6496,7.9776
-21.337,3.4334,-2.8807
-19.638,2.8276,-1.7121
-20.063,2.7723,-2.8983
-18.788,4.0307,-1.9208
-15.961,4.2381,4.5402
-12.24,6.8715,6.8176
-13.507,6.8607,5.1658
-13.19,6.9016,7.364
-7.9325,5.8821,4.2174
-21.607,3.1293,-2.8676
-19.341,1.9749,0.36412
-3.1062,-0.34832,2.4076
-17.597,4.8264,0.51718
-15.714,4.9854,3.2641
-1.0326,4.0079,2.3502
-10.783,9.3873,8.5143
-4.1224,3.4588,-1.5909
-17.787,6.0178,0.38219
-21.033,4.286,-3.0806
-4.6208,3.5431,-4.9168
-9.0551,5.8343,3.4978
-6.5217,5.7813,3.0149
-16.496,5.7065,4.573
-14.485,8.0401,8.3381
-12.995,7.326,5.2355
-22.761,2.2732,-3.9705
-20.024,2.8356,-2.3712
-9.131,6.2496,6.0599
-17.386,4.7378,3.6164
-2.5838,1.0383,-3.6891
-4.2423,2.8577,-1.1122
-20.348,2.5685,-3.0008
-22.808,5.1506,-0.24966
-15.041,6.0584,5.4078
-24.006,3.66,-4.4202
-5.5177,4.6577,-0.48857
-15.105,5.6802,5.7601
-3.76,5.6049,3.8954
-2.2186,2.504,-3.6129
-17.253,2.2669,5.1365
-12.106,7.7223,4.2093
-16.605,5.4744,2.8137
-18.324,4.9541,2.8002
-17.601,5.2656,4.444
-18.63,3.7695,1.9772
-3.9789,3.0628,-1.5569
-2.7762,5.7053,-6.0478
-3.8058,3.4954,-2.0608
-16.277,7.1655,5.4188
-18.303,3.746,-0.30673
-22.952,3.9767,-2.358
-20.426,3.4788,-4.0759
-9.7674,3.092,-0.59498
-15.612,5.3369,4.4295
-13.262,4.2924,6.0701
-0.28803,2.081,-3.5375
-3.7448,4.6067,0.32488
-14.464,6.3336,5.0571
-23.336,4.096,-3.0065
-18.561,3.5608,-0.64614
-8.0603,12.058,3.119
-21.459,7.9563,2.8937
-0.4221,9.4372,-2.2825
-12.994,8.5591,5.2926
-13.527,7.2053,4.4883
-16.386,10.462,5.1936
-14.454,3.1713,2.446
-14.93,6.8097,8.0681
-10.886,7.8433,8.0314
-1.8491,1.9966,-2.8442
-20.509,4.6489,-1.436
-6.318,4.9005,-1.1132
-14.233,5.4369,7.8005
-15.437,5.0063,10.119
-15.47,6.7879,5.6443
-1.6388,2.8782,-2.9331
-15.328,5.3061,4.6891
-13.794,5.9488,6.5718
-21.366,2.5715,-3.1173
-7.7513,5.7791,2.7291
-10.494,5.3151,2.1955
-15.596,6.1396,7.2831
-6.1603,4.7292,3.4144
-0.30417,3.2015,-3.9442
-7.0615,6.1709,3.8276
-20.035,4.1412,1.7635
-2.9125,2.9147,-3.0429
-11.802,6.014,7.5384
-13.701,6.5795,7.767
-5.3654,3.7262,-0.43141
-10.831,6.7738,6.7725
-11.138,6.8037,8.2085
-4.178,4.587,0.017432
-11.853,7.8404,5.6545
-15.981,4.6632,3.5362
-9.1048,6.8884,1.2952
-12.207,6.1829,6.9153
-10.647,9.6719,8.4451
-14.018,8.5808,6.0512
-7.6383,5.0046,1.0202
-2.851,0.48724,-4.7494
-10.11,6.4788,5.9868
-6.579,5.2428,0.95412
-13.61,6.3185,6.6786
-4.5852,4.6999,4.1717
-15.258,6.8077,6.5377
-3.1239,2.9763,-2.6502
-15.847,5.4416,2.9582
-11.715,5.6235,2.0276
-9.7261,6.2892,4.9256
-19.836,4.7944,-1.4655
-6.4036,4.0495,3.6736
-2.578,2.9066,-3.509
-3.2768,0.54252,-1.6545
-5.6286,5.182,1.8116
-3.2081,3.7182,-0.83049
-19.938,6.6571,-2.569
-22.359,2.3826,-4.486
-6.4911,3.6921,-1.0502
-15.844,6.2899,5.3108
-6.7274,2.9208,-7.5419
-9.749,8.6806,6.6607
-19.825,3.4923,-1.8891
-12.909,6.2177,6.6665
-7.9006,6.0577,5.4891
-2.4548,2.9836,-4.1195
-11.22,6.8877,6.2773
-22.277,4.194,-1.7904
-7.9209,1.0782,-3.9205
-15.923,6.1269,5.7715
-14.666,3.3319,4.0342
-5.5128,8.2184,9.1962
-9.1685,6.5018,6.6518
-3.7807,4.4604,-3.0216
-7.9224,8.8544,5.6758
-23.162,1.631,-4.6061
-6.9786,7.5359,9.5823
-2.3466,3.4939,-2.8522
-14.246,4.7338,7.6605
-19.515,6.1603,-5.399
-17.318,5.1091,4.3824
-4.4862,3.0436,-2.5346
-21.131,2.6122,-1.593
-23.053,2.0962,-2.877
-17.547,4.7564,1.8728
-10.435,4.1997,4.9096
-17.518,8.674,-0.23345
-14.186,7.252,0.77613
-5.4862,4.6638,-0.78081
-4.5587,4.5878,0.61632
-20.987,5.7739,-6.3367
-7.0871,5.3887,1.2179
-4.4783,2.915,-3.4286
-9.843,6.1606,5.9118
-20.883,3.4897,-1.8109
-10.778,5.2756,3.8989
-6.8554,3.2542,-0.0086726
-20.445,3.5241,-2.4227
-9.0883,7.6577,1.929
-16.905,5.4352,0.81847
-18.337,6.7688,0.060999
-23.993,3.1804,-3.6957
-20.454,2.0373,-2.6991
-21.486,3.8606,3.2744
-8.1784,6.2542,2.8561
-9.8992,6.4988,4.6934
-4.7229,4.2454,1.0375
-17.67,5.2881,2.1859
-19.796,10.614,3.0985
-6.2547,4.4915,0.30806
-13.336,8.6812,7.581
-23.409,3.241,-4.405
-3.7749,2.5773,-0.84056
-5.7529,5.1071,-1.5853
-8.9364,5.1326,5.8433
-20.131,4.406,-3.2609
-5.2763,5.6661,4.0338
-3.4988,1.1297,-1.8471
-18.107,2.766,-1.2265
-8.9151,5.2826,6.9529
-5.1417,3.7915,-0.50891
-20.41,5.2156,-1.1988
-10.969,6.7894,6.9632
-15.773,8.7178,4.4798
-13.298,7.8904,3.5055
-20.184,2.6028,-5.2989
-12.463,7.1792,5.7768
-17.266,6.0573,2.8764
-9.8934,6.203,4.49
-18.95,4.1876,-0.89281
-25.522,7.0751,-3.9942
-22.668,1.5005,-5.2944
-5.3315,3.7016,-0.63279
-4.793,5.1867,0.64024
-7.4116,6.4508,5.9367
-2.6777,6.1272,-0.2114
-20.687,3.7303,-2.6577
-15.136,6.7243,3.8552
-14.696,5.214,6.7915
-20.056,2.2159,-1.2302
-1.1949,2.7749,-1.314
-21.041,0.2713,-4.5873
-20.318,5.6833,-4.1504
-13.238,6.8734,5.2294
-16.828,2.7432,-3.4318
-5.2648,4.7384,2.6353
-4.6706,2.7447,-2.3007
-11.12,6.7736,5.1331
-19.21,2.9272,-1.4164
-12.631,6.2973,7.8689
-17.259,3.9116,6.2332
-2.3486,4.5155,6.1075
-6.1861,6.932,5.5567
-3.6985,6.7409,-2.4514
-5.3183,6.5756,-3.7329
-20.564,5.0472,3.3333
-16.213,6.4447,3.0784
-11.96,7.6441,6.5776
-6.0218,3.6797,-1.6977
-16.793,5.6155,2.0353
-10.78,6.6911,7.1269
-8.5175,5.1462,5.3176
-8.8962,3.4443,7.0516
-19.483,0.64374,0.082397
-3.5603,0.47565,-0.93205
-17.743,5.8546,7.6432
-6.0516,2.6018,-0.72914
-2.0979,3.2368,-2.5035
-19.964,2.5931,-2.0815
-20.89,2.0163,-1.1461
-19.276,1.8966,-3.6346
-16.458,4.1652,2.7235
-7.0673,11.435,3.0438
-17.999,0.85408,2.0395
-12.845,3.8441,4.6605
-20.31,3.131,2.2999
-22.131,2.9103,-4.3961
-20.429,4.1211,0.4528
-2.3584,3.9311,-3.2826
-13.128,5.6621,4.7589
-7.8772,4.6287,7.214
-22.622,-0.055246,0.65872
-2.5659,2.3869,-2.0954
-11.868,6.8542,5.5213
-20.505,3.4969,-2.076
-22.098,3.0981,-2.5989
-11.46,9.473,3.8171
-14.773,5.0491,5.226
-17.14,1.7201,-0.80043
-1.8728,3.5084,-3.4019
-3.5839,4.4658,-2.1192
-19.72,5.4783,-0.76004
-11.216,7.0742,8.187
-2.6188,2.8496,-3.4275
-21.74,3.511,-4.0464
-7.8006,4.6432,3.2008
-5.7127,3.2411,1.4766
-2.1556,1.2974,-2.3966
-9.3682,7.1838,5.1113
-14.566,6.5851,5.9315
-3.5598,6.6635,1.1363
-14.395,5.4838,4.7933
-4.1115,3.4393,-1.6474
-7.5325,4.4873,1.4813
-11.766,4.9594,2.6462
-16.37,5.0282,1.1346
-19.402,4.0315,-2.0816
-3.0248,2.2637,-3.022
-14.686,9.6149,3.7475
-19.269,4.0083,-3.6478
-12.497,7.2835,7.6485
-22.051,3.8903,-1.2359
-6.1805,4.0999,1.133
-16.157,6.3132,2.747
-3.9409,7.3332,-1.1925
-13.239,6.8127,3.6977
-13.247,6.4593,10.516
-7.0154,4.5896,4.1399
-16.569,3.7031,2.009
-7.8478,5.801,2.8229
-7.3389,3.9049,3.7825
-19.778,0.082404,0.95981
-6.6298,2.7343,-1.596
-5.5755,3.4123,-0.43805
-14.554,5.0051,2.3105
-5.1113,-0.23025,-0.43294
-21.714,3.8372,-3.002
-21.327,4.208,-2.1518
-4.6107,4.0144,1.1949
-17.508,4.7873,-1.4656
-3.5455,5.6452,0.63777
-12.053,10.941,3.2266
-14.154,5.3161,8.234
-4.1524,3.52,-3.2024
-18.544,2.9971,-1.3527
-1.8816,4.9075,-5.5111
-9.6393,7.4731,7.3705
-20.381,1.7683,-1.412
-23.146,2.0366,-3.4326
-20.244,4.903,0.64199
-6.9625,3.1275,0.30319
-19.078,4.139,2.6668
-6.7884,7.697,6.5403
-23.879,2.3255,0.92122
-19.498,3.5541,-5.9585
-2.7137,3.4864,-2.2713
-1.0237,5.3865,-5.3908
-15.65,6.7805,4.1561
-1.0263,0.69311,-3.2933
-7.3238,5.2566,1.2301
-21.963,3.5224,-4.0074
-12.631,6.6131,6.9133
-7.7477,8.5807,4.3476
-8.5378,5.133,1.8542
-10.414,2.9737,3.6675
-15.303,6.2533,3.8656
-15.334,5.9296,5.37
-12.999,5.2916,3.0312
-2.6225,2.6145,-2.2575
-14.63,6.8971,4.2933
-17.552,3.8101,-0.25543
-12.348,8.1412,5.4383
-15.66,3.9649,3.6824
-5.4397,3.9228,-0.79002
-7.9096,7.5601,5.8539
-19.43,3.1134,2.9685
-13.19,5.9457,6.7277
-5.7573,9.4783,-3.5512
-22.026,2.7501,-2.2337
-20.308,3.9911,-1.7832
-19.22,4.1738,-1.4273
-4.1387,3.2167,-2.3433
-16.743,5.1593,1.6133
-14.725,5.4337,1.1561
-10.456,6.2024,6.2966
-5.8869,4.4541,-0.90776
-18.533,4.9978,0.14709
-4.7619,5.1862,-2.5483
-3.7073,2.9772,-1.8455
-8.0085,6.6636,5.0491
-5.6494,3.7927,-0.43798
-2.2941,0.81529,-2.09
-17.583,3.4632,6.8374
-17.66,6.2998,2.3535
-16.852,3.7778,2.516
-15.595,1.2359,6.6202
-20.739,3.2612,-1.4094
-11.483,7.7942,6.215
-21.059,2.6221,-2.1991
-0.25134,1.7845,-1.9191
-2.5708,3.5993,-2.1808
-18.959,4.1989,-0.030193
-6.6348,4.6851,2.216
-8.1262,7.314,-0.3043
-21.806,3.6904,-2.9624
-14.616,6.5189,4.6776
-6.368,4.9973,1.739
-18.35,4.1026,-1.6
-13.26,6.225,4.5264
-20.787,2.994,-3.1183
-12.648,5.133,7.2178
-22.479,3.4448,-2.5897
-8.0094,-0.24502,-5.3371
-13.372,7.2283,6.0827
-19.696,3.3723,-2.7729
-14.386,2.8303,12.984
-15.484,5.3196,5.75
-18.536,3.2582,-0.83661
-10.45,5.2798,9.9656
-9.9727,6.7805,5.1753
-1.887,3.6482,-2.508
-7.9541,6.3021,4.1079
-2.28,3.6985,-1.2346
-7.7163,4.2926,-0.66392
-6.5841,4.4423,2.8748
-16.064,6.2051,1.6063
-20.529,4.7712,-3.344
-20.199,4.0656,-1.3616
-15.01,6.4007,5.8414
-20.103,0.17064,-2.3763
-18.779,4.6915,-2.5788
-20.47,2.7142,-3.0026
-6.8967,4.8042,1.6635
-22.945,4.2877,2.2735
-10.923,2.991,7.5398
0.025997,2.4087,-3.7534
-9.709,8.4732,8.5483
-2.6178,2.6286,-1.9325
-6.8908,6.8087,5.0695
-5.8222,-0.0013202,4.6759
-20.822,4.0225,-2.2211
-26.068,6.4207,-4.1423
-18.518,0.64663,0.0041093
-7.0074,5.9965,-3.8487
-5.3031,7.6844,1.5125
-14.006,8.7738,5.1393
-13.214,7.2702,5.9136
-15.668,6.9925,6.8841
-21.768,3.7056,-4.9817
-8.1816,5.0951,3.364
-21.674,3.7631,-5.0602
-19.386,3.7469,-1.2401
-17.844,-0.40527,0.85801
-19.671,2.8698,-1.8357
-14.41,6.3922,6.4887
-13.551,7.6212,8.3083
-13.226,6.5913,8.0029
-16.005,3.7654,8.5956
-11.045,7.5548,5.5938
-16.445,6.3626,2.6301
-18.988,2.7472,-1.5253
-4.449,3.5436,-0.77864
-7.1705,4.7723,1.6622
-10.619,6.59,7.9039
-21.745,6.2243,-6.8455
-9.4432,6.4652,6.2688
-15.053,3.2675,4.7817
-16.234,2.7423,-1.5998
-18.761,4.9294,1.4054
-7.3155,4.6914,2.8766
-23.571,1.9094,-1.9685
-12.514,0.99967,3.3639
-24.801,4.5435,-2.1825
-10.201,3.9091,6.3865
-3.4538,0.19376,-2.8044
-8.9376,4.8216,4.5915
-17.582,4.2348,-1.6793
-6.9358,4.1794,0.9162
-15.621,4.9386,4.1277
-7.4837,5.2701,0.74619
-20.782,3.0991,-2.9295
-18.435,3.8479,-1.3
-8.0286,5.6697,6.7797
-6.4737,5.5017,2.3737
-21.342,6.5203,-3.5695
-8.5235,6.6549,4.2818
-9.9049,5.5999,4.232
-7.2394,6,2.6819
-10.34,6.7023,6.2495
-15.549,3.2171,-1.8652
-8.0033,4.6295,7.1875
-3.5297,6.511,0.38385
-11.395,6.0665,4.6663
-23.058,2.7857,-5.0969
-9.0566,5.6327,3.5608
-23.895,1.7009,-4.7876
-23.404,2.738,-1.8092
-6.6293,1.8912,-1.7568
-16.3,6.0219,4.2815
-18.504,4.7041,3.7402
-11.274,6.6881,6.03
-1.3281,2.8574,5.1176
-15.381,4.0184,2.0692
-13.867,5.9374,6.1031
-15.015,6.15,2.06
-14.318,6.3025,5.3257
-17.877,6.6769,5.6738
-6.1326,7.5305,5.2434
-1.9587,4.9129,0.61287
-15.467,5.5803,3.9102
-8.0948,6.0502,0.3329
-6.6978,6.2356,1.7528
-16.197,1.4735,-3.7823
-20.001,6.3814,3.4951
-21.856,1.2874,-1.903
-16.675,6.2053,2.4993
-6.1125,4.4057,0.6492
-1.155,3.7393,1.4936
-10.968,9.9142,5.5594
-10.801,6.4302,8.0162
-3.9122,3.3251,-1.9588
-18.145,2.7995,0.015098
-7.9742,8.1415,7.0517
-3.4188,4.7155,-2.5719
-13.664,6.5203,5.6014
-4.9892,4.3526,0.034126
-22.013,4.4067,-4.5099
-18.945,4.4009,0.50957
-3.1414,4.0593,0.28909
-7.3745,4.6563,2.9744
-9.9558,5.2808,4.6632
-19.501,4.4346,-2.588
-10.663,5.9864,5.3679
-6.7871,6.6184,-2.2206
-14.847,6.4823,6.3976
-4.1937,3.4551,-2.4879
-10.422,7.3675,7.1033
-9.8339,6.0422,5.0263
-2.6973,3.4669,-3.8788
-18.537,3.5888,0.91664
-7.362,2.6763,1.0782
-16.21,6.1329,5.4334
-8.7262,5.6643,3.2218
-6.2197,5.5394,-6.3357
-3.5497,2.1327,-3.1903
-21.773,2.9377,-5.1364
-5.2276,4.9276,-3.8949
-18.14,3.403,3.1552
-15.322,7.405,5.4141
-10.761,5.7337,6.7728
-5.9187,5.6941,0.92444
-9.7587,5.0531,6.1677
-5.8254,5.5555,0.29486
-13.483,5.7199,3.1064
-3.7078,5.3874,-1.3827
-4.8689,8.2731,7.1596
-10.447,6.0514,4.1909
-10.969,7.2075,4.4353
-18.829,9.683,4.7714
-5.9211,2.2385,1.0757
-6.6553,5.188,1.2889
-6.6055,-0.95144,-2.5507
-13.654,5.2308,2.3089
-7.3537,4.7718,2.4767
-8.9304,3.4136,-0.79064
-9.0678,1.1736,7.4732
-10.945,5.6059,4.3663
-3.697,0.85199,1.5048
-21.13,2.9293,-2.5399
-3.0627,1.7781,-3.4364
-19.533,2.3489,-4.4739
-19.499,10.467,4.3584
-6.637,5.2457,3.5114
-21.76,6.5893,-3.7507
-6.2584,6.12,0.45598
-2.2177,2.2284,-2.7629
-17.279,6.3622,7.2675
0.31246,2.5716,-2.5718
-12.274,6.9526,5.4819
-13.218,6.2605,7.4525
-22.91,3.1867,-4.2837
-11.905,3.2375,3.987
-7.8392,6.1682,2.6556
-19.987,3.2653,0.60133
-18.552,3.3875,0.042468
-7.1811,6.1252,1.0184
-21.435,2.3381,-4.1611
-9.4871,6.0138,4.9438
-18.054,7.3557,3.2134
-5.0967,2.3175,-1.9144
-18.257,4.0483,3.484
-8.1548,5.8415,3.4215
-13.104,7.8172,5.9729
-4.9149,3.4044,2.5669
-13.998,5.1451,4.2616
-13.606,6.0138,4.8661
-7.6125,0.83121,1.2249
-16.857,6.4474,4.5624
-15.472,5.1291,2.1678
-5.9972,5.7959,4.2656
-5.4941,3.3327,-0.32243
-3.7764,3.7726,-4.1079
-15.723,6.249,6.4084
-2.465,3.3352,-3.1606
-9.6212,8.258,0.14738
-17.455,1.3506,2.2578
-14.956,6.7806,5.1258
-5.638,3.0647,-1.8691
-8.3311,2.1213,-6.4333
-16.709,4.7382,2.9447
-15.93,0.10026,0.37285
-21.311,2.621,-2.9586
-6.8846,5.1296,2.5355
-21.323,2.9151,-2.447
-20.145,3.0229,-1.8596
-5.0053,6.1201,-5.5188
-16.177,6.2202,4.2832
-18.799,3.8955,-0.1111
-14.582,6.4385,4.5775
-14.957,11.871,3.9293
-10.1,7.6758,8.214
-22.413,2.1227,-3.4633
-1.1231,2.3522,-4.4262
-10.808,6.9013,7.8259
-21.878,8.7755,-4.4542
-16.279,6.0003,4.0224
-2.8612,2.9772,-2.2638
-24.977,1.4826,-7.7828
-7.8906,6.337,6.2952
-12.041,8.6151,8.389
-7.5292,1.4615,-3.2982
-21.524,0.86876,-2.8531
-22.562,2.8586,-2.7162
-9.0455,4.7793,3.8981
-9.0843,4.5258,4.1604
-12.062,6.5621,7.9021
-21.341,2.257,-3.0871
-12.29,7.3589,8.633
-13.918,6.6222,6.1353
-15.268,6.7642,4.9341
-13.189,9.8083,6.2564
-22.454,4.6124,-0.60028
-2.3223,0.9238,1.561
-14.096,7.0129,5.7657
-19.926,5.302,-7.4189
-16.306,7.1569,5.7083
-7.6303,5.9095,1.9233
-14.97,9.8942,3.4573
-4.1977,0.25291,0.77222
-5.7092,4.9666,0.31598
-24.445,3.8163,-1.6459
-11.204,5.9143,6.1833
-14.279,6.1505,5.4181
-19.556,3.3115,-1.4386
-6.6089,5.1931,8.0574
-4.9053,4.7005,2.7412
-16.664,5.0908,2.1912
-20.761,2.1369,-2.9745
-6.1018,6.5039,0.62445
-22.037,5.4977,-4.5544
-1.8255,2.0423,-2.1966
-17.292,7.7495,4.0028
-0.78877,3.2069,-2.856
-5.6918,8.3014,4.2357
-14.08,5.2253,4.3723
-8.1253,6.6011,4.4314
-2.9382,1.5003,7.0452
-3.2176,-0.39542,-2.7991
-14.724,7.288,6.8769
-11.379,7.2621,5.8029
-9.6208,3.0081,-0.64522
-5.3795,3.2906,2.6423
-15.482,1.926,3.4134
0.42978,3.0022,-3.6134
-18.664,3.2419,-1.1174
-15.9,6.2794,4.2847
-18.229,2.8398,-0.063872
-18.388,4.7071,-0.58382
-15.488,4.6057,2.4229
-12.493,7.0394,7.9747
-17.098,6.4304,3.8126
-3.7945,6.2862,0.18408
-9.5995,6.171,6.1122
-2.321,3.071,-1.5337
-12.475,8.1717,6.4063
-6.9253,10.092,6.5906
-20.661,0.63979,-3.1888
-19.965,3.8757,-2.0561
-13.506,6.6334,6.2326
-8.6087,5.8522,6.3043
-12.086,6.0283,7.6568
-9.8983,6.1203,4.5747
-8.1552,4.5632,1.5901
-17.207,7.5182,1.3284
-8.1908,5.1637,4.2699
-9.3661,6.428,5.7445
-2.7235,4.1378,-3.7198
-19.598,3.1689,-2.3025
-7.1856,4.9658,2.0659
-19.545,4.1267,-1.1596
-7.5642,6.6298,5.8925
-22.137,5.4121,-2.557
-13.408,6.5414,10.858
-3.0027,3.1068,-1.722
-14.409,5.9769,-0.1648
-3.863,-0.32367,-4.5628
-7.612,-0.71104,11.185
-8.789,7.672,5.2404
-20.971,7.3322,-8.988
-10.765,7.7454,3.2689
-19.396,4.0627,-2.7265
-5.7613,1.7711,-2.1276
-14.957,7.5012,4.4615
-7.1509,6.8202,2.046
-21.599,3.1558,-3.6973
-4.382,4.423,-2.3823
-7.7007,5.4781,3.8701
-7.0515,3.0006,3.8109
-18.136,3.9649,-1.4229
-10.471,6.5671,3.8341
-15.079,4.9275,2.6914
-3.9521,4.3184,0.53105
-7.0591,2.6341,1.361
-17.461,3.209,-3.9912
-17.871,4.7733,1.1985
-16.225,3.0025,1.9677
-18.813,2.186,-6.3531
-6.0282,4.106,-1.8271
-10.081,7.3627,8.1564
-7.7834,6.093,3.067
-15.68,6.0602,3.8966
-7.7177,4.63,0.69167
-7.7682,5.1488,2.1818
-13.606,6.5574,6.6101
-0.62,2.2691,-3.1689
-21.835,6.2361,-6.3651
-13.242,5.7736,7.1558
-6.1076,5.2037,-0.5297
-18.934,5.7221,-1.2081
-1.0249,6.0958,-0.12856
-8.9753,7.7648,6.5788
-7.2536,3.4237,-3.946
-5.3339,3.4678,-0.18603
-15.039,6.3957,5.645
-8.602,6.5365,3.0549
-14.266,8.1011,7.4122
-2.1484,1.6646,-2.7653
-13.827,5.2257,5.8275
-8.9438,5.7892,7.0702
-8.0856,4.8246,6.2848
-10.566,6.5825,6.2158
-1.7306,1.0698,2.1718
-18.843,3.5552,-1.2307
-3.8018,2.1518,-2.3144
-17.014,5.6008,2.5885
1.0083,0.23355,-3.4176
-12.414,7.7513,5.0362
-15.333,8.9574,1.4215
-16.389,7.9028,7.232
1.9573,5.1125,-5.5454
-16.714,4.5675,4.637
-14.66,5.0759,3.2929
-10.832,8.964,8.4658
-5.1745,5.3965,9.471
-19.996,2.9647,-1.4566
-13.825,6.2606,7.9397
-10.91,7.8303,6.5767
-8.4618,9.9968,3.894
-13.227,5.4461,7.8998
-9.1187,7.9256,8.9865
-6.3449,6.0621,5.8933
-9.8847,6.4133,5.4743
-4.8229,4.7924,-1.2802
-6.1821,5.413,3.4151
-4.4672,7.199,-2.5499
-0.98508,0.6091,-3.5833
-14.922,6.462,2.6277
-9.3407,-0.40382,8.6282
-10.329,9.6683,6.1751
-5.6954,6.3308,-4.4483
-1.9006,1.689,-2.2726
-8.5686,3.3208,-2.5634
-21.471,4.5373,0.2466
-6.5491,3.266,-1.9151
-15.661,4.9386,3.012
-13.026,7.4903,5.7354
-12.157,5.9319,8.467
-5.0794,3.159,-2.1328
-4.0814,3.4087,1.5011
-23.413,0.61133,-3.8907
-18.566,-0.0026522,-0.21206
-8.1114,4.8669,2.5141
-13.926,4.1595,4.1969
-15.111,6.2394,5.3879
-16.1,5.895,3.0673
-14.001,5.5636,2.8961
-7.1709,5.5186,1.587
-13.885,6.6159,8.3602
-18.607,2.5045,-0.53024
-25.774,3.0194,-4.3944
-9.922,6.0157,5.4689
-5.9388,4.2374,0.9815
-22.979,3.6887,-4.9579
-9.12,7.5285,5.8882
-6.5461,5.2116,3.0735
-16.496,0.50552,2.0952
-12.205,6.7522,2.8636
-16.325,5.665,2.4311
2.2348,4.7733,-1.905
-7.4938,5.4743,2.0999
-4.7542,3.5275,1.4075
-25.128,0.97147,-6.1094
-2.4055,4.0175,-6.1582
-6.5625,4.0405,-0.88484
-21.609,3.1455,-1.783
-20.742,2.9518,-1.878
-11.192,8.5729,9.1778
-16.26,5.013,6.3626
-9.8068,5.6625,6.5613
-18.723,3.2979,-2.0256
-14.904,5.4168,4.7188
-22.726,3.109,-4.6746
-15.133,6.1302,3.2125
-6.691,3.9352,0.61851
-12.337,7.3809,7.6596
-9.5585,4.9665,5.381
-13.991,7.2811,4.1219
-19.063,3.7156,-1.7374
-17.487,5.3708,2.037
-2.5383,4.3802,-4.2287
-7.5697,5.0534,4.3852
-18.865,4.3427,1.1613
0.83906,3.3954,0.99872
-14.681,6.1672,3.9133
-14.349,6.2943,6.3377
-18.511,3.8848,0.4863
-3.5725,2.9067,-0.9309
-20.978,1.9382,-3.7846
-2.2023,3.3962,-2.3018
-2.417,3.8357,-3.0923
-15.622,5.3052,4.4746
-14.723,5.7859,4.4888
-16.892,2.771,0.81075
-4.2508,4.1586,-0.35381
-7.757,5.6229,3.9666
-5.5096,2.0026,-5.0131
-7.0073,4.9643,2.6099
-21.654,2.9203,-1.8297
-3.6385,2.8502,-1.2447
-21.102,3.4249,1.7265
-7.9025,5.936,2.8906
-8.204,4.8036,8.3729
-18.199,4.1661,3.886
-18.047,2.5863,0.66876
-16.143,5.2347,2.943
-8.846,4.2681,2.1073
-15.301,6.7579,2.5353
-7.741,5.0404,2.3208
-23.522,3.7288,-9.5657
-7.5992,4.413,0.94844
-3.5379,1.7396,1.8443
-11.969,6.065,6.4046
-17.334,1.5579,4.7649
-2.9868,4.0961,-3.0456
-4.6225,5.408,-0.39628
-13.966,6.2288,4.4291
-16.613,1.2392,-1.541
-7.8159,6.1788,2.6603
-3.2892,3.3591,0.30307
-6.6253,4.7052,1.668
-21.651,1.8896,-4.1597
-6.243,6.1229,2.1131
-14.941,9.5105,9.0618
-12.517,6.7962,5.9958
-2.9082,3.2598,-1.674
-18.627,3.0043,-3.2354
-4.2668,3.2158,-2.93
-9.0319,7.1578,4.4466
-11.434,7.4649,7.0093
-15.394,5.7173,4.1634
-8.7966,5.586,3.0382
-8.2958,5.1882,3.4008
-10.988,6.1667,5.4288
-5.3467,5.6029,5.2407
-14.684,4.1021,7.7031
-15.288,7.4887,1.5739
-6.6854,2.1599,5.3623
-4.0066,-1.1621,-4.0145
-13.46,7.4218,6.4548
-12.261,6.9358,5.8643
-9.427,6.2538,5.8946
-0.21169,6.2036,-8.7042
-6.5459,5.5422,3.1886
-20.534,7.4047,0.75953
-20.49,4.4962,-1.5337
-18.073,5.9227,1.5875
-2.401,3.7212,0.99139
-18.928,5.1096,-0.47584
-16.167,4.7515,1.2172
-3.7202,3.3306,-2.165
-20.016,-0.072199,0.098477
-8.9629,5.3842,7.2769
-13.728,6.1922,5.5393
-5.334,2.4172,3.4038
-22.612,1.8258,-0.21544
-6.6651,5.8352,-0.26598
-19.326,3.1878,-0.80596
-21.805,2.7928,-3.1969
-13.527,5.6284,5.3029
-12.144,5.7036,3.2318
-11.641,6.3376,4.7229
-20.623,4.6383,-2.247
-4.4622,3.79,-1.7628
-19.552,4.1931,-0.55465
-14.594,3.692,-2.8547
-9.0507,5.6241,4.2726
-10.157,7.603,5.7826
-14.992,5.9417,5.718
-6.7097,5.3496,0.75604
-4.8596,4.8759,0.49243
-13.988,3.9268,5.3275
-4.242,3.124,-0.99309
-10.285,6.6996,4.3552
-24.367,1.2114,-6.8781
-7.7842,8.5265,5.586
-4.9262,4.3607,1.8436
-7.7263,5.7027,1.3641
-8.6943,5.7116,4.1169
-5.5185,3.6416,-0.74729
-23.169,2.1649,-1.1849
-14.994,7.2135,3.5509
-6.6112,3.9836,0.070825
-13.061,7.4308,6.1377
-17.003,5.4885,1.3905
-10.131,4.0159,7.8563
-12.403,7.2908,8.3137
-18.049,5.9819,6.046
-9.3383,6.3192,4.5322
-21.755,0.95226,-5.0529
-16.246,1.8487,-3.3057
-13.114,8.275,8.9693
-15.74,3.3769,3.1349
-6.182,4.266,-0.26878
-12.731,10.309,3.7681
-5.578,4.2432,0.59826
-18.945,3.2183,-1.7619
-4.9186,5.5753,2.1868
-10.647,7.3435,5.6911
-3.2464,3.3241,-0.9386
-9.1749,6.1456,6.727
-16.236,9.7764,3.9727
-2.6462,3.0271,-1.5033
-4.8648,3.2082,-1.1897
3.1865,-0.35121,-9.3268
-15.401,5.5547,5.9931
-21.009,1.9235,-2.5225
-13.556,6.3477,5.6006
-9.1093,6.2409,3.7835
-12.554,6.5519,6.5001
-23.703,2.3656,-4.9071
-16.917,9.6996,2.77
-2.191,2.7797,-3.3858
-5.759,4.0019,-2.429
-3.1547,4.484,-0.6395
-15.874,4.2891,-0.45382
-19.75,0.78479,-0.32544
-7.4378,6.3525,2.4574
-20.624,4.6792,-0.78958
-8.1321,1.4821,6.5375
-8.1204,4.9577,4.6219
-11.762,5.2221,9.9742
-21.268,2.6895,-4.1971
-5.671,4.4649,-1.0147
-13.059,7.3678,6.4505
-3.1074,1.8984,-2.3497
-6.4764,11.424,4.2561
-3.1437,2.6146,-2.6528
-10.776,8.2093,5.4604
-21.942,1.5945,-3.9789
-2.5688,4.5651,-3.9334
-8.9305,2.7832,-2.7914
-10.339,6.2972,5.582
-9.4041,6.4795,2.7653
-10.712,6.6523,6.6015
-10.015,8.2024,7.3453
-10.882,6.4538,5.6095
-5.5645,2.8515,-1.2187
-16.968,2.6622,0.74501
-9.934,6.4459,4.8329
-24.597,1.0405,-0.61387
-6.3842,4.6896,-3.3272
-19.45,5.5933,3.994
-6.5856,5.4354,2.9674
-5.1065,5.0335,-2.6436
-21.182,4.1694,-5.712
-15.448,5.5399,3.7234
-20.67,3.8319,-2.7926
-16.493,5.9153,5.3568
-21.838,2.5764,-2.9052
-19.384,4.3838,-2.6825
-6.2913,4.2597,1.5252
-21.503,0.23411,-5.4194
-22.01,3.0711,-1.8261
-14.769,6.6572,6.7989
-6.9033,3.52,5.571
-10.162,5.1273,6.3477
-20.284,3.2579,-3.0393
-6.1243,4.3078,1.6117
-16.935,5.2866,1.7966
-5.8138,4.4615,-1.6991
-9.7897,6.8462,4.5074
-21.475,4.2384,-3.0145
-1.8082,-0.44996,-0.45823
-0.15473,1.4054,-5.8753
-7.3464,1.3778,-0.23952
-12.555,7.1084,6.3597
-3.5994,2.8715,-2.1136
-13.344,5.6458,5.1184
-18.915,4.8389,2.1417
-16.024,5.2504,2.2611
-10.808,1.7018,5.2582
-19.103,2.9782,1.2394
-12.095,11.997,6.1427
-10.18,7.0667,5.8181
-11.983,5.8152,6.8426
-3.0994,4.9033,-3.5479
-5.9066,4.9687,1.4194
-18.928,5.4553,-2.4898
-20.33,3.7551,-0.81641
-20.918,4.718,-1.1195
-20.339,7.9074,-3.3805
-4.5509,4.119,-2.4023
-3.8339,4.6514,-1.8337
-18.609,5.322,1.0976
-14.242,5.5097,4.669
-13.238,5.7543,1.3886
1.3262,6.6769,-1.8226
-7.6656,4.8203,1.3097
-9.6065,5.8655,4.1354
-6.326,3.6816,-2.8781
-15.716,0.75198,-3.5472
-10.351,7.383,5.1098
-14.917,6.5355,4.2108
-18.814,2.6198,0.63461
-6.6073,5.1368,2.581
-6.9444,4.549,0.055641
-22.304,4.0883,-2.7238
-0.93975,2.6503,-2.1411
-8.4592,6.9545,5.4216
-12.003,6.7118,7.3755
-14.742,7.8116,5.2357
-8.0089,6.6342,0.61212
-3.9257,3.4864,-2.11
-27.329,4.0983,-5.8956
-15.442,9.5503,1.027
-2.3912,7.9831,0.30595
-0.096883,-0.054183,-6.1601
-16.301,5.3008,4.6871
-8.4683,4.614,4.2907
-6.1765,4.6118,-1.1645
-7.8139,6.8057,4.716
-18.244,2.1721,0.2285
-4.946,2.4827,2.4446
-12.046,5.2637,4.9474
-16.07,7.1385,4.2325
-15.147,4.7219,4.2708
-17.133,6.1,3.6977
-6.4327,5.5668,2.127
-17.138,5.2234,3.9055
-16.061,4.8185,3.6183
-17.924,6.0859,2.9126
-21.552,3.2975,-2.4067
-11.895,7.1538,7.5608
-3.9312,4.4446,-2.2108
-6.8822,5.8093,3.0869
-19.021,0.88223,-3.5991
-17.407,5.4797,3.0625
-14.102,7.4748,5.3281
-20.842,3.792,-2.8861
-16.232,9.4538,5.7979
-22.255,3.8724,-3.3388
-20.27,2.3548,-0.023192
-8.1547,5.254,1.1292
-2.3946,1.8422,-2.5388
-23.095,7.4525,-0.9079
-15.163,5.3818,2.2716
-6.6842,3.6077,5.4907
-21.57,2.5643,-3.8815
-20.87,2.3102,-1.4973
-5.496,4.6694,0.70847
-5.0461,1.1014,-0.38095
-9.8686,7.0824,4.838
-16.275,5.3749,2.8969
-14.92,5.6486,4.3235
-17.457,-0.83917,-0.80109
-6.8523,3.1295,10.303
-4.7421,2.6596,-0.010635
-7.0706,4.4855,2.1055
-19.698,4.8542,-4.1951
-0.85672,2.0999,-4.1052
-22.715,2.6737,-1.2021
-24.706,3.5683,-1.7764
-6.3809,2.6928,0.63388
-15.835,6.1329,4.0159
-19.419,8.5468,1.5683
-9.7253,6.0822,7.0048
-4.548,2.7569,-1.665
-18.144,5.4663,-0.68106
-1.2598,2.374,-3.648
-22.346,3.2425,-4.6322
-23.459,1.6081,0.63796
-10.038,6.1122,8.531
-22.543,4.5269,-4.1967
-19.003,3.9317,0.017279
-22.237,3.178,-2.9068
-7.5946,5.8472,2.813
-22.448,3.078,-3.0568
-20.029,4.5453,-1.6023
-9.3542,6.3907,4.6661
-16.197,5.5817,4.3588
-5.44,4.3711,2.0326
-8.8783,6.699,5.2379
-9.0949,6.6048,3.9647
-2.5949,2.3828,-3.2318
-21.432,3.9562,0.96734
-12.1,6.748,7.0157
-7.6598,2.3242,3.5809
-11.042,7.5181,3.5243
-4.5526,3.5423,-3.6394
-4.1528,2.9362,-2.183
-7.2353,4.6931,-1.1246
-6.8943,9.4689,6.6542
-15.251,5.9786,3.2325
-5.7842,4.6172,2.093
-9.1688,5.4376,5.5247
-22.681,3.1715,-3.0715
-7.2546,5.1411,-0.84098
-15.68,7.2037,5.5325
-7.1048,6.1646,-2.9947
-16.831,5.7689,2.4237
-6.5902,5.0789,-1.5234
-7.8083,4.7996,2.6571
-11.653,5.5409,8.3893
-23.792,1.8162,-4.7668
-14.625,5.2788,3.3075
-3.2163,1.0779,-0.08742
-2.4714,2.4212,-0.8491
-13.654,7.3202,6.682
-22.44,3.5473,-3.2392
-8.6479,6.5234,4.4739
-21.672,1.8363,-4.3625
-19.948,3.5891,-0.21429
-19.617,1.8839,1.916
-14.531,7.8089,3.1926
-22.954,1.2046,-3.4627
-7.9881,9.0403,7.7995
-3.6782,2.5131,-4.5304
-8.4058,6.9856,6.5859
-16.119,5.307,4.9865
-18.054,4.2939,-2.0754
-19.798,3.9002,-2.0489
-21.018,2.8533,-2.1217
-3.3492,2.843,-3.1374
-14.448,4.2545,8.3903
-20.216,4.1275,-1.4089
-18.373,4.7064,-1.4814
-20.466,2.6594,-1.7658
-8.4059,6.1293,2.0585
-9.1696,5.7122,3.1293
-6.044,2.5123,-0.86187
-12.298,5.7022,12.323
-6.5457,4.8832,1.731
-23.237,3.8317,-2.6019
-13.736,3.0236,7.0768
-5.8898,3.861,-0.95864
-5.8605,5.4285,5.9801
-9.0927,7.1122,0.055026
-2.8146,3.372,-3.4361
-16.063,5.0483,5.1065
-6.259,4.6647,1.6421
-10.282,6.8548,6.8827
-18.737,2.2439,-3.0765
-19.514,4.9408,-1.8736
-3.0777,3.9379,-2.7463
-18.219,3.6017,-0.85266
-5.5698,6.4663,-1.9612
-18.467,6.7283,4.1976
-12.181,6.5353,6.9551
-19.659,2.9665,-4.1037
-5.0192,3.0846,0.83646
-5.0181,4.077,0.029648
-10.663,6.8856,7.7109
0.16675,3.0835,-3.3676
-18.594,4.0806,4.0964
-3.6781,4.1531,-2.9047
-15.982,5.6868,4.753
-14.556,7.5439,9.1902
-6.7488,4.8191,3.3732
-16.067,8.4471,6.7091
-11.211,6.5177,7.2541
-15.512,3.8708,3.4297
-22.556,3.684,-2.1156
-21.559,3.1508,-3.9726
-10.969,6.7163,4.81
-1.8123,3.2528,-1.4753
-21.192,3.1543,1.0113
-6.0616,3.3894,-0.47872
-9.3276,5.5135,5.1252
-19.263,3.8069,-1.4984
-24.267,3.3803,-5.6122
-10.379,6.2131,8.8801
-1.6333,-2.4578,0.12872
-9.0072,6.1478,5.4794
-15.974,6.9981,5.4052
-23.053,1.9856,-0.77239
-17.057,4.7822,-1.7969
-7.4171,4.7035,3.9572
-7.5375,2.479,0.21277
-10.638,6.3454,5.7902
-2.3608,1.9475,2.1061
-15.618,5.354,3.8804
-12.748,7.6758,6.3895
-6.7418,5.5463,1.3257
-8.091,5.2204,6.9923
-12.225,9.2288,2.0361
-24.433,3.9588,-2.2412
-22.244,1.2448,-2.9111
-21.478,4.015,-5.9726
-9.8506,3.8508,8.5369
-1.7006,3.7801,-6.7501
-9.0395,5.9264,2.9934
-18.503,4.4816,-0.83656
-16.132,5.7119,5.0617
-18.554,5.8889,-2.7784
-20.855,3.313,-2.7818
-6.898,5.686,8.3105
-20.199,5.4017,-2.1066
-8.78,4.2594,2.4311
-6.9088,5.7939,0.66182
-20.204,4.6327,-0.42571
-7.8184,7.5781,6.1925
-5.2697,1.412,-3.9493
-4.6838,3.7879,-0.6125
-14.141,6.9885,6.7975
-9.1842,5.3375,-1.3223
-5.3662,3.7904,-1.517
-17.025,2.0846,1.9084
-4.0059,6.5761,-4.3503
-6.3848,5.8244,0.21196
-6.0751,2.4243,-0.77577
-7.4872,5.4956,2.2771
-13.775,5.0595,6.7113
-14.163,5.8414,4.2013
-9.5987,6.2365,6.3476
-16.513,1.9472,3.5368
-16.522,5.5551,2.7203
-11.46,7.3937,7.9169
-9.6342,4.9793,2.0896
-19.061,2.9892,-3.9418
-18.739,5.7579,2.7584
-3.4161,6.7841,-0.74202
-6.5101,5.0517,0.96915
-24.862,2.5767,-1.4147
-22.9,2.9355,-3.8804
-23.231,2.4258,-3.1111
-16.662,5.4367,2.3275
-22.68,1.8611,-3.6897
-13.153,6.9722,6.2233
-0.60036,2.4259,0.57722
-13.54,4.0116,2.2504
-6.0094,4.1642,2.2821
-2.1036,3.0601,-2.1277
-21.289,4.1649,-2.0992
-3.6099,1.1812,1.4417
-14.335,6.4795,4.4837
-10.635,6.9754,7.3205
-15.149,6.0869,3.51
-4.8393,2.4869,-1.3136
-18.099,2.8229,0.49298
-22.142,3.4349,-3.2651
-15.771,4.6822,1.6497
-5.5136,1.9293,-1.3038
-19.868,2.4547,2.2751
-8.1447,4.7883,1.7166
-2.2326,3.7317,-3.0727
-9.906,7.6862,6.9308
-4.9539,4.8649,1.2702
-23.607,2.7802,-1.4707
-2.0743,4.4957,0.35861
-14.984,5.9912,6.1248
-22.058,2.7576,-3.0199
-3.1964,2.2397,-3.3983
-18.027,7.2816,1.7336
-8.2042,5.803,4.7492
-13.638,6.5324,5.0849
-20.92,2.9655,-1.561
-10.339,6.5535,3.8259
-15.469,6.118,5.1542
-9.1502,2.823,-0.78447
-13.233,9.9348,6.8442
-5.9807,4.8218,0.95168
-8.0737,4.9683,3.2652
-8.5513,7.0205,6.5901
-8.1451,6.5416,0.73755
-21.219,3.3246,-2.8764
-20.215,1.8754,-3.0614
-6.9561,5.1859,0.75192
-8.5861,6.4486,4.3546
-5.0952,4.676,-0.099537
-18.437,3.764,0.58308
-20.426,5.6496,-3.474
-4.6193,5.4372,-1.0091
-15.882,7.6455,6.6917
-9.318,7.0108,8.461
-5.1767,1.6979,-2.9453
-20.938,3.0061,-6.3436
-20.507,2.5688,-3.5482
-16.968,5.7771,2.685
-8.6563,2.9795,7.1948
-22.238,2.3502,-2.7512
-14.641,5.6619,6.4608
-4.3877,4.933,-1.3919
-15.432,5.9986,4.4978
-18.539,5.1127,-4.3088
-4.9634,3.9943,-1.6242
-22.848,3.7288,-2.5697
-8.0783,3.9213,2.202
-26.283,-0.093474,-1.0116
-13.358,6.2099,1.5796
-12.527,7.1424,8.2033
-23.08,2.6049,-4.0598
-7.1469,1.1928,3.2971
-7.7698,4.671,3.4665
-4.5308,3.0508,-2.7774
-9.6628,6.4971,5.5238
-7.9319,5.6404,6.1777
-8.5755,6.117,-1.2835
-19.571,3.8707,-2.8553
-11.122,10.586,9.3447
-12.388,7.349,6.5532
-6.8914,8.7785,1.7701
-10.372,6.727,6.7348
-4.7375,4.4527,-1.3335
-5.7976,4.0199,-0.027879
-2.0805,4.6675,-2.7395
-19.563,3.6904,-4.2598
-3.6406,6.1824,0.50185
-21.742,2.5136,-2.7525
-6.3615,4.1342,0.16396
-8.8536,4.035,3.9828
-10.084,7.1426,5.6916
-20.84,5.5423,-1.6546
-17.187,4.7681,2.1359
-11.963,6.7949,6.3121
-3.0463,3.4898,-4.0838
-9.1444,5.3786,6.5766
-1.3689,2.0781,-4.3411
-10.584,3.22,7.3677
-12.902,7.0891,6.9865
-5.8242,5.5682,3.1595
-25.314,0.77921,-2.0995
-21.3,3.2669,-2.9166
-6.912,4.0095,1.6848
-20.649,2.4508,-1.9372
-11.841,8.7091,2.9742
-2.2713,7.6376,-1.4717
-18.158,2.3697,0.55224
-21.638,3.8656,-2.5152
-15.144,5.9908,4.5299
-19.421,4.2546,-1.3394
-22.936,3.0016,-3.7587
-12.831,4.8952,4.55
-4.0275,4.9193,-1.7471
-3.6722,3.8759,-3.0806
-15.702,3.3172,1.8847
-9.709,6.0882,5.8047
-21.298,3.0928,-0.92359
-23.292,5.4721,-6.7212
-16.34,5.7759,6.7822
-15.241,5.4397,4.0274
-9.3035,6.6454,2.7968
-6.7926,5.0944,0.49179
-12.823,7.31,5.6305
-3.8092,5.9058,2.2915
-17.889,3.7473,0.012436
-10.216,7.4273,3.0441
-2.1962,3.6933,-3.2093
-0.5041,3.8061,-2.7412
-6.5688,5.793,7.1629
-8.3391,4.9501,2.0777
-17.212,5.4411,1.7255
-18.426,4.6413,-1.9291
-6.9748,10.717,6.2932
-8.9409,6.2041,4.1599
-20.149,4.9374,-3.2071
-1.0433,6.5057,-7.1202
-7.7125,4.9687,6.3315
-15.293,7.5523,5.7958
-4.5626,3.3159,-3.0085
-16,3.7949,0.71514
-5.3143,4.1293,-0.2764
-21.881,3.0329,-3.4795
-2.7217,3.7368,-4.0008
-12.024,8.2846,1.4714
-20.646,3.6677,-3.7751
-20.607,2.6068,-1.2159
-6.9687,6.2617,3.5459
-11.841,4.6125,4.1712
-5.4201,4.5061,0.046777
-8.9476,1.1099,5.9357
-6.5944,4.1569,1.606
-16.271,6.5621,4.9532
-17.392,4.5043,0.6044
-13.272,5.4305,4.5417
-9.5563,6.8713,7.2352
-8.4586,5.5129,3.5308
-8.233,4.727,1.7509
-21.299,4.0096,-2.2329
-3.986,1.3241,-1.839
-16.831,3.9335,2.5173
-17.587,4.8498,-1.7046
-16.917,5.1685,2.4928
-10.053,5.9125,5.4121
-12.833,7.1112,6.7755
-3.5022,4.1656,-1.4549
-3.8682,3.8029,0.39822
-2.5228,2.3195,-4.1711
-12.141,11.128,5.9389
-19.774,4.8884,-5.9784
-14.408,6.3235,6.8594
-21.799,6.7702,-4.2716
-21.884,3.8436,-1.5048
-17.497,3.8112,-7.6114
-22.936,5.7,-3.5387
-21.877,4.8985,-3.4589
-11.791,7.033,4.6749
-9.127,4.7189,4.6987
-10.747,8.26,6.627
-8.1915,6.0098,4.2765
-15.857,2.567,3.5026
-0.26201,6.2136,-4.2946
-6.773,4.8518,2.6293
-12.599,8.9387,8.0858
-14.069,2.2916,3.4437
-14.635,6.9609,4.913
-21.817,4.2478,-2.1848
-12.015,5.0302,5.423
-4.2,5.3533,4.3444
-10.123,6.2484,5.4376
-25.066,1.5661,-0.5269
-10,7.8646,7.1347
-19.495,6.1021,0.79352
-13.487,4.8473,7.134
-9.927,5.9098,3.38
-22.776,2.9636,-3.7122
-16.482,0.14125,0.45473
-1.8586,2.4664,-3.4063
-15.989,4.7261,2.6616
-12.61,8.3973,7.1789
-22.464,2.2985,-3.8621
-17.811,2.2905,-3.7433
-9.7028,6.7483,5.8096
-8.7806,8.9865,3.0346
-6.3248,5.7701,-0.1595
-21.058,1.504,-1.9958
-22.734,2.1876,-2.5323
-14.088,6.1055,5.5613
-8.7956,6.22,7.271
-16.481,4.1494,2.809
-19.145,4.0491,-1.6104
-22.138,4.4607,-3.4895
-11.013,7.0179,7.7423
-20.896,4.1731,-2.8144
-6.8426,3.4858,-0.11648
-20.741,6.5919,-3.3787
-22.509,2.1316,-2.9904
-7.8915,2.0139,2.5212
-21.433,2.0009,-2.4654
-8.7445,5.9791,5.7212
-14.909,5.2638,3.8171
-10.238,9.9859,6.7151
-4.0467,3.2404,-2.2028
-15.731,5.7881,1.9372
-16.832,3.9412,2.3343
-13.203,9.3179,6.798
-7.6182,3.3704,2.5531
-20.997,3.9685,-4.3352
-13.548,1.9581,3.4319
-15.478,8.252,4.272
-22.661,4.5991,-3.6289
-1.7171,2.9603,-3.0294
-13.203,8.5652,2.345
-3.386,3.02,-2.6316
-22.889,2.3238,-2.9526
-11.969,5.93,3.8159
-9.5759,7.0861,7.1164
-19.228,2.8468,-0.93811
-12.425,5.357,7.1795
-6.5108,7.8536,1.7076
-7.9655,4.1463,2.483
-18.998,4.2675,-1.9463
-15.215,6.126,5.0425
-5.2863,4.5528,-0.97336
-5.3927,2.8809,-0.17314
-16.347,2.7887,2.5926
-18.361,3.0187,-2.0465
-6.094,3.8058,-1.5232
-17.579,5.4398,6.0674
-9.3103,7.8966,5.3543
-8.1191,4.2426,1.039
-8.2837,5.0548,7.4297
-15.45,5.4112,5.578
-12.34,6.3461,6.5891
-14.585,5.8168,6.3485
-7.0098,5.2583,2.495
-0.91834,2.457,-3.6499
-3.954,2.7076,-2.9412
-18.541,1.3002,1.1691
-4.5309,7.8491,4.7168
-12.03,7.7797,4.986
-17.102,4.8429,-0.49222
-17.806,2.8387,-0.96526
-2.4545,2.5494,-3.4143
-5.339,5.2162,-0.099234
-4.4853,2.9404,-5.2737
-0.9595,6.2965,-3.5942
-10.74,6.0621,7.6684
-5.283,5.426,4.5918
-5.146,2.9272,-0.56885
-6.9208,6.1144,0.43213
-1.7374,2.6312,-3.2473
-16.254,2.8863,-3.5767
-5.7295,4.6632,2.4585
-8.4682,6.3431,5.0993
-2.8244,2.6283,1.5364
-11.293,9.3919,-1.4856
-4.6515,-0.082006,2.2072
-11.968,8.6088,5.6835
-16.971,4.3176,1.7662
-17.113,6.85,1.4441
-21.209,3.7855,-1.4525
-9.5036,7.1218,5.8357
-5.6273,6.8867,4.8802
-7.7008,5.3166,0.90746
-16.223,5.3475,2.6213
-9.6021,6.6001,5.1723
-16.254,4.2024,-0.22338
-21.306,1.0431,0.39714
-18.429,4.3924,0.026138
-15.413,5.4973,3.636
-14.833,6.2965,-3.9837
-7.1563,3.4915,2.0703
-5.4108,0.95312,-1.0861
-22.122,2.5556,2.0308
-8.5625,9.5613,4.2234
-4.5913,3.0143,-1.4496
-2.8354,8.4706,-4.437
-20.273,0.8899,-2.4757
-15.449,5.6109,3.1397
-2.735,1.206,-2.1932
-22.147,4.4599,-2.9223
-5.079,3.4878,-1.6342
-5.0569,3.3669,-1.2903
-6.2795,0.50659,0.23029
-14.568,8.2791,8.0296
-15.865,4.4849,4.2117
-22.371,2.7358,-3.5405
-13.957,3.9506,3.7381
-24.545,4.2265,-2.734
-21.509,2.6268,-2.8518
-4.9863,3.5938,0.58538
-17.275,6.9595,3.0231
-4.5156,3.2929,-3.6696
-4.5544,4.8323,-1.0851
-9.4955,5.7375,3.9096
-3.9506,2.5063,-2.6281
-20.887,3.6277,-1.0393
-8.5116,6.3609,4.5763
-17.069,8.4975,4.9708
-20.513,0.29644,0.026366
-12.294,5.0335,8.1746
-13.216,7.5801,7.7974
-14.218,6.3722,5.6375
-17.307,3.7452,0.74354
-12.607,7.8906,7.597
-15.969,5.2984,1.9769
-21.541,4.3084,-5.0987
-10.501,7.5392,4.4067
-0.7132,3.7122,-0.35561
-20.647,3.231,-2.8626
-5.3041,2.3648,-5.7709
-16.528,5.6755,2.77
-4.1655,3.6404,-0.43368
-16.713,8.0508,8.5197
-6.1235,4.9387,3.7246
-7.4104,4.9624,2.0746
-2.6216,5.9172,-6.3114
-16.312,6.4183,3.6711
-5.5165,4.4784,-3.4725
-19.851,3.782,-1.8502
-0.56584,5.142,1.3626
-14.237,7.1269,7.528
-8.36,5.1678,4.8704
-14.354,7.162,6.1456
-4.6945,-1.9028,-1.4995
-6.091,4.607,-0.78714
-7.0761,5.1963,2.8801
-13.138,6.3396,6.5859
-15.766,5.6531,5.3842
-12.099,5.6856,8.5949
-21.958,2.525,-4.7393
-5.0798,3.7872,0.55502
-3.8816,4.6682,-1.2445
-20.977,2.3672,-1.7557
-5.0056,5.3822,2.4072
-16.633,8.6472,2.092
-7.4082,2.7943,2.9619
-7.0134,4.3105,2.7584
-6.6907,5.0107,1.9913
-9.3368,7.7485,10.161
-12.803,4.2432,3.6507
-22.784,4.0426,-2.6948
-16.263,4.9918,2.3157
-5.5026,2.7602,-0.36225
-19.071,4.2063,-0.93698
-10.421,3.666,7.9074
-14.52,7.7721,4.8123
-6.7399,7.856,7.2726
-20.055,2.5794,-1.5091
-9.6778,6.1886,6.424
-2.2554,2.5986,-1.9279
-7.2545,6.2708,6.5458
-22.308,1.5586,-3.8063
-3.5098,4.5291,-3.5998
-17.108,4.9893,-3.1027
-12.721,7.1658,5.1386
-10.482,6.8982,1.7301
-21.444,4.4889,-2.9814
-8.1664,9.8232,8.2267
-5.954,4.6361,0.83534
-3.7515,1.8106,-2.1531
-15.559,9.4242,4.2533
-10.36,6.0746,5.7551
-2.3427,4.0384,-2.3135
-19.166,3.6593,-0.60755
-9.209,5.6544,2.633
-6.2594,6.0553,0.21727
-15.338,6.301,2.0792
-4.5047,4.9196,0.11218
1.1463,3.2762,-8.2189
-7.7924,5.9025,-1.1987
-14.597,6.5268,4.8726
-20.498,2.4819,-2.3422
-15.394,4.6,4.5216
-13.713,7.8106,5.4789
-1.9529,4.6372,-3.0842
-7.8342,5.3921,0.95575
-5.5348,2.2658,3.0478
-6.8142,4.7874,-0.4335
-3.1507,4.7421,-2.6062
-4.0911,3.2489,-3.7021
-20.665,2.5443,-2.7001
-20.178,1.6679,-5.3143
-2.4615,6.4921,-1.2473
-17.188,6.1958,3.0626
-23.349,1.5113,-6.6391
-6.663,4.9597,0.67135
-18.369,6.2503,-3.1108
-18.878,3.9257,-0.46491
-4.5324,4.3097,-1.3946
-4.5994,-0.5993,1.5117
-1.426,2.3275,-3.2071
-7.3848,4.3315,0.64023
-19.213,7.1307,2.4571
-3.9451,3.3595,0.43649
-12.504,3.8204,3.732
-17.137,3.7048,-1.6166
-15.084,6.6313,5.3285
-22.852,1.0904,-2.177
-5.967,4.6401,1.245
-12.1,9.1491,3.7297
-18.931,3.6626,-2.9198
-10.41,7.131,-0.40611
-3.0185,0.65952,-4.547
-4.2733,1.2942,4.17
-6.8935,5.2856,1.4729
-3.6004,1.3122,0.75762
-5.0001,0.55869,0.66197
-14.786,6.783,5.1948
-8.5352,4.6256,4.703
-9.4895,6.4683,5.5719
-11.81,7.2743,2.6015
-15.66,5.2751,4.7211
-7.2534,4.7683,2.885
-8.534,2.3622,-1.0896
-6.8726,4.9535,1.1296
-7.3005,1.3611,2.2422
-14.967,9.1514,6.0378
-3.9831,6.0694,-5.7557
-16.242,3.9823,3.3998
0.71559,8.524,-3.4656
-20.648,4.3657,-1.4387
-1.3902,1.8487,-2.9559
-19.805,2.0046,-3.1356
-15.397,6.1906,5.1077
-18.561,4.332,-0.23084
-4.9939,0.7181,1.8923
-19.922,4.9858,-3.9878
-19.483,4.2221,-1.5302
-5.6027,7.8157,0.66392
-13.988,6.8687,6.3569
-5.2289,4.6352,-0.5633
-7.497,5.1632,0.88648
-15.228,5.4215,4.5226
-11.418,6.0788,2.3766
-21.639,4.3312,-1.6294
-21.243,3.5503,-3.2711
-18.291,4.5632,-0.2469
-14.834,4.7232,2.2877
-21.845,3.4797,-1.4469
-11.883,7.5978,7.028
-6.9569,4.6673,7.3037
-15.498,5.361,4.7886
-13.769,5.4004,6.8507
-6.8384,5.0278,-0.10166
-5.0446,4.6626,7.6098
-2.8012,2.9996,-3.3378
0.93353,2.6638,0.94972
-12.547,7.1458,5.2221
-8.9586,9.1158,1.8701
-27.918,0.15906,-4.1217
-14.938,9.0748,3.4308
-4.9768,4.0439,-1.1506
-16.65,3.0373,2.1992
-21.382,5.131,-3.8678
-15.671,6.3287,1.9724
-12.031,6.5977,6.6205
-6.2131,4.1243,4.534
-19.612,6.7317,-6.0494
-20.842,4.5685,-0.95632
-8.9917,5.3977,2.4518
-21.533,3.6024,-2.641
-20.786,2.3751,-4.3409
-0.91201,6.0916,-3.3217
-21.074,4.0905,-1.5358
-2.8883,3.1928,-3.1029
-18.763,3.745,-6.2678
-20.583,1.6073,-4.4766
-24.533,6.0393,-1.2685
-8.147,6.452,3.5548
-16.628,1.7743,5.4614
-8.6035,8.6365,5.2517
-12.077,3.6884,4.782
-6.789,4.7934,-0.15162
-21.207,7.3129,-1.4263
-5.5514,3.5182,-1.7975
-13.058,3.0821,6.7888
-11.167,7.1933,7.6349
-5.2906,3.1137,-0.26814
-2.8449,2.3967,-3.1671
-22.122,3.6136,-4.1448
-19.967,4.3765,-1.0108
-17.169,6.6597,9.6939
-0.55527,1.8686,-2.5825
-7.9427,10.867,5.4529
-20.707,3.8363,-0.73404
-3.5738,1.4332,-1.3338
-8.7466,6.4263,-1.3685
-0.4276,4.5208,0.20383
0.18715,3.2796,-3.374
-9.7667,8.8544,8.8096
-3.8035,4.0443,-2.9567
-10.911,7.3214,6.9321
-19.22,4.5199,-2.581
-7.9904,5.0799,0.77354
-18.922,3.7994,0.47209
-4.1487,3.9701,-0.3269
-6.2269,5.1311,0.013133
-16.401,4.9728,3.4517
-7.595,4.3684,6.0613
-19.272,2.971,-0.18733
-5.472,8.9349,6.6563
-15.288,5.3447,3.6203
-19.223,5.8447,-4.4483
-4.4023,3.1524,-0.74465
-7.8265,5.156,1.5368
-21.132,3.2928,-2.285
-2.1831,3.5978,-3.5139
-3.7989,3.0935,2.3768
-15.498,5.1464,5.5183
-16.683,4.6817,-0.44385
-21.12,3.245,-3.5989
-12.286,6.386,8.0371
-3.6058,4.0936,-1.8331
-14.113,2.6819,4.2923
-15.124,9.1987,5.1937
-4.9034,3.5399,-0.16457
-2.4695,3.8997,-3.489
-20.362,4.0638,-2.0718
-15.742,4.5588,9.5549
-19.46,3.348,-3.6331
-10.972,8.4895,7.1782
-23.115,2.2083,-2.887
-20.105,6.1693,2.3568
-15.306,4.2934,3.0281
-7.1407,4.6676,1.947
-4.0504,3.4684,0.83507
-8.0401,6.4938,4.0238
-19.329,3.2921,-1.1625
-21.253,2.6218,-1.7011
-20.776,6.7882,5.4208
-6.9153,4.0585,-0.307
-7.2022,5.8226,1.2621
-18.168,5.0103,3.609
-8.3544,6.659,5.7012
-13.582,5.8676,4.529
-13.03,6.4509,5.0102
-6.1554,3.8288,-1.5647
-1.4349,3.1031,-4.0193
-14.616,10.462,6.819
-1.9096,2.6717,-3.0764
-19.828,2.0046,-0.27938
-14.626,4.1552,8.1395
-2.1141,5.7761,-2.2173
-7.8363,6.5813,2.4694
-18.884,2.8965,-0.33304
-20.018,5.2342,-2.2013
-18.054,5.5204,1.009
-21.698,2.21,-3.8329
-12.382,7.352,4.9346
-3.127,5.5944,-1.6828
-11.511,6.1515,8.4574
-14.194,6.9032,6.7613
-19.811,2.0509,-2.7357
-6.3668,8.543,3.0321
-16.412,5.0947,0.60886
-22.426,4.9767,-5.1155
-8.6204,4.7264,2.7029
-13.317,5.04,1.3668
-4.943,4.3117,-2.2674
-19.689,3.9944,-1.4949
-14.289,3.4682,3.7059
-8.3752,6.4034,3.7508
-15.226,5.4363,3.4341
-2.8625,5.0437,3.3393
-9.7322,6.8764,8.1461
-8.0947,4.8643,3.8634
-4.7783,4.3608,0.15368
-18.997,4.7625,-1.4048
-15.737,3.1454,3.9355
-11.816,10.242,5.0315
-12.767,7.3971,6.6015
-21.015,2.9398,-1.5371
-6.946,3.6404,-2.5073
-14.983,7.134,6.6456
-17.88,3.7501,-5.353
-15.242,5.1201,5.0483
-0.63878,2.5836,-3.2994
-2.9668,5.1451,-4.6977
-19.23,-0.15371,-0.59441
-2.8849,3.6102,-3.158
-12.132,6.5971,7.5177
-17.967,7.5409,1.6941
-12.175,6.6167,6.9263
-5.7002,3.6594,-0.53616
-8.648,5.7064,2.5229
-6.9527,6.4675,3.2666
-20.625,2.4675,-2.7704
-12.54,5.8254,5.1023
-7.2473,8.4861,4.1681
-21.404,8.5327,2.9038
-4.5528,5.5678,-1.3034
-14.726,5.695,5.3208
-5.811,5.9635,0.016988
-21.289,4.2972,-2.2273
-4.0862,3.266,-0.88761
-0.70891,2.9781,-2.9678
-15.756,2.0203,-2.9595
-0.66449,3.5301,-3.5708
-10.705,9.3229,5.0012
-6.835,5.2824,0.96634
-7.8181,4.4322,2.907
-16.178,2.3725,-0.91234
-16.093,4.1284,2.7513
-7.5387,5.327,1.5764
-1.5325,3.5534,-2.7845
-1.9327,3.3623,-3.1701
-19.185,6.9428,2.9772
-4.565,5.0714,-2.4086
-7.55,5.2325,4.611
-1.7809,2.2045,-3.4894
-3.1485,1.9621,-1.1728
-16.89,4.4913,1.4223
-0.66307,3.3577,-3.4516
-10.181,5.6408,5.1664
-14.945,5.6472,4.9618
-20.933,4.8391,-4.4139
-20.46,2.3681,-1.1198
-10.22,4.2816,7.1329
-22.778,3.1576,-3.355
-6.0057,6.6209,3.1908
-17.901,6.802,6.627
-15.889,4.8586,2.6365
-14.027,7.6396,0.088146
-21.635,3.3063,-1.5845
-6.1819,3.114,6.5873
-7.6141,4.0279,1.1506
-11.303,6.1354,7.2636
-19.983,2.386,-1.3306
-13.844,4.172,5.8585
-9.5868,8.6664,8.6394
-20.69,1.0953,2.5072
-5.8621,3.5186,-0.20763
-19.207,3.3824,-2.2013
-18.588,8.1527,2.5846
-22.683,3.172,-4.194
-4.174,1.8838,-2.5579
-18.446,6.4196,-0.71825
-9.925,6.5901,5.2786
-3.4742,4.4495,-3.1431
-20.513,3.5108,-3.377
-11.222,4.2885,5.2116
-6.2107,6.9538,2.6078
-7.2455,4.4514,1.6757
-2.6726,5.619,-0.081832
-2.5411,3.2097,-2.8559
-21.558,3.049,-3.8002
-21.407,2.9552,-1.6102
-23.899,3.7405,-4.0982
-1.6739,2.3987,-2.5265
-13.791,5.4611,6.1364
-19.783,8.2845,-1.4323
-8.9147,4.9755,4.7743
-20.379,5.121,2.233
-10.662,7.8254,6.6367
-11.115,3.7061,8.5183
-19.511,3.0997,-2.24
-9.0261,7.6228,6.0206
-15.233,6.3507,3.6668
-8.5611,6.6517,5.4863
-25.947,4.0168,-3.8577
-9.4946,7.0442,4.7738
-7.0255,4.2649,0.30426
-16.077,3.9333,4.5176
-16.14,3.7983,6.5169
-22.691,4.0034,-3.1435
-13.797,7.6459,7.6395
-13.676,7.4587,4.6171
-7.0048,5.4581,5.4819
-4.2862,4.013,-1.6646
-14.474,6.5504,0.17694
-21.318,5.2334,-3.3293
-14.391,8.9176,0.75728
-17.901,4.3888,7.3436
-20.699,5.427,2.7645
-0.62835,1.5228,3.7956
-21.781,3.2408,-2.9747
-9.3496,6.9415,11.977
-5.7531,3.4773,0.1629
-8.5422,0.42598,9.1025
-23.176,4.985,-0.5926
-8.3962,7.751,6.3858
-7.1088,5.5613,0.90492
-3.8013,4.3303,-3.1322
-11.517,7.8009,6.5627
-1.8918,3.8387,-2.405
-11.648,5.4027,11.038
-13.554,4.7501,-3.7397
-8.8579,6.028,3.3288
-8.3915,6.8622,6.6027
-19.277,2.5368,-2.2547
-9.0017,8.3255,5.7597
-13.582,11.088,3.3095
-13.56,5.9131,5.3533
-17.695,2.7406,-4.6342
-21.037,5.0493,-2.4384
-3.7166,3.0903,-0.40769
-6.126,4.4441,-3.551
-16.908,7.7108,4.4128
-4.7831,3.9264,-2.7794
-7.2088,6.2845,-2.3371
-17.565,5.4468,1.3881
-6.2796,7.8656,7.9873
-8.1691,6.1535,4.7893
-19.404,3.8591,-0.57518
-2.7312,4.0094,-1.4833
-9.8148,6.3301,7.0552
-22.135,3.4915,-1.6442
-15.346,6.0502,6.2139
-5.5031,3.6359,0.18073
-13.493,7.201,5.5347
-11.549,7.0947,4.5122
-1.6137,3.8957,1.5641
-7.5074,5.6621,4.657
-13.987,5.4815,5.9396
-8.2904,6.8819,4.2129
-17.096,5.2564,0.50613
-14.961,6.8309,6.3713
-5.9261,4.6142,1.4636
-12.204,4.5898,6.6225
-10.43,6.4733,4.3832
-21.082,3.8522,-3.4748
-6.2403,4.3233,-0.43159
-21.018,2.3466,-2.4497
-11.231,5.0375,8.1963
-12.926,6.1271,4.2619
-7.62,4.6076,1.5363
-22.864,2.0389,0.72435
-8.6692,5.496,3.3675
-11.433,6.3223,6.6463
-15.601,5.6161,4.9704
-7.9892,5.6702,5.8059
-0.88608,1.6591,-2.5213
-22.411,2.7175,-0.34449
-7.679,2.4748,5.0197
-11.852,7.3665,6.9542
-2.6225,4.776,-0.68707
-3.8885,3.4609,-3.2899
-6.7985,8.8368,8.2015
-4.8791,2.446,-2.3152
-17.091,7.3909,9.9341
-7.211,5.0653,3.1211
-17.843,4.4839,1.1051
-17.725,2.9418,0.79402
-21.713,3.2661,-3.9329
-9.7446,3.5322,-0.72702
-22.618,1.3321,2.1119
-13.936,4.1473,2.589
2.0175,2.0283,-3.8006
-12.285,4.4388,9.3771
-19.669,5.974,-0.83687
-3.5791,3.1131,-2.8599
-8.1859,1.4463,-3.5993
-15.946,4.8085,3.3324
-16.159,6.9087,5.0109
-6.849,7.1744,7.307
-19.233,9.0375,-4.9146
-14.412,3.5958,1.9881
-18.912,4.9547,-0.86519
-15.732,3.7078,12.041
-10.108,9.0565,10.463
-4.554,3.5103,-2.7317
-21.492,0.88509,0.24673
-26.437,2.0693,-6.1035
-12.905,7.4586,6.6603
-15.965,4.8524,5.0835
-12.227,5.5482,4.3836
-12.047,6.2288,7.0439
-4.2687,3.6354,-1.6371
-5.4498,4.1774,-0.81996
-11.828,6.0127,5.3646
-13.151,1.854,2.1691
-21.281,2.197,-2.7318
-20.069,6.6998,-1.1299
-16.527,5.6329,2.9281
-6.9302,1.4869,0.0051415
-19.634,4.7288,-0.81294
-17.445,1.1118,0.12292
-10.025,6.7372,4.9642
-15.755,6.7068,4.4313
-23.247,2.0397,-3.6945
-10.89,6.2109,6.2506
0.72807,2.8095,-3.8045
-19.548,4.9654,-0.8035
-15.432,5.8143,1.1257
-6.0798,9.6936,0.50462
-3.3827,3.0183,0.27735
-13.51,7.6593,7.6118
-6.3052,5.7715,1.2447
-19.555,6.4962,4.4022
-13.681,4.53,3.677
-14.784,6.169,5.7765
-20.401,0.95449,-2.2304
-22.493,3.922,-2.791
-15.577,9.4894,4.1712
-18.088,5.6177,0.44557
-8.1761,6.4906,4.6962
-20.387,3.191,-2.4343
-1.0404,4.1042,-3.5549
-10.32,7.5065,7.4368
-3.2139,3.9533,-2.8536
-19.256,5.3489,2.3024
-9.338,5.7373,5.2164
-4.8305,6.8102,-1.3572
-16.21,6.0859,3.0254
-20.023,2.5999,2.1139
-24.575,3.4467,-3.5318
-16.057,4.8138,2.5116
-7.7399,6.8109,4.9944
-21.879,3.7798,-1.0495
-5.6896,7.7429,-0.49693
-10.538,8.4147,7.0104
-7.817,10.495,2.5014
-16.344,7.9092,8.4675
-22.619,3.6616,-3.8648
-11.635,9.5514,5.2215
-4.2577,3.2748,0.16153
-15.26,6.5056,2.7568
-9.3557,6.4249,4.8946
-7.2613,6.4509,4.6001
-0.94201,0.51963,-7.108
-11.947,6.6821,6.436
-3.1024,3.5168,-4.1004
-6.822,1.4784,-0.084906
-19.616,3.2509,-1.4429
-7.8901,5.6932,3.8983
-4.6906,8.7001,3.9098
-4.5365,2.9772,2.0968
-19.241,4.8667,6.1151
-8.0982,6.1007,4.0209
-15.903,4.2244,3.0397
-9.3293,11.556,2.6545
-17.238,4.6066,-0.15249
-7.8369,6.2601,4.6621
-16.782,5.0721,1.5448
-12.079,8.3789,8.5284
-9.0371,5.7062,1.6037
-24.746,4.6064,-5.7355
-6.7505,4.1045,1.2762
-15.42,6.9869,6.6258
-7.2602,5.1593,3.1951
-16.235,4.3578,4.621
-10.018,9.5561,1.3678
-4.3835,0.28102,-3.1033
-6.6094,5.5158,2.9315
-7.6384,5.9616,3.6688
-6.1668,8.5549,8.1441
-16.512,5.7762,5.1869
-9.4812,6.2999,6.128
-21.836,1.9412,-3.9349
-4.5496,3.7392,-0.33451
-13.387,5.2917,6.291
-16.603,4.9403,2.0316
-10.478,6.3076,4.5502
-1.9828,1.6463,-7.0427
-12.367,4.9328,3.7101
-18.329,4.7914,1.5339
-18.911,6.2623,0.3039
-8.0575,6.8193,6.5682
-13.615,6.5357,2.0266
-25.824,0.395,-4.7714
-16.66,5.3012,12.019
-14.916,6.5001,4.4114
-6.0744,3.5392,-0.88943
-15.942,4.8193,2.2242
-8.4374,7.9284,5.4049
-17.088,4.7517,2.3105
-2.1265,3.2525,-3.7575
-4.6383,3.3578,-1.8033
-18.967,5.0286,0.11662
-1.6153,3.6205,-3.307
-7.862,5.2141,1.7772
-14.054,7.1063,5.3205
-16.167,5.2305,7.4914
-10.875,8.5149,7.4372
-18.186,2.907,8.6623
-14.532,9.5354,7.3095
-15.624,5.9864,4.0558
-0.49223,5.8392,-3.5985
-16.067,6.3383,3.1723
-7.2067,4.835,1.9425
-5.8543,3.5991,1.784
-19.899,1.2159,-2.8724
-22.381,1.2107,-3.7084
-18.701,5.1305,-0.27652
-18.497,5.9073,3.125
-13.284,6.3948,6.3579
-2.9256,2.9919,-2.9471
-14.698,7.0152,3.3988
-10.995,6.7433,6.567
-8.9549,4.867,-0.052993
-3.9433,3.1606,-2.1729
-9.9049,6.2987,5.3304
-21.66,1.2412,-0.97959
-8.5022,5.1573,9.9162
-13.064,6.5554,7.0533
-5.7658,6.7597,6.7052
-13.992,4.8023,4.352
-11.142,8.1443,8.603
-14.533,6.5632,5.0794
-21.805,1.4362,-2.1909
-10.964,10.547,6.3549
-22.51,2.7097,-2.6425
-8.1718,5.5179,7.0802
-15.855,5.8113,5.058
-2.485,1.4947,-2.5843
-22.86,3.9552,-2.4856
-15.246,6.3756,5.2187
-15.987,5.9824,4.7533
-4.1683,4.2406,4.8058
-19.736,4.0397,-1.7689
-12.66,7.9269,8.2989
-2.2047,6.0637,-1.2682
-8.6168,11.695,4.0141
-18.626,5.0379,-2.8962
-22.88,8.3915,-0.71453
-12.059,5.939,7.7862
-3.6634,-0.15121,-3.2169
-6.3419,2.2556,0.39909
-17.56,4.8405,1.7771
-8.4722,6.4392,0.43716
-18.224,5.4277,-1.9959
-4.2821,3.4391,-0.95696
-22.191,3.5359,-3.13
-10.776,6.2379,6.5644
-15.026,5.8413,4.8459
-16.984,5.1301,1.6026
-4.4876,3.0555,-1.6863
-20.871,3.0756,-2.7597
-8.5224,4.978,3.858
-19.395,3.2763,-1.2619
-5.5558,5.4365,3.1937
-19.737,-1.1198,-3.5849
-22.092,2.72,-3.5459
-12.574,7.5933,7.3193
-3.9596,2.5073,-3.0916
-7.9609,5.8278,4.0327
-10.025,5.3525,7.8371
-13.83,7.6036,6.0221
-8.8495,6.7588,2.367
-13.138,8.1536,6.2577
-22.608,5.377,-0.092538
-12.035,9.4385,6.5414
-23.853,1.347,-2.9893
-20.705,3.5794,-4.2398
-19.041,4.3563,-2.6124
0.71237,5.0871,-1.73
-5.6108,3.8341,-2.1296
-20.755,3.136,-3.6832
0.57726,-0.29384,-3.7745
-2.4857,3.446,-3.7949
-9.5071,5.4485,4.3193
-14.329,6.8928,6.6846
-8.8546,9.0659,4.0247
-23.622,3.8313,-0.72557
-20.686,2.9432,0.77434
-2.304,2.9644,-2.8499
-15.525,6.2561,3.9878
-8.9702,6.7092,6.0767
-21.446,2.8942,-2.8802
-7.9192,6.5864,4.1995
-4.1538,1.9084,-2.3962
-15.123,6.9403,5.3669
-16.067,6.6541,5.4274
-21.735,3.5072,-3.1368
-1.3292,2.3374,-4.3467
-10.155,4.362,5.7229
-4.5846,4.0208,-0.92865
-18.596,5.139,-0.88959
-1.2567,2.3569,-2.57
-19.552,3.7152,-0.85053
-3.5944,3.4181,-3.2917
-18.84,3.9757,-2.2863
-2.1002,5.9713,1.0583
-12.969,7.9437,6.886
-24.763,4.5065,-3.0632
-23.111,-1.019,-2.185
-8.1919,5.0746,2.5323
-5.7245,3.5816,0.17301
-22.717,2.3065,-4.3868
-6.0334,3.8784,0.30594
-12.322,6.1163,7.4973
-4.1291,4.5812,-2.2001
-16.08,3.9288,-1.6444
-5.8411,4.426,-3.4019
-18.025,4.3362,-2.2681
-7.6221,6.0549,3.565
-8.3838,-0.28156,3.4724
-19.855,3.2402,-2.041
-22.418,3.8104,-3.6004
-9.7128,6.3537,2.4959
-12.463,6.9533,7.1934
-19.615,2.6371,-2.1874
-21.163,3.4451,-3.3181
-2.1702,1.2945,-2.8462
-21.738,2.1883,0.71276
-3.6971,1.5449,-2.1344
-12.917,6.8447,6.3071
-6.2864,4.9007,0.039344
-2.6663,2.4988,-2.6266
-12.121,8.0238,8.1074
-10.178,5.0045,2.7066
-12.739,4.0768,7.8877
-11.388,4.7974,4.1524
-7.4016,6.384,3.3976
-23.914,1.3708,-3.7908
-7.4814,6.4864,0.57859
-16.538,2.3513,-2.6281
-5.7358,6.3723,2.9552
-23.449,7.0842,-1.4212
-14.507,5.7003,4.5181
-6.0312,4.7496,4.0204
-4.4921,4.7556,1.989
-5.3332,6.0583,6.9109
-13.767,6.3501,0.95279
-4.2889,2.5432,-2.658
-6.4527,4.8771,0.65454
-1.3653,2.1879,-3.6216
-16.129,5.5752,0.30186
-11.908,7.4177,5.6571
-16.59,6.325,2.5426
-4.8775,3.3402,-0.54242
-15.062,6.004,6.6301
-5.0738,0.35198,-2.654
-7.6732,10.251,-2.9837
-9.6079,4.8021,7.0328
-8.3888,5.892,5.2684
-11.264,8.2901,6.9248
-20.678,2.7882,-1.7329
-20.04,5.4837,0.63813
-19.534,5.7272,4.7957
-6.5159,3.3642,-0.45334
-13.935,7.2785,6.7233
-7.5761,2.9968,2.7274
-15.854,6.5186,6.1283
-22.085,4.4633,-2.9707
-9.6783,7.0031,5.3167
-5.6136,4.9716,1.434
-11.826,7.8199,4.2076
-3.7093,3.0843,-2.2969
-12.358,7.1937,3.5021
-12.672,0.89485,3.9718
-21.025,2.8462,-3.1991
-17.051,5.3471,5.179
-23.064,1.8959,-3.9866
-18.122,3.689,0.51678
-6.6451,5.1389,0.36972
-8.1788,5.2558,1.3887
-10.337,6.6812,5.4419
-8.6598,5.5491,-1.3624
-14.145,5.3896,5.0038
-3.6836,2.5423,-2.1955
-10.434,7.3034,7.8311
-7.1968,5.0246,4.0857
-6.578,7.7754,-0.42355
-19.063,5.6242,-0.055009
-16.696,5.7514,8.9699
-2.4658,3.1963,-4.4718
-22.103,2.9168,-1.1201
-2.8264,4.0172,-2.3629
-26.201,1.7408,-2.1793
-18.518,7.076,6.2442
-15.741,6.8966,5.0755
0.41228,0.90396,-4.6061
-19.948,-0.88484,-4.3679
-13.516,6.7866,6.6389
-5.534,5.3894,4.4409
-21.002,4.2852,-3.502
-22.894,2.4491,-3.4206
-10.186,4.5178,5.0741
-5.2955,3.4554,-0.92545
-2.1661,2.9203,-5.2907
-10.219,7.0856,5.8739
-18.223,4.479,-3.0548
-18.192,3.4302,0.43391
-12.06,6.1982,0.40697
-10.826,8.1961,6.3301
-2.8599,6.1959,-4.159
-13.074,6.2251,6.5282
-8.8875,7.0541,7.0222
-13.551,4.7562,1.1534
-8.0004,6.7739,2.5117
-5.955,0.685,2.7359
-17.721,4.3902,3.9043
-2.7194,4.3521,-2.892
-10.491,8.5723,4.8139
-4.7619,4.1518,0.93528
-20.27,3.7877,-4.2389
-2.8953,4.3752,0.44545
-11.783,4.9593,7.0526
-16.364,4.0033,2.1487
-6.7044,5.2063,0.088326
-2.3051,6.4981,-1.9504
-7.9914,9.1282,3.8904
-21.396,3.3592,-3.5524
-14.8,5.2912,1.4303
-6.4663,4.9591,0.091194
-10.25,6.0768,4.9155
-3.7814,5.009,-4.8794
-20.811,2.5836,-3.3422
-15.617,6.01,3.9459
-22.922,2.9382,-1.4883
-24.694,5.206,-7.2588
-22.662,3.7285,-3.7614
-10.41,8.0379,3.8994
-4.2606,2.3693,-2.4994
-20.232,3.5045,0.05716
-21.993,2.8811,-3.9238
-6.5618,4.9029,1.2606
-7.4348,5.2041,5.5306
-8.432,6.9044,6.4035
-18.238,4.7609,-0.35787
-17.534,8.8549,6.8634
-9.5378,6.2005,4.5769
-21.384,2.5885,-2.3392
-8.3357,6.8925,7.476
-19.084,1.7245,-5.5429
-16.793,4.4305,2.3743
-11.51,4.4378,5.5922
-13.214,5.7609,7.6299
-4.3153,5.8827,5.074
-9.9608,2.188,5.8382
-2.9038,5.2746,2.7523
-4.7516,5.0241,-1.7525
-8.2891,6.2388,5.0082
-6.4756,11.153,-0.5184
-5.8388,1.7772,-3.1676
-10.85,4.6891,6.2416
-18.17,4.1934,4.4575
-7.2858,4.6025,7.059
-7.2791,4.1979,1.5434
-6.7386,5.4331,1.4102
-4.0273,2.3405,-3.6651
-9.0723,1.7113,2.1385
-2.465,3.6325,-1.2651
-24.165,-0.11472,-2.8253
-17.672,5.7443,2.6533
-20.561,3.4609,-1.7108
-15.728,5.8609,3.6131
-14.19,4.0948,4.7685
-6.2397,3.8551,2.6418
-12.833,6.987,6.8774
-20.83,2.6155,-2.1405
-9.6687,6.3328,8.9985
-12.825,6.5355,4.6543
-15.415,-1.5671,2.342
-22.525,3.6408,-4.051
-16.022,5.423,3.7478
-4.7647,4.068,-1.9838
-11.976,7.3302,6.2349
-12.409,6.8397,6.7004
-14.894,6.4572,8.4474
-8.5438,6.305,7.6546
-19.649,8.9718,-2.0325
-10.305,5.6324,6.947
-8.7921,6.8083,5.1588
-3.3334,6.215,-2.3709
-24.522,1.8926,0.69003
-5.5828,4.2666,-0.50768
-8.4872,6.8901,5.8654
-9.9966,10.514,6.4324
-19.893,4.9277,-4.8768
-15.504,5.7817,4.9421
-1.1462,1.919,-4.0902
-20.232,1.433,-6.039
-18.879,3.3896,-1.3987
-14.067,7.3271,6.325
-3.3765,4.8537,-2.6268
-9.8542,6.6094,5.2253
-2.3606,3.0362,-6.333
-6.7614,6.5935,2.0894
-0.20855,2.9362,-4.5126
-17.528,4.5801,-0.6205
-20.566,6.9365,-1.6122
-12.458,8.3342,7.14
-4.151,0.414,1.1241
-6.6957,5.0915,-1.311
-6.6554,4.6355,1.5188
-12.026,6.9697,6.9889
-17.505,2.6222,-0.61007
-10.396,6.445,5.9416
-15.902,6.6616,4.2307
-1.1746,5.8022,-5.6288
-9.7917,6.2454,6.3106
-4.8691,4.8614,-1.2125
-4.6196,4.5311,-0.76912
-20.911,5.608,0.58338
-11.307,6.3559,4.0006
-13.652,5.5318,6.5885
-21.089,4.5348,0.69837
-11.419,10.584,1.2458
-13.858,7.5212,3.1268
-6.9165,4.5437,2.5575
-18.608,6.5844,-0.39577
-11.65,6.976,4.8497
-22.191,3.1873,3.9605
-6.6498,3.1867,0.60303
-19.446,3.7176,-0.82671
-21.234,2.5509,-0.33176
-14.424,5.768,7.5916
-19.051,4.8042,-0.3036
-21.088,2.2241,-1.44
-7.8251,4.1378,2.5456
-6.1455,3.5879,0.011893
-2.7555,3.7906,-2.9796
-10.937,7.5349,9.5643
-16.831,5.2418,4.6112
-17.904,4.5049,1.1615
-17.099,2.8248,1.5058
-8.1659,8.3589,8.137
-7.9395,7.4823,7.6451
-12.598,9.1119,7.1307
-5.8418,2.779,0.3515
-7.0269,5.3183,3.0837
-9.9067,6.859,6.74
-9.4492,6.9713,5.3794
-6.9195,4.963,3.665
-16.867,10.016,4.5547
-11.291,6.7136,5.2264
-16.242,3.8591,3.3478
-7.8162,6.344,3.5615
-2.7538,2.6483,-3.7959
-4.2226,3.1477,-2.1775
-6.2568,4.7499,-0.76251
-8.5993,6.9732,7.6647
-1.9471,4.0546,-2.1945
-20.827,3.6796,-3.7419
-21.927,2.9341,-2.5545
-16.34,4.3719,2.7672
-5.9719,4.2311,-0.38803
-20.121,2.6035,-1.0513
-4.2114,4.5961,-1.4907
-18.18,5.0501,-1.0904
-2.7552,4.2855,-1.035
-2.7605,3.4841,-0.32117
-18.127,3.8454,-0.6613
-7.8808,4.0904,1.1708
-1.7558,1.5264,-3.7432
-1.5259,2.8922,-2.7061
-23.745,2.769,-0.71868
-1.6368,2.9414,-3.0806
-13.924,5.6963,6.7073
-19.348,4.9757,0.63961
-14.994,6.6596,5.5708
-20.699,5.2125,4.9504
-3.7453,4.2451,-3.6228
-17.148,5.6921,3.2833
-3.4483,0.17649,0.36133
-23.878,4.9811,-5.2323
-16.176,7.7426,3.293
-3.9839,2.1964,0.12627
-5.817,4.828,0.17527
-6.7186,9.4716,5.0506
-6.3313,7.4707,1.0487
-9.8332,6.6598,4.9652
-10.022,5.8181,4.1691
-20.762,2.9044,-1.533
-10.631,6.3513,5.8667
-6.1141,4.3958,0.2324
-9.1901,8.038,2.577
-7.1273,5.0037,0.30987
-7.8988,5.7538,4.6018
-3.0671,2.6747,-2.8376
-18.162,5.0876,-0.36747
-7.2833,5.4298,2.0045
-11.371,5.9507,6.4909
-22.905,3.4116,-4.0946
-15.348,6.7089,6.3594
-21.458,3.2287,-6.3572
-10.346,7.0026,5.7594
-4.8606,4.5366,-1.84
-13.912,6.9217,4.9713
-5.026,0.25941,-1.1359
-9.4468,6.2353,4.2743
-8.9244,7.757,6.5723
-2.1389,1.4514,-2.4958
-1.5597,3.3277,-3.4768
-14.024,6.9427,6.2332
-15.338,6.2117,3.8011
-4.6875,1.5169,-4.202
-22.561,1.8001,-4.0974
-2.2212,2.8886,-1.4266
0.54602,3.2024,-0.88438
-5.682,3.8732,1.8409
-12.498,6.1672,6.264
-8.7473,6.4874,5.1847
-11.906,6.4661,6.3057
-23.091,2.4897,-4.0763
-16.236,6.9728,4.3757
-17.702,1.8094,-2.7648
-7.342,8.0598,-5.6521
-18.869,3.6972,0.29034
-17.069,4.7908,3.4311
-13.749,6.5617,3.1845
-16.249,6.9878,2.5579
-18.837,6.5793,0.67566
-10.29,5.7111,6.0959
-21.606,4.0107,-2.7614
-13.448,6.6545,5.3296
-22.572,2.4874,-2.975
-6.6998,4.3775,1.2073
-6.4808,9.0734,6.9432
-3.5076,3.458,-4.1234
-7.5373,3.6058,2.9457
-16.048,3.4382,1.9735
-20.699,5.8526,-1.3696
-11.838,8.6943,6.1424
-11.492,7.4423,6.3282
-19.711,2.8417,-2.2708
-10.542,9.1296,6.1454
-5.5135,4.6068,2.1652
-5.6389,-3.0912,-2.0819
-12.47,6.3147,9.5437
-4.2119,8.0915,4.5669
-16.241,6.4427,3.2329
-19.858,4.4119,-0.98925
-17.257,5.4727,-0.37599
-22.971,3.507,-4.8271
-20.367,2.0102,-1.9587
-10.84,7.347,7.4396
-7.2819,4.4751,1.8124
-5.6495,1.2184,-0.51393
-16.855,5.7077,2.0973
-18.815,4.714,4.1217
-0.91,2.7613,-5.7886
-7.6329,6.3305,4.1419
-5.3403,1.9058,3.0521
-8.0586,6.7794,2.6535
-6.5542,3.602,0.29134
-7.454,2.691,0.23865
-14.129,4.8832,3.6244
-3.2232,3.4252,0.19796
-12.214,6.2279,6.7902
-11.054,5.9448,7.9768
-15.488,7.1207,5.6867
-4.0192,2.6308,-2.5372
-10.782,7.6511,8.3039
-6.3159,5.2673,1.4722
-19.079,3.0676,-0.68818
-15.488,7.6869,3.8163
-18.333,5.8298,3.0292
-13.442,4.6581,8.4949
-3.3954,2.7595,-4.7322
-23.729,3.2265,-2.5182
-13.315,5.7708,3.2878
-24.065,2.7812,-4.1761
-10.62,5.365,6.0352
-4.1466,2.7358,-1.388
-18.78,3.7422,-2.819
-6.0534,1.8362,-1.1853
-9.9709,6.9459,5.3963
-12.714,6.4385,5.9344
-21.117,3.8195,-3.0597
-17.439,7.202,8.1163
-20.46,5.6694,-3.9219
-13.141,7.18,6.7651
-8.0447,7.1319,2.3315
-18.611,4.2015,-1.7426
-7.7181,3.0971,4.2671
-8.4514,5.7485,3.7763
-15.43,4.0725,2.1099
-11.87,7.2204,6.013
-12.514,9.6884,9.5162
-8.9599,5.5385,3.9111
-7.8334,4.5475,2.4129
-6.1273,3.0711,2.5461
-14.635,6.3043,5.1502
-12.558,7.8271,6.6324
-4.3084,3.5916,-2.165
-15.769,5.9503,7.4308
-7.4649,5.2295,2.1028
-8.1761,4.4349,3.0118
-16.372,4.8674,1.9502
-10.991,6.9101,3.0413
-13.874,6.2723,4.6229
-21.878,5.0568,-4.5978
-21.654,3.4573,-1.9524
-6.3945,6.2007,0.79023
-6.8519,3.875,2.8746
-10.1,6.4395,6.5075
-21.062,2.3292,-2.7772
-21.677,4.1131,-3.1415
-10.301,6.7474,7.2304
-12.779,6.2303,6.1809
-21.485,3.4987,-2.2484
-20.391,4.3274,-1.6785
-4.4323,-0.86857,-2.1578
-6.5647,4.4701,-0.45446
-11.634,9.23,8.1811
-9.8369,6.67,6.0171
-9.9286,2.8776,6.3074
-3.6794,0.65003,-3.9525
-12.083,6.589,7.542
-14.593,5.0845,3.2311
-17.334,5.4627,1.0782
-18.378,2.4496,0.063079
-17.729,4.5128,-6.0229
-17.331,5.401,0.02454
-5.3107,3.8829,1.2773
-20.639,3.3361,-3.226
-15.267,5.4764,5.9812
-19.458,4.6106,-6.1374
-18.633,7.631,-0.22516
-0.19244,2.5495,-6.4878
-2.4647,3.4542,-2.6438
-1.1637,4.4091,-0.31947
-13.108,6.0775,2.2173
-3.5166,3.7155,-1.9619
-20.66,4.2797,0.49289
-6.9305,8.5032,0.55127
-21.725,3.3408,-3.5887
-16.608,3.987,2.3363
-6.2064,3.9882,1.6662
-4.8076,3.503,-2.8686
-13.575,8.6634,4.411
-8.4424,4.2781,3.9709
-20.684,1.778,-5.2939
-19.149,8.3663,-3.9828
-4.2344,3.3396,2.2922
-9.1123,5.0387,2.0115
-3.3239,2.4032,-4.033
-15.317,6.3617,5.0529
-5.0507,-4.8185,-2.2199
-13.868,6.357,6.1292
-7.6537,2.4241,1.2779
-19.561,2.9402,-3.5359
-6.9528,6.0348,2.0805
-21.49,2.7868,-2.2578
-4.431,3.3329,-0.23571
-15.983,1.4053,-2.6608
-10.474,5.4537,5.0702
-21.31,1.423,-5.389
-9.3909,7.0412,6.2569
-8.5489,5.9043,6.2166
-25.347,8.0803,-6.5798
-11.831,6.7176,6.1829
-7.9276,5.6118,2.3341
-9.9139,6.4102,4.2357
-12.38,6.8491,6.4713
-22.438,-0.098697,-0.78583
-6.1658,0.40548,-1.9891
-3.8435,2.7268,0.28727
-18.551,2.2028,-6.8933
-18.643,3.8253,-0.97628
-21.016,1.7624,0.48451
-14.439,5.9378,4.9688
-22.608,5.8229,0.93168
-14.75,6.5952,3.3493
-7.0546,1.6885,0.90837
-9.8766,7.1404,3.0357
-12.881,6.8523,4.4986
-19.181,4.0434,-1.3066
-4.0683,4.4552,-0.60684
-18.786,3.7795,-1.6636
-11.246,6.1526,4.6493
-21.949,3.0034,-2.0196
-10.177,7.1869,3.9514
-8.2964,6.0971,4.2115
-5.957,4.1408,-1.2446
-6.7083,5.2205,1.9523
-13.934,6.6632,6.4066
-8.7933,3.9223,5.1973
-11.792,6.9461,5.3641
-21.156,3.2236,-1.7134
-8.7248,5.6794,4.8762
-13.761,7.7364,5.552
-3.7954,6.1541,-1.8895
-8.5887,5.6472,5.4578
-15.415,7.7428,4.1483
-8.9195,5.7706,4.8014
-6.5912,4.5671,-0.13753
-15.253,7.9349,2.0822
-6.9193,3.5873,5.0292
-19.181,3.8581,-0.06195
-16.593,5.024,3.3344
-9.8115,7.1413,3.9693
-4.0153,5.9045,-3.0835
-16.34,5.1053,4.2255
-18.549,2.8321,-0.30799
-12.831,3.2618,8.9581
-19.425,4.8752,-1.3393
-8.9847,7.0229,7.6826
-5.5459,2.1916,-2.015
-13.64,4.095,7.8127
-3.2404,2.7101,-2.563
-3.7584,5.2903,0.0076106
-1.1943,3.5147,-3.639
-7.4895,6.336,1.5486
-12.11,4.5609,6.6704
-21.172,3.8463,-1.7633
-15.173,7.1402,3.5494
-5.0448,4.3502,-0.32197
-15.006,4.1846,0.9893
-7.0667,4.3954,2.6163
-20.956,1.9322,-4.1852
-5.9743,2.1842,7.4223
-16.195,5.8774,0.84371
-2.566,3.5602,-3.0623
-4.9885,6.2438,4.2331
-14.353,4.9433,1.8534
-14.441,6.4892,6.2397
-19.757,7.1367,-4.64
-10.957,6.8966,6.2967
-11.896,7.7587,6.5578
-6.1358,4.9956,0.073664
-11.051,7.1722,6.687
-8.4329,4.6999,1.7626
-12.281,6.7861,5.9032
-10.022,3.3805,4.5568
-3.7487,1.2213,-4.6313
-18.611,1.8905,-5.9029
-8.481,4.701,5.0146
-2.8671,4.2106,-2.1056
-17.134,5.3443,1.5225
-5.2438,4.0248,0.22028
-8.2112,6.9589,3.799
-10.216,4.331,0.08942
-22.82,2.6258,-0.14037
-7.7765,8.8486,8.3345
-19.687,2.8042,-2.2893
-5.0705,4.5086,-0.92496
-22.262,3.3865,-2.8378
-15.535,6.8277,2.8691
-4.8872,3.5737,-3.4345
-21.236,3.7849,-3.2277
-16.285,5.7548,6.5106
-2.4716,0.17184,-1.6129
0.57142,-0.7828,-1.1749
-17.854,3.5329,0.51386
-3.4461,4.4648,-2.8228
-23.908,3.6861,-5.9673
-9.1876,4.5432,4.9382
-4.5878,3.3952,-1.4642
-11.229,6.9014,6.4661
-5.1616,7.4915,2.4949
-3.9191,0.36856,0.4511
-14.17,7.862,2.6839
-15.004,6.9817,5.9784
-18.416,3.4647,-1.4
-4.7883,2.3508,-1.983
-23.576,0.84048,0.72918
-18.324,6.296,4.5842
0.66144,5.0139,-7.8673
-9.8629,6.341,6.1022
-13.904,7.6118,3.1868
-21.611,2.7123,-1.9252
-15.007,5.1097,5.4743
-10.488,5.8983,0.2116
-4.8729,4.0987,-1.1907
-5.8181,4.8198,4.8551
-6.5811,1.4292,1.4201
-18.856,3.6222,-0.20374
-15.811,6.4333,2.4836
-1.5008,2.3332,0.13904
-17.016,4.7923,0.65474
-7.4949,7.1135,2.2394
-14.005,7.6817,2.6024
-12.38,6.6642,6.7885
-10.966,7.1564,6.4338
-16.749,6.8151,4.716
-7.1334,4.2414,0.72879
-3.4681,2.9755,-4.907
-18.647,7.0704,-2.8454
-13.952,7.7824,7.3121
-13.529,3.8576,4.8355
-17.032,6.126,2.6286
-11.399,3.0645,3.0238
-6.0507,5.7502,2.4127
-0.95665,2.3225,-3.1758
-4.9743,3.0948,-0.56964
-10.095,5.8075,-0.36804
-18.218,3.6658,0.048153
-8.4605,6.9749,6.8607
-12.753,7.1913,5.7244
-14.889,3.3598,2.6941
-7.0886,0.58894,2.1716
-3.7546,3.9165,-0.81867
0.75283,6.8412,-0.15661
-21.859,1.9976,-3.3228
-9.6418,8.4881,4.9847
-17.834,8.0463,4.1822
-3.5729,2.5531,-3.1916
-22.294,3.4392,-1.9793
-16.748,4.8406,8.4685
-10.198,6.125,5.4374
-19.885,0.84498,0.41344
-21.681,3.3303,-5.4836
-6.9955,3.7422,1.2612
-9.4379,7.0301,5.5749
-5.4066,5.4439,2.3648
-10.034,3.7036,4.726
-22.356,3.0547,-2.829
-9.4182,6.4481,4.3488
-23.857,-0.48055,-2.0658
-24.022,1.7603,-4.7489
-15.622,5.067,2.306
-18.42,2.7203,5.9971
-20.303,4.4882,-3.1635
-1.394,-0.75939,-4.4275
-20.892,3.6702,-2.7602
-21.121,3.0798,-2.138
-9.1592,5.99,6.3296
-16.055,5.3788,3.7534
-3.0055,0.6726,-3.0704
-19.248,3.3082,-2.1872
-12.877,3.4038,3.9428
-5.7215,5.8122,-1.7364
-4.9434,0.51056,2.3865
-6.5033,3.4437,2.4995
-13.725,9.7427,6.406
-21.329,-1.3104,-3.2525
-18.802,5.1727,-0.91097
-4.8232,2.5619,0.3907
-5.0667,3.8801,-0.62599
-8.5133,5.6819,7.2797
-15.557,7.4635,4.599
-13.579,3.3651,6.287
-5.4379,5.5559,-0.26153
-21.633,4.2607,-1.6841
-9.641,3.3388,6.667
-21,4.43,-4.2056
-10.399,6.4435,5.3277
-11.824,7.1179,7.4122
-6.9416,4.5473,-1.7076
-11.729,7.5836,11.445
-10.227,9.0545,8.9055
-16.712,5.303,1.8911
-7.2534,4.7373,1.0237
-16.388,5.5271,3.4072
-4.8906,7.5209,7.7978
-10.562,4.2025,4.3999
-6.368,3.6516,-4.9867
-21.967,5.6932,-5.7218
-13.651,6.407,5.2762
-18.949,4.1025,-2.0704
-14.622,6.83,5.5508
-11.264,7.1995,7.697
-15.91,6.1054,4.6072
-15.957,4.0553,0.26849
-5.7848,3.2426,-0.16072
-18.722,4.2791,3.2467
-2.6461,2.4887,-5.6845
-21.699,3.5614,-2.2498
-14.186,4.7433,3.2411
-19.318,5.5002,-0.17764
-9.0947,9.0965,6.1175
-15.162,7.783,4.623
-16.103,5.8004,1.7241
-13.692,6.2506,5.4576
-4.5385,1.1435,-0.073861
-19.569,4.2135,-1.2189
-9.2653,4.5809,4.4631
-21.929,3.4239,-2.8687
-24.007,7.3323,-9.2444
-10.692,7.2542,8.3951
-11.637,6.5494,7.5994
-1.747,3.1732,-1.4496
-11.576,0.91051,2.563
-7.5997,6.0911,8.0316
-16.189,4.7522,1.8976
-10.5,6.9631,7.224
-2.2582,1.1214,-0.81627
-16.095,5.7178,3.6069
-8.8158,7.0145,7.3439
-9.0038,6.262,4.1409
-16.892,5.1698,5.8357
-20.006,6.039,-0.53325
-5.9986,2.85,-0.9523
-23.906,1.6352,-3.1343
-20.123,4.0546,-1.8236
-6.6805,10.233,1.773
-14.782,4.121,5.5554
-1.5067,1.8104,2.0646
-24.999,2.1454,-2.198
-12.434,4.8638,8.9329
-19.807,3.8786,-0.20713
-23.297,3.4504,-3.6371
-17.563,4.5625,2.9173
-11.343,7.3358,7.6155
-20.685,3.755,-2.35
-9.2699,2.5625,9.5647
-17.984,3.8481,-0.43502
-24.462,1.492,-3.4943
-21.914,8.6796,-4.532
-2.76,4.4388,-2.2353
-21.779,3.8133,0.23924
-18.68,1.7338,-5.5142
-2.2993,3.0941,-3.3394
-15.568,3.0664,3.1132
-6.8532,2.7053,0.19492
-14.744,4.1723,3.6823
-16.803,7.035,4.7019
-21.791,0.77045,-4.8317
-6.5146,7.4963,2.1715
-19.149,5.4933,-0.024052
-4.1947,4.9324,2.7253
-11.876,8.2862,4.2332
-14.878,5.657,5.1545
-1.3885,3.0309,-1.436
-21.763,3.3588,-1.0761
-8.9297,5.7109,4.4419
-3.6059,4.8859,-4.4179
-13.569,6.143,6.8133
-8.5225,7.3828,1.9657
-9.7567,7.344,3.0342
-5.4657,2.9283,-1.7687
-19.677,2.0263,-2.7487
-17.426,0.043758,-1.8631
-2.6932,5.0652,-8.936
-11.372,5.9653,4.8281
-19.285,2.4808,-1.5975
-18.324,5.2798,-1.2958
-15.74,3.4594,-4.9533
-16.66,4.4297,4.8273
-18.88,1.176,-4.0424
-16.286,5.141,2.0979
-5.3503,3.5945,6.6874
-15.562,5.6511,4.9919
-9.5892,5.6369,4.438
-2.2823,-1.0843,-0.36543
-15.289,6.1913,2.9242
-6.342,5.7163,0.82469
-11.98,6.321,5.1144
-7.3872,5.2988,3.7658
-10.866,6.3593,5.0591
-9.9588,6.0273,5.0591
-8.657,2.9288,-1.0449
-8.6402,5.4267,5.0682
-5.4572,3.3993,0.55476
-9.4775,4.4412,3.797
-5.7686,2.5055,0.84128
-7.6936,4.5039,1.3824
-11.167,10.191,7.9332
-13.967,6.4464,4.3516
-6.2372,4.4396,0.52727
-5.1813,6.2774,0.65656
-18.941,3.811,-0.47303
-19.565,3.6159,-0.72804
-6.2284,3.6025,-0.88675
-11.165,3.9906,3.637
-22.64,7.1487,4.1672
-7.2361,4.619,0.43251
-1.4576,2.9597,-1.2234
-6.9711,4.8914,1.332
-8.3747,6.8492,9.1941
-11.401,6.5618,6.6909
-4.4809,4.0269,-2.4989
-10.942,4.0626,5.754
-2.9947,2.0671,-2.6748
-11.169,5.1105,5.155
-9.7188,6.417,1.4183
-12.129,7.2206,5.6567
-21.344,1.0771,-4.0521
-22.875,2.8406,-3.4521
-13.03,6.2223,5.889
-9.6166,5.4597,5.2629
-3.4821,3.137,-2.3273
0.57451,4.0393,0.5171
-20.835,3.1891,-4.0901
-12.647,8.0098,6.9919
-9.1282,6.085,2.574
-23.356,-0.52667,-4.7708
-7.5018,5.0035,1.5301
-6.9678,5.1324,1.86
-19.871,3.497,1.8136
-12.557,7.7803,6.6896
-15.649,6.5153,3.8239
-21.309,4.9044,0.15163
-2.3635,3.0401,-4.3182
-2.6615,0.70482,-0.11652
-16.368,5.1009,-0.54503
-13.903,6.2531,6.4661
-5.7515,5.4341,6.0271
-3.9107,8.6972,1.6369
-19.173,3.4797,-0.37647
-4.0921,6.7682,-4.0969
-3.9982,4.7337,-1.5082
-10.12,4.7231,1.549
-1.128,4.5545,1.5044
-8.1536,1.9212,0.46756
-4.2826,4.4954,-1.3496
-7.0057,6.1663,2.822
-4.4009,2.147,-3.6546
-19.201,4.6984,2.3247
-6.4173,5.4052,-0.55513
-9.9971,0.55635,1.8119
-22.858,4.7541,1.3784
-11.068,7.7828,9.472
-14.798,7.7825,5.5003
1.737,5.0582,-0.97108
-9.8949,6.5612,6.3491
-4.531,4.147,-1.9693
-5.7076,4.6679,1.3937
-20.571,2.9129,-3.1178
-19.299,2.7064,-1.6291
-20.48,4.072,-1.3439
-15.958,4.377,-1.649
-18.895,5.8223,-1.458
-9.2577,6.5525,5.107
-1.6331,3.137,-2.5443
-14.616,7.5846,5.6991
-24.483,4.5564,-2.4521
-15.072,8.1356,-1.6982
-6.5029,3.9214,1.4439
-1.9014,3.6525,-1.0016
-14.725,5.567,7.6664
-14.761,5.5837,3.784
-13.758,5.5926,5.0739
-16.274,5.8479,3.6223
-18.945,3.4219,0.63031
-21.284,2.1489,-4.3045
-4.4405,1.3391,-0.537
-7.9406,7.8825,0.98104
-9.0727,6.1184,4.6378
-13.645,5.4208,4.6504
-2.3893,4.3527,-3.3987
-14.885,5.4171,6.1551
-2.1463,2.9029,-3.0282
-19.227,3.2579,-1.1468
-10.321,6.9344,6.0479
-9.6912,5.2666,4.0677
-3.3776,3.6902,-2.718
-2.4396,2.5083,-3.8765
-18.461,-0.27044,-2.4685
-6.7351,3.4359,-5.8619
-13.004,7.606,7.0002
-1.394,3.5542,-4.2718
0.45471,2.1866,-5.4818
-3.5175,3.196,-1.3363
-3.8348,5.2619,2.6804
-21.39,2.4918,-2.6151
-13.19,5.1946,7.2224
-20.007,1.2883,1.2983
-14.577,8.3451,7.4416
-11.927,4.6867,7.8004
-13.77,4.4967,2.6673
-13.55,5.1899,5.2381
-8.4272,5.9305,2.1813
-13.594,7.1236,-4.2552
-20.502,2.4443,-0.88884
-12.578,5.3093,5.7859
-10.109,4.358,1.1525
-14.631,6.4218,5.6327
-23.182,2.8698,-0.18581
-21.627,2.2824,-0.56527
-18.381,1.7066,0.64182
-4.7121,4.2111,-0.55455
-8.0051,6.7641,3.2742
-13.138,7.0231,2.3869
-3.6109,5.3501,-4.3224
-5.4506,4.7011,0.82621
-11.642,7.2853,-0.50194
-9.7796,5.2345,4.2628
-5.5153,9.6538,4.7439
-6.3838,11.127,7.9936
-3.3834,1.8997,2.0919
-11.191,9.1515,7.5811
-8.3734,8.1391,7.3189
-1.0779,3.1066,-2.7623
1.0711,2.4492,-6.0813
-8.0251,6.2349,4.0797
-12.73,6.2457,5.2139
-6.4941,4.1917,2.2439
-8.1743,7.7163,4.6031
-20.16,1.9849,3.9795
-21.511,3.4252,-3.7449
-4.6475,0.266,-5.2063
-1.9954,4.1157,-3.3996
-19.415,1.0358,-6.4767
-15.439,6.8883,6.6842
-17.205,1.9923,0.3922
-20.504,6.9946,-2.3321
-21.799,4.3782,-3.0023
-6.278,4.4793,-1.9146
-8.6596,5.1172,-2.3833
-4.6339,3.078,0.5765
-16.665,4.9994,1.7523
-16.068,5.335,-0.95118
-23.001,1.8966,-3.1213
-11.427,6.8339,4.0889
-1.6566,1.9884,-4.8055
-6.55,5.5892,2.0719
-15.927,4.3128,3.6318
-11.963,6.677,7.6999
-0.2001,2.9266,-0.096132
-16.685,4.8529,1.2832
-6.8134,5.4912,1.4472
-3.4549,2.5042,-2.7821
-17.466,3.1799,-1.7105
-4.505,2.6308,-3.0997
-13.427,5.2387,4.7212
-12.792,6.9744,8.3145
-19.103,4.1954,0.66594
-15.61,9.1956,5.5382
-10.887,2.1021,0.098163
-18.631,1.8969,-2.909
-10.655,6.1044,4.8558
-2.7074,7.0847,1.1019
-18.945,7.5486,-0.33617
-3.369,2.4483,-2.5272
-14.673,6.6713,4.8922
-14.533,7.2809,6.0536
-7.0392,5.0545,7.7669
-15.291,6.6867,7.3743
-6.6271,5.9539,5.2783
-7.8198,2.3868,3.5836
-3.8912,3.2943,-4.8959
-5.9657,5.1079,0.23829
-18.406,2.622,-0.73896
-19.22,3.2335,-2.3383
-7.9627,3.3989,0.48721
-9.0899,5.9127,5.3344
-9.9398,5.4448,5.3528
-19.026,4.9092,0.11218
-5.0446,-0.1923,-1.7304
-6.7091,7.6757,0.93421
-3.9374,3.6313,-2.2591
-6.7069,4.2878,1.5451
-22.803,4.1622,-1.7012
-21.428,3.8426,-1.9012
-3.3052,3.7504,-2.6907
-10.333,8.3046,4.1155
-15.486,5.2942,5.0282
-9.4466,5.7142,7.0439
-7.5874,5.5826,3.7316
-12.249,7.6419,7.7808
0.216,3.5879,-1.4871
-17.353,7.1696,0.6087
-7.3718,4.9888,3.4873
-11.95,7.4819,8.2441
-8.0545,7.3434,2.9939
-5.0511,3.2505,-1.2218
-17.494,4.2815,1.8362
-12.356,7.5946,1.9224
-14.333,7.4195,4.6104
-4.1514,2.6875,-3.3412
-5.6395,4.903,0.21026
-17.548,4.9546,0.59632
-14.638,5.4011,4.1312
-7.4101,0.84753,-4.3945
-24.517,3.963,-2.4391
-11.568,6.5487,6.8861
-15.519,5.1221,3.9061
-8.9177,10.15,5.8464
-4.927,4.0398,-1.3312
-20.193,6.6759,-2.822
-13.339,6.8069,5.4131
-8.7687,4.0469,2.1787
0.89449,1.1092,-1.2099
-10.279,5.8556,6.0851
-18.448,3.2974,-0.28644
-22.786,2.0879,-3.5908
-8.5603,4.5018,2.9407
-7.7314,5.8785,2.3599
-5.9344,4.889,-1.8594
-10.315,7.6749,4.8966
-4.5103,4.7272,1.0432
-11.134,7.3526,6.965
-4.4157,3.3412,-2.4926
-17.238,2.3832,-4.2914
-8.1227,6.2649,7.0882
-20.506,3.3288,-1.1664
-12.111,8.109,8.2029
-22.096,6.9743,-3.4407
-4.5841,2.4658,-1.795
-19.12,4.3329,-1.6563
-19.986,2.8597,-0.76238
-7.9396,4.354,6.2472
-2.8776,3.7005,-2.7302
-11.609,7.3065,6.6748
3.0985,-0.94975,-1.3529
-21.536,1.8907,-3.6248
-7.0985,5.1676,3.0371
-19.148,2.7797,-1.327
-20.397,3.6276,-2.2806
-6.0589,4.1972,6.6749
-10.728,3.0912,-2.2464
-7.9966,5.242,2.819
-9.1251,4.4796,4.6206
-19.417,4.5766,-4.1815
-14.729,6.7784,3.6766
-7.7012,7.0853,1.5645
-9.339,4.4376,2.3051
-9.5222,5.6025,4.896
-8.2506,8.5681,5.6638
-23.476,4.3402,-3.6678
-14.932,4.2853,3.662
-21.365,2.0362,-5.4273
-15.433,5.8358,3.0455
-15.767,6.6728,2.4215
-19.331,2.4927,-1.7374
-8.2512,2.8652,2.11
-18.31,4.0223,2.8332
-14.659,5.132,-2.7571
-11.95,6.2498,5.8756
-9.3592,0.96443,5.803
-3.4321,1.9433,-1.9358
-22.338,2.2981,-3.2168
-7.0227,4.7223,-0.096638
-13.074,7.801,8.26
-12.047,8.9541,7.4098
-21.42,2.8248,-1.3556
-3.1275,0.86888,1.3976
-7.7478,5.0081,2.8817
-4.3241,2.2351,0.72102
-18.073,5.2764,0.91154
-15.606,7.7466,5.8458
0.043584,-0.70264,-4.9619
-17.347,6.2885,2.4555
-14.401,5.5849,5.0172
-18.196,7.9381,5.9743
-7.9265,8.5722,7.7145
-8.9672,6.2341,5.069
-20.504,6.2163,-1.7571
-5.9688,4.0823,0.15937
-8.7084,5.1627,5.5844
-16.628,7.0287,-0.81996
-8.8421,7.1509,3.5461
-4.0239,3.1795,-0.98069
-21.437,4.7762,-3.609
-12.046,6.0702,6.4208
-11.268,6.1022,5.0047
-12.758,6.2731,5.4849
-12.363,6.7297,1.1169
-6.5662,4.5321,2.2644
-10.889,5.3139,5.7419
-20.698,4.2405,-1.9032
-8.5212,5.9477,1.7698
-1.7279,2.6292,-2.9787
-22.637,1.7902,-0.96056
-16.461,5.3357,3.2086
-4.4894,5.426,5.6105
-7.9573,10.885,3.8466
-17.155,6.1259,1.0168
-8.2985,3.0743,0.77533
-11.638,7.7035,8.1816
-22.089,2.7831,-3.1951
-8.7876,6.453,5.2798
-17.479,7.2082,6.5522
-12.209,7.5795,2.725
-11.475,6.7692,6.4821
-2.1584,0.86299,-3.9923
-5.2101,3.6676,-1.0852
-9.1382,6.5319,6.0199
-16.44,5.8517,3.0059
-20.546,2.9175,-3.5828
-7.0546,4.5672,0.51249
-8.1342,7.3471,3.993
-14.451,7.29,6.631
-3.2745,4.1272,-2.9361
-13.089,6.118,5.7347
-7.8025,7.2086,3.3224
-15.401,5.3919,2.833
-17.045,5.6743,1.7524
-2.7589,2.742,-2.1287
-11.49,5.8858,5.4959
-21.901,4.8871,0.36946
-15.29,2.1973,-0.49943
-21.218,2.1946,-0.28357
-14.868,5.3972,0.85116
-17.125,0.79619,-0.58686
-13.018,5.0654,5.1141
-12.387,6.3952,5.1582
-3.0205,3.1582,-3.7409
-7.3821,3.1782,4.4469
-19.439,4.2667,-0.88968
-12.691,5.2289,5.8521
-8.0778,5.3644,3.4772
-20.38,4.1383,-2.3046
-7.9092,4.8732,2.8014
-3.5718,2.8125,-2.525
-4.53,2.0121,-4.3645
-5.1801,4.8088,0.57332
-9.3941,6.5999,6.8077
-11.144,5.6043,5.0418
-12.088,7.5695,6.5849
-11.694,6.7907,3.1086
-2.9142,5.0462,-0.061352
-9.7255,6.1291,4.8814
-6.0762,4.708,0.26996
-6.695,3.8902,-2.2958
-15.679,5.2031,4.6181
-18.963,4.7259,0.28196
-7.3731,4.0807,2.1131
-20.307,5.2383,0.75075
-1.4342,1.4889,-1.139
-20.205,1.3978,-0.42287
-20.06,4.2301,-1.2952
-7.9841,5.3643,3.8894
-20.997,3.3238,-1.4336
-15.915,6.7093,6.6003
-4.308,2.5842,3.0194
-4.9551,3.858,-0.007244
-4.2967,3.9484,6.8174
-14.607,3.7168,4.9273
-12.098,7.1051,6.7699
-13.025,4.7105,2.4151
-8.2534,3.1242,1.1103
-1.7674,2.9074,-2.4929
-20.513,4.9134,-1.4588
-3.5758,4.9488,-1.1266
0.4593,-0.85693,1.0418
-7.8922,2.7578,-3.7841
-19.752,4.0816,-2.2349
-6.0382,8.2834,3.1519
-1.5172,3.2799,-3.3504
-19.484,0.43513,-1.3348
-13.201,7.3296,5.4296
-2.0218,2.9859,1.8447
-6.5084,5.9645,0.74604
-4.1196,4.1097,-2.1192
-8.6566,4.5342,7.7914
-14.518,7.814,6.6623
-20.772,2.3978,-2.3846
-9.834,5.4669,5.7222
-9.9404,4.4655,6.2089
-9.2654,4.2177,5.0813
-12.016,7.2534,6.5477
-13.822,7.3265,0.050648
-6.9563,5.539,1.4853
-2.4152,2.4702,-2.3673
-5.0916,3.2628,-0.13145
-23.144,5.6588,-7.0537
-9.6584,6.5515,4.291
-11.864,6.392,7.5285
-13.479,5.0244,10.713
-20.192,4.8091,1.0805
-18.875,2.2975,-2.2016
-0.95523,6.8994,-3.1237
-14.555,6.2124,4.8111
-5.9875,2.9777,0.27157
-7.8297,5.208,3.0902
-13.458,8.4278,8.8627
-15.515,6.5431,5.2084
-19.539,3.8362,-4.0851
-7.5313,2.2756,-1.5489
-4.8787,4.3894,-1.6135
-23.649,4.3609,-2.4238
-12.784,5.5204,8.4089
-12.049,8.0225,8.4352
-22.991,4.5934,-2.2979
-20.69,2.487,-3.9438
-6.3365,3.5904,0.55997
-17.007,5.0201,3.1635
-11.133,5.4914,2.6786
-9.0756,2.8029,2.5931
-20.113,4.1969,-2.6529
-0.1688,3.5035,-1.9703
-18.138,4.2767,0.57679
-11.403,3.8664,3.1406
-18.569,4.331,-2.7007
-15.182,4.7498,2.6421
-2.4547,3.619,-2.6425
-2.9525,3.5031,-3.2532
-18.945,7.0549,-3.1824
-1.2241,5.5586,0.7629
-15.494,5.8996,-0.88453
-17.558,5.8884,1.3401
-17.687,5.7561,-6.2726
-23.454,3.5705,5.6799
-7.5005,4.4471,6.9599
-13.453,6.3063,6.3845
-12.68,7.4555,6.9913
-15.999,7.2517,4.6718
-11.414,6.2103,7.219
-22.404,1.6953,-2.3381
-7.6867,4.9947,2.2868
-5.86,2.7843,0.08485
-12.975,6.8058,8.0048
-6.1041,7.8546,2.368
-12.561,10.2,5.9491
-19.451,2.473,-0.87218
-3.9248,3.5061,-0.036291
-15.273,8.0601,1.2832
-10.904,5.6,-0.70848
-8.3937,6.2964,3.6177
-23.306,2.3304,-3.6614
-10.385,5.3517,5.6293
-12.601,2.6249,0.10041
-16.594,5.3763,2.0305
-25.477,4.4496,-4.6749
-17.888,7.9308,8.0092
-16.626,6.5086,3.725
-1.616,3.0978,-3.0974
-7.1332,5.5658,6.5862
-20.017,2.7318,-3.9346
-21.742,2.3101,-4.1634
-10.274,5.6686,5.1773
-11.422,7.6661,8.4187
-21.578,2.5536,-2.6465
-6.3357,3.8151,-1.3033
-16.398,5.9412,3.5512
-8.3628,5.2728,3.9599
-9.6365,6.239,4.3654
-7.8111,6.1098,4.7066
-0.21582,7.7973,-4.8691
-1.876,3.6043,-2.953
-12.335,2.5004,5.5033
-8.6232,6.1882,5.4374
-11.018,5.085,4.9072
-20.511,1.2062,0.34906
-12.273,7.0806,12.711
-6.982,4.5115,1.1192
-17.844,4.0317,-1.2615
-4.7733,2.3167,-2.7601
-10.163,7.4431,7.7137
-5.5243,2.6647,-1.5414
-2.6241,3.8024,-1.656
-7.9577,7.8821,-0.4184
-4.4341,1.2123,-0.64386
-8.7466,5.7675,5.9363
-8.8623,1.3131,1.754
-9.2451,6.6011,6.6287
-21.406,3.2165,-1.6709
-6.123,4.7575,0.30161
-21.184,3.0759,-3.1981
-22.307,8.9108,-6.4601
-16.275,4.6053,3.6577
-15.875,6.7779,2.931
-18.711,5.4958,0.6817
-16.545,6.0823,4.2845
-12.895,6.4969,5.3587
-22.016,2.1104,0.27274
-15.98,5.6239,0.54464
-21.815,2.797,-2.34
-19.499,3.6994,-0.25616
-4.3481,2.8643,-1.7533
-21.862,2.9547,-2.4595
-9.5756,6.8861,6.4126
-1.7797,2.778,-2.8177
-2.5728,-0.11953,0.13685
-9.2049,3.1324,10.349
-15.008,6.8626,4.4452
-22.101,2.9844,-2.2869
-1.1205,3.1531,-2.7631
-6.7626,8.2342,6.761
-14.28,6.0989,4.7819
-21.297,3.2191,-1.8034
-22.75,4.9809,5.2224
-21.278,2.4053,-2.4735
-7.2195,3.3925,5.2896
-7.3733,6.2057,3.3029
-3.9743,1.5062,0.36232
-10.107,3.5358,5.0628
-3.3678,4.1948,-1.8929
-18.731,2.7756,-1.7948
-22.524,2.2432,-3.0769
-14.212,6.0112,5.7054
-18.59,3.3527,1.1636
-2.0938,3.2688,-2.4529
-1.8033,2.5964,-4.2436
-11.932,4.7146,1.6537
-6.7093,4.9294,1.7612
-5.5144,4.0889,6.7537
-7.186,6.7299,2.3112
-19.217,1.6089,-2.3223
-4.4773,2.551,-3.2078
-4.7003,5.08,-4.5719
-7.0014,4.8975,1.2099
-1.3587,5.1467,0.25819
-17.09,8.543,2.9852
-4.9586,4.4784,-1.9861
-18.139,3.9884,-0.76458
-15.495,5.4289,3.833
-18.928,7.3643,-2.9921
-18.196,4.2803,0.11012
-4.4131,9.7106,-1.7965
-21.119,2.0985,-6.159
-8.7705,7.2455,4.7438
-2.5327,2.4011,4.743
-7.499,8.6949,2.1968
-7.1899,3.7094,-1.4005
-14.166,6.1993,6.2408
-14.997,6.866,5.3633
-5.3774,4.7201,-3.3195
-7.8069,5.8231,5.5091
-20.362,2.2589,-2.9819
-10.656,6.7632,6.746
-20.599,2.4432,-3.6308
-12.502,6.0719,3.847
-17.096,5.0432,2.4971
-17.438,4.0892,-1.1049
-9.4262,5.5383,6.2543
-4.5366,2.109,-3.0001
-23.414,4.5694,0.99361
-7.6794,6.4143,6.766
-20.447,0.69708,2.4073
-21.842,2.809,-3.7812
-0.89926,3.9322,-2.4352
-1.1274,3.6812,-4.7921
-21.547,2.401,-3.389
-1.8742,3.0208,-0.20024
-0.89334,1.187,-4.3284
-16.396,4.4365,-5.0056
-12.629,5.2876,9.2694
-18.792,6.2034,-0.49534
-1.0605,2.3136,-3.849
-4.1536,2.9819,-2.2441
-11.875,6.6701,-1.5548
0.7327,3.1059,-1.3616
-10.303,7.6946,5.902
-4.3755,2.8981,-0.9473
-14.829,4.228,1.7325
-20.487,5.4602,-0.7422
-9.9383,5.6363,4.9359
-23.275,2.5961,-3.492
-6.905,3.613,0.77867
-11.624,7.0344,4.519
-8.167,5.8659,6.4198
-18.755,3.1412,0.58672
-23.708,1.7445,-0.19155
-4.8611,3.2296,0.54323
-16.406,4.8082,3.9667
-12.299,7.3572,3.6744
-20.593,3.5256,-3.7771
-21.844,2.8882,-1.8415
-21.148,4.129,-3.1806
-18.529,4.771,-4.5285
-11.054,8.4661,8.7637
-10.149,6.5792,7.2009
-2.5922,4.9486,-2.7274
-9.4644,3.968,5.805
-8.2996,6.4554,2.3904
-0.3815,-1.4417,-2.9711
-7.7894,7.0303,9.3302
-11.266,12.856,5.5495
-24.661,2.6902,-3.929
-12.099,8.1653,8.3015
-22.759,5.1018,-2.4189
-6.5605,4.8856,1.0757
-2.359,3.5884,-2.4143
-17.818,3.6632,3.2812
-0.60711,4.2,-3.0376
-14.503,8.5259,4.7782
-18.413,2.117,-4.6792
-16.395,8.0529,1.127
-24.233,1.1641,-4.2258
-12.68,5.2343,1.1734
-13.208,4.145,5.5574
-18.477,4.274,-0.74225
-5.9037,4.7476,1.1154
-21.485,4.8668,-2.8872
-12.237,6.7448,6.9531
-20.817,7.2657,5.9013
-4.8617,2.4336,-1.8849
-13.092,8.8888,4.1084
-11.491,8.1341,7.1904
-12.245,6.3022,5.9859
-19.099,5.0015,-1.9219
-4.1778,3.3062,-2.8862
-14.826,6.6765,1.6728
-16.126,4.5707,-1.9097
-7.3786,6.3253,0.45594
-9.6112,5.9347,5.8153
-19.704,3.458,-2.5395
-18.624,6.5251,-2.6327
-7.7265,1.0003,-1.3884
-6.5225,4.6418,2.6495
-4.7547,4.4132,-1.1365
-13.976,2.1506,6.781
-23.325,1.0244,-2.9149
-8.0748,7.9512,5.1186
-11.023,6.6956,6.8596
-8.4335,6.2382,5.5865
-6.0988,6.5525,-2.3042
-6.5468,1.6579,-4.7898
-19.085,3.7394,-2.0448
-11.028,7.2812,9.988
-21.2,3.224,-4.405
-15.877,7.7459,-0.63217
-0.80977,1.5575,-0.15653
-13.334,5.1837,4.6757
-8.2095,4.5602,9.6756
-22.984,2.9906,-3.5646
-12.214,6.497,5.6474
-2.1625,7.0412,1.7774
-1.0018,3.9519,-6.7035
-16.982,5.2476,1.8713
-22.044,2.6393,-2.8893
-16.278,4.245,8.2581
-6.6385,9.5116,4.4118
-20.338,4.6211,5.3824
-6.6587,0.81915,1.0072
-7.7838,3.4148,9.1162
-6.2583,4.8581,1.6783
-8.5553,6.0287,2.6184
-23.238,-0.84228,-3.0273
-17.52,6.068,2.2146
-5.7073,4.0773,2.33
-20.447,3.1214,-2.8423
-4.432,3.1878,-1.0009
-12.529,6.0318,6.6751
-21.886,2.994,-2.4977
-4.1556,6.2568,2.5551
-5.323,2.1675,2.3678
-21.159,4.9154,-5.1258
-1.0217,3.9994,-2.7203
-7.0124,4.0478,8.1773
-22.578,3.9532,-3.5426
-7.8516,6.2981,4.3514
-16.152,6.7881,2.899
-9.2824,5.8279,6.2031
-21.174,6.1721,2.8728
-0.93476,3.6132,-1.6635
-20.841,2.9827,-1.7279
-13.365,7.4125,6.6448
-11.693,6.8622,3.6479
-21.618,1.8834,-3.8495
-0.65809,2.0038,-0.12906
-19.343,2.0316,-0.13538
-5.3206,4.6384,-5.4118
-6.9259,5.211,1.7589
-5.7443,1.841,-0.88927
-13.721,7.7523,5.6223
-6.4818,5.6557,1.6867
-4.6506,5.5419,1.745
-12.898,7.1404,7.4634
-9.7408,6.5212,6.1753
-6.8385,5.1792,2.0988
-17.928,2.6704,-1.4378
-9.1629,5.8378,2.2324
-20.078,3.4299,-1.0534
-16.767,4.9427,2.6405
-7.3198,5.7086,4.9326
-18.927,4.5917,-2.0899
-12.369,2.4556,6.0187
-3.1244,1.1521,-4.703
-4.9622,4.7048,0.41496
-17.699,4.9025,1.7096
-7.5921,6.3787,1.6942
-13.022,7.1667,5.9316
-14.477,6.7848,4.6641
-4.2843,3.2207,-3.9401
-23.9,-0.35099,0.369
-3.9433,3.0252,-0.94889
-9.9455,4.5657,3.7725
-4.7475,5.8656,-0.092711
-2.4425,7.8385,-1.4764
-11.81,7.0757,5.2926
-5.9797,3.1994,0.8699
-7.0212,3.0924,1.0087
-21.317,2.8473,-2.8956
-3.0872,1.4815,1.4205
-7.1017,5.5395,1.4883
-21.588,0.97574,4.5003
-16.353,8.3974,4.3774
-12.633,6.5612,6.8639
-0.047531,4.9359,-5.1479
-17.298,7.3334,2.2955
-19.17,6.8533,-0.39947
-6.1167,5.3978,2.6105
-20.312,4.2731,2.6439
-1.8036,1.5377,-1.2633
-9.5821,6.5951,5.8707
-9.0966,7.3373,5.7292
-8.0611,5.0779,0.71236
-5.6134,1.9752,2.685
-4.003,3.0233,-3.2163
-20.967,2.6633,-2.2988
-8.6844,6.0193,4.4813
-17.027,-1.9399,3.1211
-8.4406,11.44,8.8633
-5.5775,3.2495,-1.6249
-10.351,5.4555,7.5535
-21.632,2.9511,-1.7804
-5.3544,4.0729,0.4712
-15.037,5.4873,4.4223
-16.913,4.5503,2.0187
-13.41,6.3023,5.0659
-21.141,4.251,-3.7088
-17.351,3.8049,2.9435
-15.903,4.8649,2.567
-19.233,2.8547,0.55016
-4.4426,4.0388,0.44153
-12.159,7.9763,0.6055
-26.703,4.226,-6.8878
-23.628,2.8133,-4.3099
-22.871,-1.054,-4.4929
-16.033,6.6706,6.4543
-13.395,4.5619,5.494
-15.191,6.3364,4.4793
-21.506,3.846,-2.7749
-16.946,5.9599,3.6482
-18.072,2.0374,0.11835
-5.6924,4.2079,-3.4854
-5.6574,10.739,11.597
-6.9578,5.1509,1.6869
-20.403,-0.10369,0.2842
-6.5042,10.885,4.8862
-10.485,7.5905,7.5584
-22.956,4.0321,-2.1551
-19.782,3.0923,-0.97522
-5.3155,4.6418,0.1291
-4.5968,5.29,-6.487
-12.678,7.1409,4.9927
-20.011,3.1642,-1.074
-21.876,3.1668,2.3292
-22.311,6.9503,-4.8126
-24.478,-0.10622,-4.7794
-8.8229,8.0243,6.8769
-10.747,7.2766,3.3496
-3.0033,7.1177,-1.0528
-4.0429,1.0155,-3.9187
-2.6261,2.2729,-3.6283
-9.2778,6.7602,4.2628
-19.619,2.5663,-1.3568
-1.1868,-2.2491,4.7473
-3.0085,0.27908,-4.6275
-8.1115,6.1579,5.0456
-14.687,6.828,5.347
-20.14,6.5588,1.7828
-14.729,6.523,5.481
-8.7165,5.1478,3.2856
-22.061,3.0442,-3.3528
-6.1727,4.5748,0.60156
-14.654,9.6824,3.8681
-17.008,8.2683,5.3849
-0.92896,2.3272,-2.665
-14.27,5.3003,3.7247
-10.37,6.5656,5.6554
-12.14,7.2657,3.4204
-12.726,4.8245,5.0242
-3.4595,0.81408,-3.0287
-19.798,4.1794,0.42646
-7.2804,5.5145,-2.8017
-21.399,3.9678,-2.861
-15.862,5.5519,3.7777
-7.1964,4.2545,1.3174
-9.9084,6.2696,5.7174
-3.9173,4.3238,-0.30942
-10.699,7.9138,5.428
-15.425,4.751,4.8784
-11.16,7.3782,3.7182
-12.018,10.232,6.6316
-6.1446,4.1668,0.24733
-18.191,5.4515,1.9828
-13.94,9.2458,1.5613
-23.281,6.1612,1.257
-1.9688,2.1459,-1.1686
-14.025,6.0319,3.6756
-16.071,5.7783,2.8186
-7.6886,6.9705,-0.037811
-8.3985,4.8122,3.1173
-13.583,7.1273,6.9824
-21.535,5.3969,-2.7652
-8.3773,7.6185,-0.028265
-20.704,5.2074,2.6753
-5.2474,3.532,0.17551
-11.413,6.1253,4.2953
-5.8356,5.763,3.8812
-20.462,5.1479,-0.35645
-18.069,4.266,-0.67597
-21.24,4.3634,-1.7855
-19.699,2.67,-2.8467
-5.3366,3.0141,-4.6117
-16.734,5.6186,3.2984
-16.369,4.609,5.3607
-19.556,4.1879,-1.0005
-7.7101,2.1896,2.9274
-16.598,5.9263,4.2509
-10.528,6.9924,6.1189
-7.6492,4.944,3.3413
-18.768,4.6462,-1.6742
-19.67,9.3798,6.7922
-15.8,4.9048,2.3188
-7.6073,6.9814,1.5113
-16.731,5.8212,6.3139
-15.539,7.099,4.6134
-10.766,6.8582,6.9756
-14.422,5.9023,4.2833
-11.2,8.1737,6.5195
-9.1319,5.5431,4.2654
-7.5897,3.9888,4.7441
-12.433,7.6784,8.7959
-24.2,3.2686,-1.3729
-19.352,3.2207,-0.99866
-13.783,6.1845,8.0927
-24.096,6.9573,2.1111
-19.107,4.1756,-1.2222
-17.577,5.2591,4.0212
-7.3581,3.8989,-0.54768
-16.104,4.973,-3.6834
-8.4172,8.091,5.5199
-5.0915,3.6081,-4.8298
-15.555,6.508,4.0704
-18.861,2.922,-1.736
-4.1591,6.1923,-0.63721
-10.687,6.3872,4.4018
-9.5855,4.8288,0.42417
-18.867,5.1354,-0.55503
-13.229,7.8176,2.0892
-12.611,6.4658,7.7834
-19.343,3.0234,-2.3694
-14.567,0.94325,0.8813
-18.412,4.4605,-1.3415
-6.1854,4.7365,1.7109
-3.8093,1.3112,-2.952
-14.375,14.921,-19.854
-17.784,0.090979,1.4748
-13.068,17.8,10.271
1.0864,5.4292,-21.654
3.811,-13.142,-1.5728
-19.65,-14.584,23.24
-17.666,2.4305,-7.7333
-18.998,-21.451,-14.242
-29.914,-3.8935,-12.049
-27.572,19.398,-4.9752
-17.373,18.038,-27.038
-8.0254,-22.565,14.076
-14.652,-21.937,-10.798
-0.15446,2.7057,-18.731
-19.819,7.647,-13.982
-15.464,13.138,10.88
-28.932,-21.241,1.5724
-29.637,-10.942,8.8402
-7.3465,-16.885,-14.129
11.188,-16.775,-25.617
-16.892,-19.247,23.142
-15.698,-30.784,5.9796
-28.416,7.0375,-10.502
-33.164,-16.756,20.061
9.9089,8.2874,22.092
-24.701,-0.79271,-13.081
-14.487,-25.827,4.75
8.7916,-15.176,-22.937
-9.5808,-24.84,-7.335
5.9646,-5.2664,-12.613
-27.834,5.5104,8.8255
-11.463,0.57094,10.863
10.663,9.9724,-4.7749
-29.294,-19.907,22.034
-29.081,-12.163,24.957
-2.305,-15.508,-26.201
5.726,12.2,2.1352
-9.3293,-2.6516,-2.4499
4.1289,-7.8863,-2.1786
-26.936,-10.884,-5.3392
-13.563,5.492,2.8998
-13.628,-4.7695,28.03
9.7874,-8.7905,-17.845
-31.975,-18.197,0.44039
-7.4418,-19.952,19.389
-10.976,0.50917,-11.668
-20.827,-30.061,19.723
-12.289,0.80473,-10.38
-30.239,15.866,-7.9708
3.5985,-18.408,-17.125
-15.417,-14.911,1.0302
4.9357,-19.894,23.096
-31.344,-7.3567,27.071
-4.1871,-11.84,-4.1508
-24.081,-12.77,-26.29
-3.6659,-4.688,11.87
-22.871,-9.7104,11.182
12.023,3.9568,-23.588
-23.176,-6.025,6.1907
-28.223,-4.9379,24.623
-33.626,-3.1994,10.745
-18.645,6.9895,-9.9321
10.679,17.237,5.2011
-19.217,5.7783,23.532
-7.5829,18.215,10.38
-20.958,-2.2225,-20.713
4.0231,14.723,19.713
6.9385,2.0412,24.93
-29.009,-13.32,23.391
-16.529,-21.395,1.8593
4.9287,-9.7377,20.593
-19.059,6.7016,-20.719
-14.597,8.8499,8.0341
-9.4102,9.1081,26.056
-11.975,14.139,-1.4262
8.3942,-2.2128,-15.382
3.9788,19.211,10.964
3.166,-16.842,-12.114
-32.152,12.533,22.196
-11.791,-13.191,-15.669
10.53,-22.769,-22.78
9.1003,-1.8087,23.436
-18.988,-8.8552,-15.205
1.81,-15.684,-20.101
-33.735,-6.6799,-4.4587
-26.8,15.784,10.379
-15.557,1.8309,15.927
-24.556,15.501,14.531
8.3294,-5.4164,-27.042
-6.1274,17.038,8.2513
-26.272,-29.351,-22.908
-8.2683,8.5985,4.045
-6.06,10.727,-18.927
4.9944,4.6542,20.982
11.356,-8.459,-22.701
-26,-20.434,-11.085
-20.762,10.862,-5.9599
-3.4321,10.151,10.555
-7.9688,-2.1723,-6.5694
-11.674,17.339,-11.968
6.4528,-29.976,15.323
-11.758,-17.539,10.424
-24.466,-9.3784,-14.738
2.4225,-1.6034,-1.6465
8.7066,-14.271,25.85
-29.483,9.6428,1.6028
-11.582,-2.4752,9.0514
-31.838,-21.407,-1.464
9.2574,11.054,18.504
-22.694,-14.231,23.002
-9.6007,-13.997,7.6343
-2.5496,1.8326,16.784
6.2091,-10.114,1.6832
6.9743,6.1315,13.731
-11.964,2.7901,-23.981
-21.59,-27.072,-8.0111
-20.571,-11.815,-21.48
-26.427,-15.097,-23.219
-2.8445,-16.685,-25.948
-16.674,-30.046,8.7639
-14.235,19.202,-18.654
6.2817,-10.766,10.231
4.5405,6.4494,-25.19
-21.585,-6.1749,-14.586
-22.156,-3.0632,-2.1544
-4.38,5.6086,15.275
-33.356,-9.5276,-8.9293
-9.4027,-13.14,-18.779
-16.884,-18.483,-24.41
2.6678,19.02,-22.614
5.1451,11.417,-19.322
-28.419,-15.886,-1.0093
-0.64403,18.046,2.3946
-6.7465,-11.158,21.131
-7.348,7.944,22.352
-0.96537,3.7929,-22.32
5.2268,14.969,-12.038
-30.53,-16.87,8.782
-32.49,5.6242,-11.681
-32.685,6.4095,-19.308
-31.76,1.6619,-7.2518
-11.484,0.92559,21.135
-33.466,18.602,-19.777
-15.536,-21.81,14.016
-13.687,14.765,4.9289
9.2629,-30.246,12.507
-28.925,18.818,19.783
6.2355,-1.455,-15.578
10.612,-0.97937,27.885
-23.539,-25.081,-26.572
9.5118,-22.297,-23.859
-15.488,-14.415,8.7861
-28.241,-2.2575,-10.974
-11.612,-17.107,11.226
-3.0646,-0.94829,-6.7111
-22.771,0.2879,-13.847
-2.1286,16.346,20.962
-7.5607,-11.648,-21.807
-20.868,-30.616,22.224
11.56,2.3719,4.4598
-8.895,-19.955,-13.217
-25.185,-5.2869,27.038
-7.0609,-2.7991,-23.82
-29.295,-13.663,-7.1934
10.586,-3.39,4.3572
-16.62,-8.4805,-10.621
11.48,-1.4609,2.3455
-20.557,13.305,23.788
-29.544,-11.296,15.295
-31.39,8.6751,26.415
11.85,-18.684,-24.501
-30.59,-0.18647,10.617
5.8549,14.149,19.971
-13.086,7.0033,-12.114
-8.2626,-10.144,-4.9916
-33.182,-2.6737,23.338
-31.768,4.5991,5.4101
-29.061,-22.559,16.551
-27.949,-16.714,-18.338
-12.499,-7.1419,22.284
11.831,9.0172,-2.0326
-10.866,-18.851,-24.928
-18.846,-19.347,-0.089356
-30.667,-10.019,0.74573
-25.046,-7.256,21.833
-5.5861,-28.529,-13.749
-2.8937,-29.285,15.546
-26.023,-29.56,16.319
-28.812,-7.885,-14.635
-4.6367,-23.89,28.189
-32.954,-23.528,20.454
-30.409,6.0312,-21.767
-29.026,-21.979,-13.16
-7.0055,-3.156,4.8192
-23.996,9.147,24.154
7.6682,-11.583,-8.9485
-20.639,2.1619,15.643
-5.8239,14.307,-19.372
-27.285,-18.702,26.703
3.8604,7.5965,10.354
-4.7247,15.99,-3.1925
3.4122,-27.467,8.768
-13.683,9.5658,-13.969
10.796,-25.062,20.063
-27.2,-21.91,10.263
2.9564,-15.396,-15.239
-0.76496,11.966,5.0874
-28.997,2.094,9.8479
-17.621,2.2367,-3.7683
-31.393,-18.79,6.0008
-20.145,-27.497,-24.355
-8.3239,13.714,26.543
-30.261,17.515,19.731
-22.441,19.305,-26.647
-26.686,-21.316,-7.4296
-9.6633,-15.956,7.4557
-28.344,-1.1498,26.048
-2.6036,-19.071,-2.2885
-2.4345,10.837,4.5415
-29.538,-17.435,-18.892
0.72501,-10.753,2.3414
-6.872,12.118,-24.376
-4.0541,-2.1949,11.82
-11.105,14.176,9.1537
-23.751,-4.8648,-9.4603
-17.188,-20.349,18.587
9.6768,-8.8028,2.5353
-1.5001,3.824,24.501
9.4316,-28.208,25.778
-18.224,11.856,19.404
-31.686,-27.412,-6.9877
-4.7872,-8.4521,-12.028
-0.2422,-26.602,9.3113
-14.431,-15.99,9.9964
-15.152,17.847,20.719
-23.531,-20.635,-7.9777
2.7423,-10.499,-17.066
-19.547,-10.357,-25.673
-24.592,-26.154,7.9581
-21.408,-19.718,18.804
6.3522,-30.304,-12.864
-20.455,-29.049,17.31
11.111,-9.7969,17.294
1.1151,-0.74617,6.9043
-9.4179,-14.494,-11.076
-9.2142,-15.43,-3.2914
6.2572,-7.4927,-17.556
7.6993,-20.899,-1.8087
-3.5982,-30.599,3.8342
-6.8381,-29.459,20.547
-22.343,5.1121,23.966
-22.244,16.218,-6.5644
-15.412,-14.852,1.9856
-32.148,-2.5505,4.4346
-23.004,7.5876,25.631
-10.484,-20.56,-13.87
5.9913,-27.29,24.284
-9.3544,-2.3907,16.375
-28.718,-21.876,15.741
-14.947,-14.137,-8.1328
-24.233,-16.184,14.712
-30.632,-3.1204,1.703
-17.71,16.931,-5.3471
12.281,13.126,-8.1445
-30.852,0.11557,-17.614
-15.259,-2.2415,17.502
-16.812,-5.7359,-19.162
-25.403,-3.5246,8.1049
-11.881,1.8527,-1.8212
1.4234,-24.39,27.355
-10.128,-22.936,-20.109
5.6145,13.548,19.456
-27.291,3.6073,5.3046
0.44076,-29.697,-25.816
-9.6495,8.4953,20.172
3.3593,-22.292,19.232
-27.481,-18.464,15.257
7.5477,-22.365,21.649
-12.198,12.015,2.7639
-20.385,-3.8162,26.4
-21.648,-16.856,-0.66359
2.047,-6.8763,6.032
-18.391,4.1758,18.638
-12.991,-20.217,3.3277
-9.6031,11.933,-6.0518
-7.0246,0.52318,24.566
-27.813,0.98492,1.9903
-33.697,11.063,-9.518
-27.141,3.1581,1.3204
-30.805,-1.2909,-11.912
-33.576,-0.72197,21.686
4.2599,7.7208,-13.008
-2.9291,10.306,26.738
-1.8578,1.8311,22.933
-12.795,-26.823,9.9016
-20.891,-9.5677,-0.96081
-21.524,-2.9553,11.381
3.9526,11.14,-13.375
9.8052,-26.781,-13.567
-8.258,10.95,8.5263
4.5032,6.5973,-2.6495
-3.5877,13.248,3.2541
-15.213,-25.666,-26.472
-15.931,-29.724,21.619
11.01,6.8772,20.107
-22.743,-28.756,16.25
-8.9835,18.615,-14.263
7.4179,8.3156,17.607
-1.6688,9.7295,23.724
-12.156,-9.4123,12.692
-17.067,-4.6938,-7.3167
-26.239,-7.611,-8.3042
7.4214,17.943,-5.1204
-14.271,-18.351,-1.0714
3.0088,15.411,12.576
10.813,11.335,-26.374
-32.633,-18.033,19.162
6.6164,19.406,-21.11
-28.056,-15.889,-8.6951
-8.4184,16.443,-20.116
-0.92292,10.518,-10.368
-18.44,12.434,2.7128
-19.092,-0.59682,-1.218
-29.294,15.688,12.896
-19.005,18.446,-4.9406
-20.896,1.6023,-7.6303
-28.346,-1.3713,7.5965
-32.872,-15.367,18.916
-33.471,-0.078615,-12.079
-3.8194,-16.241,13.761
11.86,-6.8545,-14.194
-20.468,-27.493,21.886
-8.8618,14.191,15.549
12.279,-24.701,18.894
7.9033,8.8547,-6.0657
-5.9591,-22.354,11.688
-23.53,-17.922,27.864
-8.1386,-26.063,14.284
10.371,3.984,-14.885
1.8017,2.769,25.362
3.6226,-16.903,-6.2727
0.011562,15.905,-5.9091
-16.468,0.95715,0.39503
-24.143,15.07,11.353
-21.895,4.1008,-20.682
6.5818,-11.988,17.683
-15.239,-8.8163,13.163
-13.032,8.6693,16.031
-3.1977,3.8608,16.678
-18.516,-9.8642,14.229
8.7339,1.2368,18.375
-19.602,14.598,19.551
-23.389,10.981,27.146
-13.112,-26.403,26.98
-4.7497,6.9064,-16.789
-18.273,-18.635,15.168
-2.6103,-27.792,18.418
-5.7714,-28.53,-1.5176
-2.6049,-30.723,14.77
-5.9142,-23.387,15.717
-16.733,1.8799,-13.137
-17.958,-1.9001,5.7229
-8.3982,-25.762,21.815
-24.967,-14.876,20.139
-22.442,-26.365,21.297
-20.652,-14.18,13.763
11.251,-5.6602,-14.233
-23.689,13.219,-7.9934
-12.033,6.1699,-23.301
-20.783,-4.7338,8.7295
9.7375,-30.408,16.168
8.1545,-8.6523,-2.3339
-5.6965,17.75,-4.0163
-9.0124,-27.565,-9.5481
-17.185,-17.494,-8.7513
-23.015,-14.153,18.751
-19.952,-30.167,-14.345
-24.755,-29.677,17.694
-12.95,17.624,-5.4506
7.3431,-17.226,8.3789
-30.859,-26.456,7.9996
-12.769,-16.15,19.92
-11.941,-9.4399,5.7213
-4.1397,-7.6557,25.967
-21.302,-9.4059,17.989
-31.801,-23.406,8.3093
2.0908,-6.7723,-5.4283
1.4305,-13.448,20.995
-18.586,-28.024,-15.506
2.2901,-10.652,15.305
-8.0551,-11.926,10.409
5.8186,5.1749,-11.031
1.8487,3.2883,3.0798
-21.368,-16.297,1.3576
-2.5902,7.8315,-12.27
-5.9565,-11.738,20.207
-9.267,-19.829,-4.8132
0.061481,-20.875,-17.136
7.3007,15.947,26.683
-3.3227,1.2942,1.6198
-20.687,-14.235,-1.9103
-19.702,13.79,21.503
1.0026,-21.557,13.46
-9.6635,3.7573,10.214
-9.902,5.4291,20.356
9.7687,8.5201,2.5625
-28.284,6.7795,-4.812
-10.337,13.411,6.4435
-30.76,0.77958,-10.056
11.966,10.456,10.287
-8.5018,-22.326,-3.6503
6.578,-4.999,2.9816
4.8626,-7.458,14.933
4.7242,-20.966,-22.028
9.7072,-28.071,-26.056
2.7988,-20.706,-23.011
-15.758,18.285,-0.9881
-10.12,-23.824,23.836
-15.187,-10.117,3.996
-8.6049,-12.849,-2.9436
0.96656,16.426,-7.9105
-19.425,-0.92178,16.125
-19.687,-11.433,-13.545
-13.973,-3.4627,-17.684
-11.122,-14.135,16.507
0.082199,-4.1837,10.249
11.507,-27.628,-22.368
-7.8768,-24.69,-19.915
8.2869,15.788,2.6078
0.90492,5.6055,25.088
-1.4719,-3.7451,4.1135
7.4014,3.4935,-8.5616
-7.5163,-24.146,19.158
-7.9133,-23.539,-5.7629
-14.854,-0.78204,-5.7196
-9.9161,0.29583,11.781
-15.569,-0.50966,24.526
-12.876,12.053,-6.8259
-21.33,-24.037,14.422
-0.58688,-20.686,-18.199
-21.998,-29.83,-22.861
-1.939,-13.565,21.515
-7.006,-3.1919,-13.196
-26.35,7.4961,1.2191
-0.38878,-29.766,-26.521
-25.829,-15.997,-20.483
-1.4795,17.932,-13.735
-13.507,-23.654,2.9997
-32.969,-6.5885,-6.7887
-9.759,16.356,-18.112
-26.438,0.71463,10.727
-26.315,-15.449,8.7776
-27.316,-0.044708,-1.9343
-6.8542,-5.0544,16.679
-27.271,-7.5462,20.919
4.4941,-2.4377,-26.511
10.311,10.117,9.0921
-15.19,-9.1062,-12.082
-8.5432,-21.758,20.718
-6.8962,-20.512,6.6383
-16.765,15.059,2.4602
-15.062,-30.061,4.3601
-9.9665,-29.824,27.731
1.9018,2.4203,10.005
1.128,-25.874,-3.8926
-6.5801,11.176,-1.6009
-9.2005,11.762,26.224
-11.522,-7.5272,1.498
3.8118,-12.038,24.263
-3.6386,-12.252,-5.1001
-25.657,16.777,-20.019
0.3159,-0.58775,14.43
-8.2449,-26.018,-4.6427
-16.27,-18.968,21.622
-1.3205,-19.123,18.191
1.6451,-29.58,17.2
-22.628,16.317,8.0742
-19.195,-15.133,-5.1501
-1.0235,-28.834,6.0763
0.80816,-21.321,-24.202
-6.4655,-18.129,-27.036
-10.785,-18.033,20.95
-11.306,-16.632,-17.513
6.8294,-1.684,10.091
8.2318,-8.7685,1.2602
-10.881,14.64,22.813
-11.55,-19.185,4.4409
-32.412,-27.692,13.362
7.4317,-4.6684,-0.69058
-31.013,4.5072,6.5873
-23.17,-4.9865,-9.578
-15.274,-15.523,-12.197
-5.3566,16.739,-12.129
-1.462,-19.474,-26.666
-0.67254,-12.868,15.814
-32.913,0.2081,11.871
-24.938,16.238,-6.3303
-10.172,16.578,20.453
-14.918,-19.022,-22.216
4.2971,-19.519,-17.148
-7.5402,-11.113,0.10321
2.5807,15.169,11.257
-2.7943,-10.192,7.943
-18.05,17.692,11.171
-13.548,-25.752,-14.113
1.5865,-11.427,17.858
-5.1649,-11.921,11.123
-16.791,-0.25235,10.338
-14.577,-15.458,-12.103
-11.189,-30.145,-4.6773
4.156,-20.23,7.9921
-21.74,-28.795,-15.101
-3.4382,-9.6171,6.3087
6.1608,-12.483,4.091
-29.79,-1.3209,-22.461
-16.884,-25.618,-22.18
-24.532,10.766,17.507
-22.431,-12.266,0.61319
-25.399,17.734,15.639
-29.279,15.395,1.6236
0.035569,-23.886,-25.957
-5.2064,-22.209,19.427
-31.5,0.58628,8.4139
1.0506,-8.2524,14.853
-28.886,11.509,-17.222
-3.0733,-13.861,-12.882
-22.931,-16.415,-3.7846
-19.189,0.89502,-1.1619
-22.655,5.1513,-0.39069
1.1966,16.278,12.679
-27.193,-15.936,25.964
-7.0107,-7.4589,15.248
-1.3245,-10.785,-17.378
-15.502,-17.598,1.1545
-4.6502,-10.673,20.434
8.0972,13.668,10.589
4.1878,-10.98,-6.5216
-32.319,7.8777,-23.264
-17.555,-30.402,7.7947
1.7147,7.2961,9.073
-4.7485,-14.722,2.4131
-9.5409,-16.402,4.2737
3.3805,8.6117,14.696
-31.899,-28.8,-13.312
-19.493,13.837,-18.782
-31.967,-22.708,21.366
-19.8,-19.733,-15.937
-7.4352,-16.197,0.75467
10.9,12.026,1.5163
-14.741,-10.019,25.148
-15.28,-21.146,3.2135
-4.0695,-2.4937,20.429
-15.895,-24.357,-1.6314
-11.141,18.708,21.739
-9.8263,18.321,22.893
-27.628,-27.774,-7.3643
-29.434,19.023,0.061142
-16.417,-12.515,-24.976
-24.397,-25.406,13.641
-2.5157,-10.916,3.5325
-8.0847,-29.323,-9.1176
-2.2484,17.637,-13.169
9.7485,-19.977,22.984
-27.212,-30.22,11.227
-21.012,-23.713,6.6932
12.562,-30.794,-9.3585
5.9781,-4.8351,-7.2142
10.351,-13.649,17.124
-16.665,-9.7356,-20.92
-9.7497,6.879,-20.53
-10.89,-15.237,3.4875
-15.127,-28.172,20.891
-17.499,7.9922,-13.983
-24.62,-14.627,26.594
-21.067,-17.393,19.388
-5.199,3.4943,1.9733
-7.6455,-16.849,-6.1391
3.2054,-17.672,-5.3693
-33.325,-2.2109,-6.3662
-7.1123,7.5667,1.9311
-25.083,0.55524,1.4546
-22.319,-7.8522,15.981
-15.137,-4.1009,27.855
6.0526,-5.3947,8.1365
9.6759,-16.838,-17.61
-18.065,-23.163,26.34
-11.318,13.332,18.838
-10.544,-10.101,2.6195
11.177,1.747,-23.383
-11.198,-9.1238,20.991
0.95396,9.8404,-0.32876
4.9353,-11.292,17.722
-22.363,10.337,-16.042
7.4014,10.235,7.1095
-3.5572,-13.327,26.49
-9.46,-7.0679,20.906
11.551,-2.6878,-1.6567
-31.642,-29.072,11.066
11.559,-2.8682,-2.7669
-24.383,-16.579,-9.694
-24.374,15.291,-8.0628
-5.203,-28.487,0.79921
-27.032,5.136,13.696
-10.812,-10.829,-6.9055
1.5049,17.845,15.601
2.4651,-4.7835,0.42757
-11.207,-18.821,-9.5045
-11.926,-8.1081,-16.088
-2.9669,-5.5246,15.003
-6.9374,2.9618,-11.773
-3.8316,-17.417,24.24
-16.453,9.9648,-6.0154
5.868,-20.161,-3.329
-5.3269,-27.364,0.96365
-17.217,-15.216,-7.9564
-28.435,-27.024,-1.4318
-18.066,2.6774,22.464
-22.654,-25.896,20.267
4.8961,15.417,20.417
2.6862,17.579,6.7381
3.811,4.5458,-21.718
-2.925,4.7565,-25.421
-1.4886,-29.221,8.8336
11.698,-17.234,-1.5785
11.387,-27.98,-22.877
0.34562,-15.381,-16.376
-28.624,2.2863,-5.7903
-5.6878,-11.715,4.1333
-18.003,-29.044,-22.763
-11.54,0.13365,-12.782
4.9566,-31.003,-19.177
12.369,-4.1259,-21.714
9.6707,-1.6463,3.1975
11.783,13.62,-4.6845
-3.0503,-4.3104,13.116
7.6062,-23.216,-18.961
-2.4931,-18.722,-15.894
-23.758,-24.414,24.455
-25.282,15.189,-15.188
-21.418,-4.2545,16.181
12.072,-15.766,1.5915
-31.639,15.4,-3.6179
-6.1059,8.0345,-2.3229
-13.952,8.9842,-14.042
6.3207,13.426,-24.112
-17.907,-12.087,-6.7356
-26.942,-26.82,13.065
-2.1962,-26.99,-23.415
-27.223,-8.9981,-6.5508
-6.84,-11.28,-27.027
-26.535,-11.151,-11.204
1.715,17.901,20.941
1.1633,-10.249,3.7279
-6.2411,-17.946,27.993
-4.0101,-13.708,9.3475
-20.008,-13.852,-12.346
-31.768,-19.396,3.3977
-32.328,12.214,16.132
-6.0588,-28.028,-12.425
5.5935,-13.951,22.276
-25.721,1.6388,-4.3263
11.057,13.981,15.552
9.2501,-29.48,12.487
-6.9794,-20.067,-7.2777
-18.012,-3.2003,-12.183
-25.946,10.193,18.157
4.7486,-24.644,-6.5919
-9.8971,-4.2576,2.8696
-0.58583,-13.808,20.905
-4.2982,-29.703,26.791
-8.5549,0.32493,13.176
-19.249,-30.28,7.4131
-24.836,-23.694,17.282
-33.147,9.7737,12.694
1.86,4.3206,-2.4413
-24.351,-5.5316,-6.8012
12.258,-2.6794,18.428
-32.088,-20.439,-2.4145
-31.315,18.099,23.969
-8.6989,7.2877,8.9551
1.5458,-6.0769,22.235
11.382,-11.245,-26.835
-23.539,12.023,-18.76
-25.94,-24.466,16.72
-24.034,-27.651,-13.715
-29.683,-24.932,-5.5009
-16.595,2.3471,21.993
-30.398,16.134,-12.985
-11.506,-10.027,-3.8744
-29.534,-19.258,-26.665
-9.3173,-1.9802,-2.5209
1.8982,18.479,-4.9198
-17.421,-19.493,2.3616
4.7781,-2.7956,-7.8161
-33.338,9.0054,-26.622
-32.498,-1.5493,-25.931
-1.1119,-10.392,24.907
-7.6288,14.999,-20.88
-23.564,-7.0173,17.247
7.8866,-27.789,21.928
-21.116,0.61426,-5.1496
8.7196,-6.261,3.3873
6.1011,5.2986,-24.112
-5.3719,12.949,9.3808
2.8868,-28.252,-7.7245
-21.259,17.957,1.7496
-8.0202,13.327,-9.4161
12.554,-9.926,21.902
-11.803,-10.196,25.624
-31.411,16.93,-19.469
-1.1814,-22.285,-22.294
-30.347,11.894,-16.898
-9.3403,15.776,-11.028
-0.12019,18.758,-17.367
-19.904,-1.8635,-3.9501
-27.901,11.725,-11.493
8.7893,15.571,-0.55591
-26.43,-8.8771,5.4546
7.207,11.529,18.986
-11.54,-19.837,5.3529
-1.6386,9.0039,-0.76099
-1.236,-16.85,-11.044
4.0487,3.3841,4.8955
-15.49,-0.8492,-20.846
-10.763,18.229,19.485
-15.76,12.794,25.929
-0.30862,14.479,11.842
-33.407,-31.016,-23.152
10.147,-19.361,7.2237
-2.3115,-17.457,-10.66
-18.781,-23.239,12.072
-28.02,19.021,14.832
-8.0135,10.284,-15.643
-6.444,10.294,-8.9522
-23.146,17.358,-16.093
-24.859,-7.2418,-22.734
-15.731,-1.0071,-24.933
2.3685,-1.792,20.552
11.516,12.468,-12.597
-14.615,5.3446,-21.003
-12.555,4.5046,-20.253
-10.426,16.031,-7.5536
0.30911,-7.3874,-5.7808
-18.545,-22.496,-3.1983
-29.678,-25.993,-12.602
-26.934,16.284,24.474
2.296,-24.377,5.7739
-5.9399,19.268,-19.341
-2.9647,-18.18,-22.705
-10.048,-25.238,21.608
-17.423,-6.5805,13.365
10.875,16.862,23.979
-2.0189,-3.5727,-5.6507
0.21768,-9.9355,20.156
-20.844,-28.994,-18.333
-18.152,-16.07,-15.495
-20.977,-15.786,-16.869
11.789,-22.457,-22.9
-23.267,4.7073,13.076
9.257,-22.466,18.55
-6.479,-30.833,-10.955
-15.267,-18.742,-20.568
12.037,-28.311,-16.138
8.3773,-11.437,22.244
-5.7284,-4.6759,2.1651
-0.22479,17.503,3.7197
-16.239,12.807,-1.4035
-3.5595,-28.331,-18.355
9.3992,-24.7,-14.017
-24.651,-1.6067,-8.0796
-12.814,11.8,4.3243
-0.60348,-11.793,-9.5228
-24.009,2.6657,8.0694
-16.005,12.734,-14.181
-19.892,6.1207,-16.676
-29.102,-7.662,1.7274
-32.262,2.7006,21.808
7.3368,-0.43013,-3.737
-20.347,-28.694,-19.058
-10.238,-29.06,-0.090252
-2.1539,-27.548,-4.4234
-27.51,2.0945,14.132
-29.794,12.798,13.686
-16.003,-5.8104,-17.056
11.28,-0.14762,-26.379
-8.8359,15.997,-21.323
-10.024,7.663,-25.751
2.7793,2.812,-19.826
-11.483,-3.1682,16.801
-3.2352,-2.6478,24.956
11.562,-3.2348,-1.3196
2.0968,-30.726,14.574
-16.655,-13.86,16
7.1666,-3.5244,-0.93386
-11.635,-14.997,21.138
9.7691,-0.88782,21.085
0.63377,-30.524,20.606
9.9989,5.4123,21.664
-16.94,-4.5914,-4.5398
-5.6487,-8.0286,-10.359
-28.875,-14.779,5.4616
7.932,14.781,9.5965
-1.0307,9.7408,-10.766
-15.08,-28.151,-8.4326
-21.899,8.5199,3.9748
-23.102,12.385,-17.34
-11.47,-8.6239,20.284
-16.045,-30.654,19.983
8.7276,-5.0053,-15.211
-26.551,-13.401,23.799
-16.437,-19.032,4.7619
-17.842,-10.829,21.871
-30.33,-15.2,26.061
-23.763,-8.6922,6.1868
-27.886,13.709,3.8872
-16.328,-17.026,-5.1316
-25.121,4.045,-3.3539
-15.098,-18.168,-10.319
-4.8924,-12.045,26.317
11.49,4.9883,-27.078
-27.119,15.73,19.122
-16.211,13.058,-23.456
-26.852,-29.754,20.315
-5.853,6.2886,22.401
-2.2885,-6.9799,1.4107
-33.733,10.398,14.439
-4.6157,-10.849,24.397
-29.445,19.407,-8.1044
0.96365,-4.9278,-0.94146
-14.024,9.5773,-22.092
-14.105,9.2327,-24.505
-16.856,10.517,6.0507
12.516,-6.7949,18.353
-8.4619,-28.037,-25.014
-27.377,-23.821,-16.377
-22.61,18.347,22.394
3.2514,-1.5561,15.51
-26.028,0.50059,13.312
-29.979,-14.743,22.705
6.2569,10.878,-18.192
-17.184,13.734,-23.339
-16.442,-5.9773,-13.209
4.6171,-12.934,-5.908
2.2109,0.32495,-1.4195
-17.333,-6.1414,-5.188
9.103,16.404,13.323
9.2166,-23.405,26.843
-14.33,-30.407,-21.612
-8.1971,-19.063,8.1331
-5.0378,15.223,23.775
1.9931,14.708,-0.03969
-6.1177,-9.7551,-12.567
-2.567,-10.044,-20.421
5.8673,-1.2359,-0.36201
-26.768,-26.38,27.22
-30.249,13.967,-8.1093
4.036,-27.44,-12.879
-5.6358,6.5658,-9.8589
-23.616,0.47824,15.432
7.8202,6.2215,-18.678
-31.833,-16.805,-19.144
-21.535,-26.982,12.856
-12.355,-30.888,-3.9651
-4.5645,-19.276,20.905
5.73,-28.312,-21.438
-26.525,-25.761,13.414
-7.0911,-18.487,22.773
-24.913,-10.627,-9.3824
-4.2307,-21.277,18.808
9.1087,4.1367,22.534
1.1999,-20.148,-17.134
-33.648,-11.351,-6.7269
-33.949,-22.96,13.143
1.0551,-30.855,20.03
-0.083301,-18.576,20.063
9.8964,-12.673,23.965
-27.903,-5.9993,-16.274
-5.5802,0.60107,22.797
-9.0755,4.4643,-2.7957
-2.715,1.9874,15.412
3.3528,-30.298,-17.181
-26.705,-13.929,-8.9559
4.2312,-21.727,15.963
5.1902,18.728,26.782
-22.859,-3.0399,-8.5572
-1.5496,-26.606,-1.1368
-6.305,-30.592,10.462
2.7978,-17.533,-24.544
1.4659,-20.822,-0.1017
-28.626,-13.698,-23.358
-5.2923,2.8642,21.186
-11.458,-20.891,21.773
-27.938,4.9851,-25.587
5.4972,-30.934,25.676
-30.187,-12.264,-8.89
10.271,12.348,-11.812
4.3277,-26.826,-6.6909
6.2839,-19.741,-5.4625
-21.181,-1.0188,14.507
-6.9522,-1.8517,0.32741
-28.039,-9.7342,7.3376
-2.0473,-12.895,-24.957
0.010184,8.1259,-5.051
-22.357,-28.316,18.338
2.4332,-24.228,-5.115
-3.4184,-21.234,6.6407
1.6933,0.93395,-1.1326
-6.9534,-27.859,1.0029
-4.3439,13.459,13.445
-12.505,-1.7856,21.261
-7.0849,3.4792,-15.709
-25.001,-2.0774,-8.8084
-28.373,-25.731,-8.3419
-13.641,-22.088,-8.4464
-17.468,-7.1829,13.7
11.099,7.3429,23.065
1.4326,8.3566,-11.57
-21.089,14.094,25.164
-14.759,-24.786,-7.0347
-28.745,11.366,5.1283
-15.644,-11.812,-21.89
5.1743,13.29,1.3289
-0.80362,-29.942,6.8991
-24.787,-26.31,0.8242
-6.664,14.632,-25.415
10.13,-27.851,-11.366
-8.3026,-20.377,27.149
-21.76,0.33491,13.58
6.8848,-28.964,0.88366
-14.081,-20.013,5.4161
-33.351,-3.3823,2.2349
-7.2095,-26.528,-25.685
-30.226,-7.5508,22.102
-25.594,-10.623,8.5712
-11.905,-5.6932,22.173
-13.324,-12.66,7.8145
-30.139,-29.518,-1.7739
-11.131,-18.795,-19.046
-14.267,18.183,15.722
-5.7837,-0.44611,-2.35
5.0216,-3.88,0.60034
-33.828,-19.445,-26.002
7.5981,-16.608,8.6823
1.0602,-7.036,16.774
0.53122,-24.997,-24.921
-14.588,-30.047,-21.741
-21.674,10.042,26.547
9.9358,-25.517,18.906
-14.96,-21.127,-2.8151
-25.389,18.624,2.6513
-12.796,6.3888,14.166
-33.405,-17.509,20.18
-13.67,-23.264,3.0601
-25.443,18.07,0.59214
-13.192,7.7927,-4.8847
-22.123,-12.295,-2.6066
-4.3355,-3.1802,-22.711
0.66198,8.7692,27.709
6.7329,4.251,-17.356
11.365,-5.7648,-4.6517
-26.537,-17.321,-4.7756
-7.3249,12.438,22.785
-5.643,9.7507,18.301
-7.7058,0.063628,-20.457
-11.094,-28.26,15.38
0.20168,-17.495,-27.014
-11.71,-6.9881,6.2414
6.473,2.6428,20.467
6.9256,9.4414,-23.774
-20.35,-24.428,18.635
-0.81448,10.858,-20.42
-16.939,18.455,-2.9894
-13.56,15.244,12.027
-27.18,-18.768,4.6887
-17.901,16.518,-11.107
-28.762,-12.219,3.8014
7.6517,-7.1736,-10.608
-23.793,6.7247,-25.923
-4.362,-6.2959,-2.0896
-13.697,-15.02,-0.14807
-13.191,-16.438,-11.014
-27.915,-14.983,-12.591
-17.483,16.608,-8.5525
-13.849,0.95897,25.858
5.0458,-28.321,7.3795
-26.136,1.9905,-16.373
-32.386,-9.843,12.28
7.4518,-16.327,25.734
-26.959,-23.628,-11.492
-9.3391,-30.202,-20.81
-3.3832,13.634,-12.941
9.354,19.244,24.186
-19.409,-26.326,-22.894
-33.779,-14.016,11.412
-3.2586,8.2573,2.7797
-29.922,5.9753,22.933
-1.0413,8.2903,5.1183
-11.57,4.1358,-25.699
9.0819,-11,11.272
-12.411,16.032,-7.6629
-4.5849,14.402,-16.691
-33.656,12.909,-9.4385
-19.078,-0.74303,7.7164
-11.734,11.521,-15.72
-1.8689,-9.026,-1.9898
-18.99,-3.1509,-1.4712
-2.1003,-19.414,8.0405
-20.033,-14.328,11.327
-11.746,-5.0385,25.545
-2.5647,-1.7267,6.1524
-32.539,13.092,16.398
-12.831,1.7729,-5.974
-0.50138,15.896,-1.0974
-8.6492,7.0912,-9.7479
6.1657,15.902,20.509
-17.978,2.0048,-26.744
3.5392,-28.294,11.469
-30.847,-16.017,-21.311
5.6977,-9.2256,-10.023
-18.285,-21.067,-24.459
8.304,-21.868,-8.6904
-21.881,2.2793,15.801
-30.145,9.0685,18.472
-29.84,3.4728,-23.679
-20.625,8.2329,14.112
-9.0255,-6.9696,2.0296
-22.724,-16.858,-20.438
-7.9133,7.2459,15.494
-4.4273,-24.895,-23.469
-1.7333,-25.529,5.103
-11.762,-29.399,19.267
-20.403,-19.366,-1.6076
-20.388,16.619,9.2255
1.1816,-17.124,-20.707
-13.337,-5.0762,-2.0178
-18.015,-14.675,6.8656
10.648,-5.2562,-7.382
2.5927,-3.3037,6.0417
-26.347,-11.282,-14.4
-24.566,11.429,10.746
-30.979,-23.068,11.868
-26.693,11.61,-26.566
-21.96,5.5959,-16.666
-10.766,-7.1612,23.339
9.9629,14.084,9.422
7.2171,-18.832,-13.988
5.7503,10.918,3.7581
7.5454,16.755,-0.34638
-29.846,-9.8491,11.936
-15.614,4.3051,5.4336
-11.151,-4.2056,16.184
-14.324,-15.393,8.3521
-5.9703,-4.2473,-23.526
-0.89215,16.756,21.888
-9.9186,-26.069,27.418
-21.04,-29.612,3.1793
-2.1395,-19.114,8.175
-13.648,-15.448,13.512
1.5278,-30.901,-26.588
7.7211,-17.544,-9.8554
-14.908,18.897,0.46229
-28.779,-31.104,-21.322
-29.511,-7.4874,4.9097
-13.202,18.296,2.919
-2.4331,6.9848,20.548
-6.8085,-12.402,9.3278
5.6984,-16.124,-14.188
-25.318,-14.259,22.496
-8.5768,-18.665,-1.8237
-5.9579,-8.8613,-21.436
-15.294,-28.909,-23.278
-13.652,6.4203,23.348
-18.85,-6.784,21.034
-10.042,-15.124,6.2768
-27.581,6.2482,-14.182
2.0334,-13.273,9.3325
-27.605,7.0026,26.324
-31.758,11.825,25.933
-2.4295,14.025,-15.598
-9.5216,1.3999,-4.9714
-6.2187,-17.002,2.5581
8.8326,-2.6649,-0.60425
-32.962,-8.235,-17.161
-27.666,-16.672,-16.611
5.2733,-22.376,-11.211
-31.12,-7.6389,-6.7446
7.3684,-19.226,0.81173
6.6589,-18.277,11.044
-17.219,-21.408,-8.1795
-27.23,-23.461,20.98
-8.4612,-5.2703,-19.057
10.381,10.429,-6.8417
6.9667,-28.802,21.394
-22.154,9.7797,16.492
1.275,-25.841,-21.333
-28.035,-11.953,21.471
-4.8595,-11.801,2.1375
5.5787,14.569,25.91
-9.8474,-7.8429,22.449
6.1667,-22.371,21.818
-1.8937,-26.004,26.114
3.7059,-28.866,25.697
-33.959,-20.707,-12.561
11.586,9.9273,13.359
-17.899,-0.027854,-18.221
-0.66342,10.222,11.112
-24.116,17.028,25.913
2.9089,-28.34,-14.123
8.475,12.422,7.5563
1.0755,15.216,-13.637
8.1602,-11.124,-8.9385
-28.537,-14.753,-20.494
-6.4802,8.2369,6.1557
8.4784,4.1642,21.835
-29.183,15.379,-9.8309
-21.068,-1.4141,19.33
-32.122,13.123,24.838
-28.187,-25.628,-8.7655
-15.472,-29.633,27.481
-32.741,-25.468,24.618
-19.657,-9.7079,-3.0855
-6.9787,-17.453,7.2455
-26.28,-29.679,12.937
-16.013,-1.737,25.593
-5.7397,-1.4132,5.8187
-2.8501,-15.238,2.604
-24.264,-31.135,-17.129
-4.054,-24.119,-5.3188
4.2613,-28.438,13.702
-3.7505,-23.925,11.713
11.464,-0.5889,27.829
-24.767,-5.0878,2.9302
-6.8925,11.697,24.398
-20.082,-11.844,6.757
-7.6366,-7.3847,-6.3142
-7.56,11.385,21.207
-26.248,16.85,-16.992
-5.8418,8.6488,-26.019
-27.68,7.7435,-22.572
-4.202,13.169,-25.157
6.515,-10.27,-14.399
-11.706,-2.5429,24.157
-13.413,-0.91776,-5.7615
-31.812,-28.605,-23.934
-17.171,-26.055,1.3367
-0.063796,5.8099,15.365
2.0761,13.682,-21.56
-24.553,-29.973,-23.496
-27.424,-21.869,-12.007
-1.1108,-8.9657,9.6177
-16.464,-7.0208,-7.2136
-27.186,-4.9958,1.9122
-18.674,-15.637,12.225
0.65279,11.75,-17.239
0.26073,-6.8064,5.6921
-1.5656,-30.944,-14.174
-24.642,14.402,27.065
-32.209,-9.9511,-7.1484
3.4349,-17.987,14.677
-33.799,-26.78,-24.484
-16.93,2.391,17.245
-25.523,9.9003,1.3906
2.3921,-8.487,-7.363
3.243,-29.915,-23.513
10.191,-27.043,-12.331
6.7951,-3.2201,7.3799
-28.544,3.3658,-7.982
-15.17,3.7119,-5.7342
-20.827,12.819,-1.1159
-16.811,-22.91,-2.955
-3.9627,9.1117,-14.86
9.9308,9.0207,-1.6791
-0.67408,-5.25,19.72
-4.5819,3.6932,1.8812
-22.56,-14.304,12.223
-22.952,-27.022,20.681
12.166,-8.3194,11.228
-7.16,6.5535,-5.0599
-29.618,18.151,-14.12
-20.215,-15.707,-12.903
-21.938,-14.131,11.833
-28.555,-4.0932,24.626
-14.847,-27.239,3.212
-21.044,-0.45944,-23.089
-17.986,-12.209,-11.762
-22.796,-21.185,-17.503
-26.928,6.1954,23.147
-26.564,13.915,23.171
-31.652,14.214,-3.3021
-16.707,16.582,27.49
-21.562,10.74,-20.378
-0.13996,18.578,-21.994
1.9013,-15.648,-9.715
1.1359,-6.7434,-11.464
-19.459,-27.693,22.816
-18.862,10.171,8.755
10.215,-17.377,0.95331
0.3561,-18.768,-22.214
-20.715,4.5464,-23.05
-30.751,18.784,19.847
-27.474,-2.2543,-26.289
-7.7067,16.427,-25.371
-8.5916,11.306,-22.803
-13.767,-5.0668,-26.328
-20.303,-7.9914,1.1144
-28.263,2.3325,-21.667
-5.6052,-14.182,-9.2665
11.557,6.2152,-23.068
-30.507,-16.562,-14.027
-22.754,15.917,-7.6096
-20.645,-3.9574,-7.2872
2.1227,16.373,22.998
-28.419,2.4655,16.737
0.067538,18.2,27.715
6.0694,-15.261,-22.871
-17.364,-26.497,15.219
11.862,4.6977,-25.454
-5.9507,11.207,13.127
6.0185,-17.831,-26.634
9.3554,-13.651,24.321
10.158,9.7177,5.286
-19.945,-12.512,24.381
-9.9444,-9.2608,14.516
-22.922,11.023,10.819
-16.551,-1.018,7.943
6.9049,-4.409,-4.4153
-13.735,-27.934,14.658
-17.64,-9.1124,-6.6935
-27.099,-14.759,8.8568
-24.791,13.377,24.552
-21.349,-1.6371,-1.6069
-17.351,-6.1508,26.243
-30.106,-20.037,-7.0915
-19.221,-28.155,11.93
-6.5242,-24.86,-10.765
1.8853,-27.284,10.39
10.405,15.333,-7.3932
8.581,-27.656,-6.507
-9.2665,-15.683,10.009
-3.6557,-7.8336,-14.095
-26.152,2.0129,20.015
-20.626,-20.854,-20.681
8.6005,-4.0884,22.315
-7.9748,5.6934,-6.5393
-33.789,-19.814,-19.627
-26.374,-10.794,22.164
-8.8192,-26.448,14.619
5.2953,2.7467,10.98
9.0114,-30.244,-25.142
-4.5931,0.24922,2.9458
-27.024,-25.51,18.165
-9.6985,16.193,17.327
-8.9063,-27.134,14.901
-21.237,-8.1193,3.4661
-7.4844,-19.278,17.673
9.2251,-0.85151,12.428
-27.059,4.6243,0.71552
-4.2891,-10.936,26.6
1.7161,18.561,5.0004
-25.835,-21.508,-20.08
1.8075,8.7028,-12.778
2.1437,-26.301,19.041
-10.264,-19.978,11.077
-29.397,-2.2679,10.989
-25.921,-18.705,-26.331
-1.1324,-11.579,-3.441
-13.255,9.8838,-14.413
4.9029,-6.904,-25.333
6.4938,-21.045,27.958
-16.361,-20.281,-9.1289
-32.267,-28.11,-11.649
-3.6072,15.919,-18.049
-32.491,-9.4116,-14.149
9.1324,0.85803,16.491
-15.041,-28.981,13.152
-20.393,13.602,-16.749
-17.756,-15.421,-17.846
0.11355,3.2614,12.794
-1.4403,-31.066,-11.318
-19.191,-18.63,2.5485
-12.226,8.0455,22.994
-4.7484,-11.398,-9.5327
4.4488,10.034,15.695
-6.8017,-15.829,17.667
1.1784,-18.448,-14.079
-1.9454,-11.227,-11.23
0.47801,-26.272,13.161
-0.30619,5.6867,-14.691
-33.373,-29.389,26.046
-29.702,-15.649,0.53589
11.466,-22.915,8.2027
-27.198,-21.991,-1.0014
-18.666,6.9487,-26.745
-13.099,9.7856,24.422
-2.871,-22.664,-20.512
9.6766,-24.846,-2.013
-25.757,-18.891,27.09
-27.548,-22.913,-3.589
-3.3163,15.124,-0.74345
-30.94,0.7065,-6.6533
6.874,-5.6852,5.9072
-0.28448,-24.958,-0.54249
-11.326,13.094,25.015
-16.436,8.7331,20.431
7.0858,15.545,16.558
-15.437,19.282,-26.35
-23.379,11.983,-4.0508
-1.3494,-16.306,25.331
-7.8789,12.439,16.079
-26.404,-9.3079,20.168
-1.0813,10.508,-21.301
-1.8347,-0.81262,-3.5188
-20.275,13.606,2.5035
5.1848,-29.243,-19.329
-33.074,-31.112,-2.3805
-7.1885,-4.1659,-0.62382
-9.005,-15.931,-25.93
-25.852,-1.4901,17.446
-8.0671,-29.436,-19.195
-6.9531,13.591,14.444
3.6443,9.0987,-3.0867
-23.696,-18.073,19.369
10.409,-2.7374,-16.219
-28.24,-0.44278,26.829
-26.032,-25.059,13.098
-12.645,-18.168,-18.578
-12.908,1.808,-24.663
-23.373,-13.135,18.001
11.301,9.4601,2.2841
6.6827,19.418,24.17
-30.599,-5.8252,-24.542
7.3734,-4.6213,-4.9329
12.591,-21.599,-23.55
11.857,-12.655,13.356
-11.893,16.965,-16.577
-0.77079,-6.496,-10.042
7.5911,17.315,-14.869
4.7756,-2.777,4.7049
5.7387,-3.9396,5.1306
7.13,-21.115,27.991
-19.219,-3.8235,-24.93
-6.0256,-1.1088,-11.288
8.6732,-18.49,25.662
-28.194,-23.89,9.4986
-21.977,-21.434,3.1205
5.8172,-1.4819,-24.692
-31.27,15.321,-0.74613
9.5695,-23.508,14.176
-14.366,12.089,7.5741
-21.302,14.228,-16.991
-20.671,-18.942,7.2234
12.211,9.3683,23.205
-17.393,-13.835,20.479
-1.3424,-26.04,17.873
-31.183,-20.862,11.076
11.669,-9.9092,14.701
-13.527,-21.101,-15.363
-20.525,16.783,-11.372
-2.4775,14.57,10.038
11.459,-19.688,-26.082
-10.261,-27.071,5.4458
-28.174,-27.24,-5.4299
-20.947,-15.62,-7.8178
-7.1043,1.9698,19.592
-19.344,18.895,-0.77647
6.9347,-0.1557,12.118
-27.835,-2.0007,15.955
10.736,-10.266,-5.6564
-27.79,-10.008,8.8608
-17.966,-27.885,-21.865
-6.2346,-1.4958,-12.665
-31.164,18.256,18.378
6.8564,14.991,11.458
5.6442,7.2892,-15.018
-9.1352,-13.121,17.621
-31.631,-17.947,-4.9135
-15.903,-30.31,-2.3308
-16.396,-0.91806,-17.471
9.2786,-18.556,17.362
-29.512,-2.9457,27.392
-8.6449,-3.2302,-20.698
2.3947,4.743,-8.5757
-7.7012,12.942,-13.029
-29.238,4.2106,-24.939
-12.244,-28.853,-24.258
12.199,-19.699,1.0127
-27.016,6.2217,-20.348
-14.4,2.2115,-4.948
-4.9524,-7.421,21.542
-19.854,12.359,-10.974
-30.501,7.3371,26.565
-7.7604,6.1039,17.144
-19.671,-0.67403,18.732
8.2557,3.3867,2.3841
3.8255,-24.99,3.2285
3.3355,-1.5722,-13.17
-12.613,18.282,8.2796
-21.198,-6.5085,-12.722
-18.247,-0.096481,9.0368
-18.721,3.1188,15.099
-2.5348,-7.2998,1.3166
-27.189,11.103,28.102
-4.9447,11.46,-19.476
-30.792,-17.616,21.039
-32.446,-6.6496,23.528
-33.646,-17.202,-16.123
-4.0048,9.0242,-3.9837
-25.208,-0.38353,-6.6291
-7.8887,-30.981,-1.5657
-17.12,-3.9999,-15.813
-3.4902,7.8819,-23.451
-25.99,-14.286,0.38482
8.7518,-11.988,3.3688
-30.462,-30.976,22.043
-10.684,1.0247,24.557
-28.759,-6.4866,10.55
-2.9665,9.651,22.649
6.3512,-7.0135,2.6613
-13.416,15.011,-21.599
11.026,-25.34,21.935
-24.392,6.4774,20.968
-18.318,13.244,-24.167
4.5557,11.902,-17.59
-20.131,17.642,2.2771
-4.654,14.208,9.01
-22.078,11.109,5.596
-2.7404,-27.259,9.3303
-13.846,-4.9023,22.82
-8.3426,-5.8424,13.164
-22.681,-13.135,-22.561
9.8084,-16.165,-9.61
-30.966,-25.364,23.968
2.5584,-6.2225,11.79
-15.218,-0.0017919,6.8444
-13.98,-15.73,-22.62
-14.412,-18.886,-11.176
-27.274,6.0582,-6.6632
0.76223,-25.046,25.467
-27.599,18.519,25.125
-32.584,9.984,14.684
1.8619,18.075,18.101
-2.1806,-10.02,11.442
8.4628,7.2824,26.95
-24.363,6.7492,-26.721
-28.853,12.454,16.643
-18.587,-24.659,-20.95
-7.2281,9.8125,-12.831
8.6307,10.615,1.4146
4.7613,12.404,-14.041
-7.7849,16.933,-2.4768
-27.065,-24.611,-27.058
4.0153,-27.123,21.696
-12.594,4.9485,-21.858
-6.0605,11.353,2.3654
-27.429,-12.975,11.246
-10.223,15.798,-25.464
3.9723,6.6438,-24.969
2.1527,15.28,-16.116
-27.673,-25.701,-4.5099
-21.487,-11.123,1.8283
11.41,-8.0628,25.516
8.006,-25.835,-21.816
-13.388,-26.92,-6.1756
5.0366,8.7153,-1.7339
-28.003,12.954,-4.9751
-0.36184,-4.2586,-8.6862
-2.8355,9.2022,3.8019
-32.337,-21.617,-9.7417
-20.385,4.7386,-26.948
4.1632,-17.544,4.6063
-25.447,-13.527,16.239
12.134,-18.301,-20.223
11.165,18.562,4.0104
-3.1191,-3.7546,0.43861
-31.573,-26.811,-6.9752
-7.4459,-3.6031,16.941
3.2684,18.254,8.8655
4.5766,-6.3391,-21.88
-0.15397,-8.8738,11.999
3.7847,6.9506,-12.773
-19.31,-0.0056591,-16.963
1.8778,-6.9529,27.24
-14.733,11.393,-12.169
-13.634,10.828,-12.574
-20.735,-11.599,-22.817
2.6517,-26.133,17.873
11.452,-25.095,-7.7964
2.0084,2.1977,-0.59804
-17.896,-20.378,-17.91
7.9884,-10.581,27.95
-0.52255,-6.5981,15.611
12.382,12.978,-9.9837
-28.539,-23.41,-8.0588
-30.11,-14.315,21.708
7.5347,-16.93,22.851
5.0072,13.353,1.5647
5.3141,-21.202,1.5812
-22.406,-19.965,22.836
-5.9197,-18.845,3.4068
-7.5259,-19.813,15.248
-33.745,-28.724,18.201
11.495,9.9754,13.676
8.0491,4.3197,-0.68049
4.9926,10.533,19.837
-22.563,-8.3263,5.6317
-29.036,-23.444,-14.401
5.4886,15.247,6.0539
-25.883,10.651,-0.46803
-13.936,-0.14635,6.0672
12.141,-15.491,-18.658
-16.191,-6.9777,24.985
1.0667,-13.121,15.286
-31.169,-27.677,18.947
7.8537,-10.286,0.54851
-14.165,0.93601,13.097
2.9495,-27.61,26.118
-32.465,16.799,10.936
-2.1644,17.785,8.3935
-12.332,-23.84,1.849
-14.517,14.45,17.298
5.9474,-29.581,18.93
-18.122,-9.0796,2.0841
-5.9635,-8.5689,-0.46958
-22.614,16.173,3.2716
-0.56334,-26.44,27.763
-30.814,-21.694,17.122
-29.746,9.8724,-2.3712
-14.369,-15.377,-24.45
-10.011,-25.918,21.452
-27.302,-17.183,10.728
3.9363,3.5794,-26.451
-29.372,-18.697,-12.377
-2.5738,6.6437,-22.534
11.35,-0.88951,2.8656
-3.377,-28.148,7.8787
-13.815,-22.117,2.3725
-20.614,-31.174,6.7535
10.04,6.2278,-23.027
-18.754,-16.725,-16.601
-33.605,-18.409,-18.548
-26.723,-15.086,-19.333
-31.257,-14.177,23.434
7.6621,12.654,21.226
-20.044,-6.712,1.4657
-13.038,-22.418,5.4964
-17.792,-17.029,8.8253
0.26865,9.4438,-11.883
-9.2463,-29.605,19.769
-18.779,2.7681,7.992
3.5066,-21.564,-26.23
2.2826,-29.037,-2.1963
-3.6323,10.177,-22.605
3.617,-9.3392,-10.964
-11.919,-8.8574,12.738
-19.915,-2.8695,28.022
-16.024,14.037,23.275
0.2885,-3.9728,10.044
-6.8947,11.948,0.15921
-2.4044,-12.506,-10.779
-21.233,-13.521,-14.214
11.508,12.365,-22.455
-15.207,-21.579,-13.587
-5.1963,10.688,23.645
-14.266,-12.125,-25.299
-31.758,-10.558,18.328
-24.434,-5.528,-19.268
11.417,-15.264,-26.741
-3.1155,0.61308,13.489
-7.6907,-10.512,-10.586
-5.3737,-17.329,27.502
3.5833,-21.794,3.1189
2.0755,-10.405,-18.416
-9.908,4.8547,23.717
8.497,-7.7766,-20.049
8.2541,-14.461,-22.225
-6.6565,10.977,14.289
-8.7768,10.77,24.806
-10.454,11.201,-3.5543
5.4635,-31.188,15.818
-28.133,-15.818,16.378
-13.133,13.259,-4.8198
-33.036,-4.353,4.2144
-29.299,15.772,-13.945
-21.019,-7.6495,-13.951
-4.4785,1.0272,-0.19254
-12.27,-16.487,-15.821
0.045354,8.3213,-26.464
8.7622,-25.722,-9.2955
9.7317,-29.306,-14.258
-23.56,-26.323,-19.386
-20.102,-4.0695,1.4753
-14.001,15.552,-25.25
-1.0649,-9.5188,25.093
-1.1452,14.598,26.755
-26.182,16.528,-24.151
-20.167,-10.97,-7.0974
5.1726,15.954,5.7956
4.5133,-30.826,22.909
11.378,-5.521,-13.302
-5.0126,-19.972,-13.665
6.2434,-12.265,18.598
-3.0791,9.6222,7.1099
7.4842,7.9286,-3.0692
5.8595,3.8121,-9.0678
4.3143,-10.447,24.451
3.2756,-27.847,-12.374
-24.852,-21.809,-25.471
-16.756,1.7294,-13.558
-25.997,15.212,13.687
10.607,9.365,10.318
-9.7362,-2.685,25.63
-22.403,8.0946,7.3483
-10.968,2.1878,-23.884
-4.353,-13.777,19.041
3.5651,5.0574,-7.1682
-10.313,-3.6415,-5.2554
-16.223,12.131,5.9269
-26.138,-21.017,-8.6007
-0.71539,-8.1192,25.939
-27.486,4.7336,5.1193
-18.376,14.518,27.581
-9.5552,-5.7425,3.7004
11.641,-19.356,-12.845
-22.359,-17.518,10.975
-14.274,-20.861,-3.4877
-19.67,-13.626,20.302
-27.286,-13.482,-9.5699
9.0334,0.11236,20.2
7.5419,9.1629,23.886
11.98,18.658,-1.8281
-11.763,-1.9357,18.556
-18.395,-7.8447,-14.401
-16.793,1.7171,19.912
-11.02,-13.241,-23.193
-23.588,15.389,17.723
-21.392,16.65,-4.7266
-6.1658,16.62,-0.97923
4.6028,-31.168,6.3669
-25.421,14.197,14.134
-9.7222,-14.654,21.148
1.4212,9.035,13.405
-21.111,-2.7898,-17.398
-33.824,11.5,-8.4834
11.571,-2.5804,-8.1339
-27.631,-29.64,-2.06
5.7688,-30.361,-20.923
-9.8864,12.614,-16.656
8.7146,-7.2801,18.397
-22.969,-30.299,-11.98
-16.141,-7.2226,-8.2513
-4.1161,19.294,-12.271
-32.28,14.814,-24.272
3.7743,-19.179,15.825
-15.742,-18.086,-25.982
-23.017,12.715,8.6152
-7.1264,-7.3427,27.354
-30.533,-3.9813,24.214
9.8504,-16.56,14.526
-9.3663,-15.629,-19.362
-32.8,4.0995,17.535
-3.2993,-9.13,3.2957
2.5581,17.541,-18.958
-17.819,1.0809,-23.287
-30.114,-22.083,17.634
4.5381,-26.572,-15.796
-28.664,-12.564,-21.315
2.8866,3.7829,-23.574
-3.9018,6.5434,22.497
-9.7496,-28.085,-18.756
-32.331,6.6086,22.827
-27.055,16.598,19.207
-28.376,-2.925,21.7
9.9104,-2.849,26.072
-19.618,10.953,-13.925
-19.736,15.798,23.111
-32.759,15.245,-6.8472
-20.757,-0.77741,-19.796
-32.329,2.7509,12.245
-0.89218,-24.962,-4.463
-2.456,-10.266,-20.677
-9.9672,-13.718,12.341
3.8989,18.905,16.243
1.4356,-9.1629,-11.117
-7.6342,16.106,3.7973
5.96,-27.773,16.968
5.6511,3.3536,15.488
-6.7007,-31.144,-18.49
-28.741,-29.35,7.5847
-18.328,-7.1825,10.515
-20.292,-4.4496,-14.836
-31.594,-29.524,26.305
-25.465,0.11325,-8.2584
-2.4354,17.433,-24.194
-33.503,12.741,12.883
-8.1017,8.6262,4.6372
-6.6137,-17.934,-20.29
-24.426,13.777,22.318
-4.2058,14.073,14.195
-12.238,1.4306,26.616
-8.7701,15.719,-8.231
-8.8041,0.46388,5.8448
-3.8809,-26.631,-25.351
8.3255,-15.979,3.7271
-5.1708,-8.8915,5.699
-20.879,3.5094,6.1284
3.9465,-31.12,-17.267
-21.818,17.63,17.578
-3.8642,-6.6189,-19.267
-1.1531,9.73,11.52
-14.175,-14.939,1.6002
9.0349,-28.852,-1.1835
-19.152,-30.212,5.0965
-17.627,5.9823,11.535
-4.1577,3.5186,18.062
-0.90597,11.952,9.7552
-4.0493,4.9865,5.9609
11.53,-28.114,-22.127
7.41,-5.191,-18.209
-12.746,6.1036,-22.956
6.0792,-18.911,-12.71
-9.6909,3.832,-4.7488
-17.848,-0.59448,-7.6592
-29.463,3.747,-11.166
3.4859,-11.679,11.225
10.918,-26.376,23.698
-26.114,15.506,27.588
11.213,-18.63,-21.454
-24.696,13.119,26.853
3.616,-1.4927,-16.387
-22.425,13.97,-3.1269
-22.274,13.233,-12.778
-3.9619,0.90227,-3.7811
-27.293,-11.921,17.274
-9.2859,0.70261,25.357
-14.204,-28.649,27.237
-26.934,1.5162,-26.421
-10.029,12.26,4.8568
-22.656,-29.251,-25.831
-6.8888,1.6017,3.4261
-16.982,3.3885,18.896
5.9114,8.9907,-10.294
-16.098,7.2931,-0.088654
5.8061,-1.3381,-7.4963
-5.2547,0.8324,19.962
11.843,-26.614,5.6371
-6.4838,-3.5387,-15.07
-26.794,6.3898,17.275
7.8934,0.90299,-1.1601
4.5422,0.60673,21.058
-27.499,11.673,0.76992
-20.127,-15.062,-21.992
11.901,-8.5181,-17.096
3.9699,-19.497,21.77
-6.8542,-6.8728,0.94135
-17.447,4.8355,-26.405
-33.394,-18.835,25.982
-16.559,-27.068,0.2364
-16.726,5.6228,20.233
-18.147,8.9226,-12.351
-20.503,6.2071,-24.606
11.852,-29.971,-8.0091
-14.397,10.053,3.0261
-24.686,-22.102,-21.257
-13.304,5.8913,8.9716
-26.438,4.3366,-1.1427
-1.0574,7.6039,-16.925
-5.3752,-5.2943,9.2628
-2.9669,-13.689,-19.882
-14.825,6.7867,26.171
8.852,-30.289,15.539
-8.2037,-5.2009,24.942
-31.664,-19.753,4.9578
-14.731,-4.1655,6.5602
-9.1488,-27.109,-22.841
4.6133,14.734,-20.937
-7.1397,-23.742,7.2261
-1.2915,-4.1833,-14.529
0.74526,-16.807,-10.401
-13.108,-17.756,17.543
-19.099,16.077,25.562
-14.077,-25.04,28.045
-2.9731,-28.306,-20.475
0.23227,-10.12,-26.616
-6.6108,-0.42613,-13.324
-33.753,3.4816,-6.2081
-26.468,-14.611,-1.4391
-31.256,-21.907,-9.4398
12.56,-11.39,-19.903
-8.2298,-21.26,22.367
10.189,-26.832,5.0034
-20.714,-8.32,16.416
-6.5534,16.066,-15.87
-0.13543,-16.334,-2.1989
0.44206,6.9973,-14.155
-29.589,-2.8791,-20.758
1.8266,-29.218,-22.606
6.0509,6.9248,-5.2121
-7.2925,-16.507,-0.67987
9.3672,-5.4212,27.473
12.232,13.258,12.656
9.6111,-9.9343,-22.318
-8.6149,-15.014,6.8854
9.1499,15.739,-3.1235
1.1977,2.0108,20.143
4.2957,-11.132,-18.672
7.6148,-9.9711,19.945
-1.5937,-18.406,27.672
5.3478,-4.2843,11.246
-0.40494,-21.704,-25.872
-3.2487,-19.715,22.762
-28.797,12.985,-8.4335
5.2034,-19.61,-10.971
-28.497,15.682,-11.14
-24.067,-20.137,25.763
-26.169,18.586,13.303
-20.407,6.8297,7.5188
-23.265,-10.306,16.655
-10.869,-31.213,-22.663
-2.2869,-29.675,-8.4466
-13.589,0.46231,-9.9675
-1.8611,-16.175,13.204
-17.064,-14.116,7.1048
11.547,17.344,4.9681
-10.553,17.882,4.7298
10.448,-13.165,27.087
5.0507,-7.3581,17.111
-23.49,-14.03,2.3734
-23.228,-11.167,19.449
-26.692,-21.786,-4.992
-0.67694,-25.239,5.5969
-7.845,6.1865,12.142
-3.6206,9.1233,-24.954
-30.421,-7.7237,-8.1876
-5.2605,-19.305,26.733
-18.815,10.821,7.4096
-20.615,6.2183,17.664
-0.91045,10.023,-22.917
-15.253,-6.1889,8.2983
4.2737,-17.448,-24.806
-20.887,-30.839,0.57193
-27.68,7.8317,-0.029294
2.1263,-22.369,-14.904
-29.717,-7.8499,27.214
-24.512,3.9049,-21.698
-9.2347,19.089,1.468
-19.833,13.473,12.406
-24.87,-17.533,-17.677
0.16668,10.31,22.143
6.5477,-6.8879,18.556
-3.5036,8.4203,-22.181
-16.395,9.9581,9.3237
12.543,-4.6665,21.471
-15.871,12.997,-24.902
-28.343,16.928,13.905
-32.102,-24.777,5.2674
-25.736,-5.4782,15.011
-1.239,-4.0503,-11.191
8.1606,-10.17,-6.3665
-26.791,-27.357,-14.875
-18.408,-9.6897,1.3181
-22.939,-24.481,25.999
-32.182,2.5671,-25.628
-33.19,-29.536,-18.296
-28.871,-13.431,15.89
-28.07,10.996,23.998
12.16,5.2102,-6.9767
-11.777,-22.303,-1.4759
4.2142,-2.5319,-12.704
9.6491,-30.956,-21.676
3.993,-3.1585,22.29
-7.7744,11.074,14.239
-23.886,12.89,-21.684
8.366,-2.437,6.0096
2.014,-23.388,24.326
-2.7285,-11.475,10.308
5.2428,10.069,19.223
-14,-16.586,-23.7
-12.161,-12.022,-13.339
-11.169,-21.44,22.758
-25.126,-21.264,11.247
6.2673,16.852,24.679
-17.104,-21.056,2.8936
-9.7295,-10.283,-6.8753
6.8276,-4.0789,10.474
-27.827,-6.7978,-10.639
1.0975,11.366,28.283
-28.216,14.545,-15.648
-19.006,-7.9219,12.663
-17.846,13.617,11.231
-26.009,-20.929,21.038
-3.942,10.108,7.8227
10.474,2.5934,2.8392
-25.024,-29.575,9.3299
-12.377,6.1264,17.442
-27.738,14.721,13.576
-22.591,-18.243,-3.208
-29.577,11.532,14.815
0.36974,-3.9925,25.658
-5.3154,9.7624,-4.1601
-10.207,-0.86787,-26.439
-31.62,-24.955,21.878
-7.6605,-14.369,-20.947
-0.085215,-3.3615,25.273
-30.384,7.963,13.925
-10.793,-19.835,-2.435
-17.805,-18.073,6.2433
8.4601,-15.515,-6.1726
-13.584,-25.223,7.6273
6.7605,-13.63,14.898
-15.241,-0.18249,2.9559
-32.453,-18.711,-27.055
-9.5652,-22.937,-25.343
9.2495,7.943,-6.903
-30.919,-22.339,-13.784
-26.065,-9.9214,2.7997
-32.346,-28.48,-2.5077
12.375,0.74253,3.9698
-7.0346,-26.271,24.25
-30.242,9.9544,-11.487
-19.302,13.447,15.692
-33.153,-11.202,-17.688
-14.327,15.873,-22.312
-5.6301,-5.5757,-9.6921
2.1544,-28.556,-10.686
-10.823,10.443,2.2649
-4.2655,-24.568,-2.2477
-30.322,-1.1624,17.332
-11.512,5.1869,-11.332
-11.079,-7.6487,-1.459
-17.32,-23.764,-14.405
6.8842,-24.655,12.638
8.6634,1.044,25.121
-16.049,-18.024,26.845
-31.069,-27.291,5.7773
-28.331,-8.9624,24.883
9.1614,6.4332,-1.0101
-2.4922,3.753,2.8683
-0.44348,-15.339,6.9891
-18.153,-27.986,-3.3195
-6.3553,-25.708,16.131
-28.788,-16.862,23.73
8.3826,-25.435,4.7338
-3.4278,-15.502,14.118
-23.097,15.987,-12.513
-9.0966,0.064535,16.055
-14.319,-28.122,-0.99999
-0.36884,-22.407,7.7699
-23.243,-15.092,26.398
-24.881,16.631,-4.6555
0.54332,-9.2655,8.364
-27.345,-23.57,17.271
8.8637,-16.234,-1.1975
-29.907,13.972,2.4771
-0.17717,-15.883,-11.542
-16.089,8.2274,20.423
1.2114,3.0015,17.622
-22.73,-15.642,10.977
7.0003,4.7406,12.708
-26.595,4.3325,3.4706
-7.4405,-4.3977,-10.885
10.385,18.26,27.609
6.3786,-22.308,-12.512
-1.8364,19.329,15.721
0.37489,-11.652,-9.9851
7.3893,-7.7175,6.6377
-18.362,17.067,0.81565
7.9721,14.543,0.29087
-22.923,-6.5115,-4.1293
-26.479,1.2853,1.9905
-17.451,11.12,-14.695
5.2103,-13.175,14.926
-25.011,-4.6088,6.0215
-22.66,-30.477,-22.186
-14.188,-22.185,14.419
-19.197,-7.3675,-24.694
-19.809,5.9577,-20.593
-13.142,-30.982,-22.16
-12.604,-6.6028,4.9049
11,-17.095,-4.9682
-22.687,16.213,19.656
-15.634,9.4605,-2.794
-32.083,11.707,-9.9442
-10.478,-29.166,12.605
-6.0663,-19.214,8.3181
-22.791,15.599,-19.312
10.41,-9.749,-14.871
1.9817,-17.471,-26.81
-21.727,9.8784,-19.716
-0.95941,-29.122,17.892
-18.282,-5.0181,15.453
6.0286,9.2565,-16.715
-2.2531,11.712,-26.783
-11.032,8.8784,-9.0813
1.9155,9.2893,-6.1083
-18.823,-13.553,20.051
7.2969,-1.317,-1.0251
-3.6093,0.60595,-14.429
-21.752,1.6523,-1.2302
-27.606,11.504,15.336
-18.582,6.3929,-2.7149
-11.754,15.871,-6.3681
-30.934,-4.0994,-14.061
-21.4,2.3962,-17.614
-8.8117,-23.11,-4.3578
-9.8034,0.27203,18.764
7.857,-14.702,20.742
-22.242,-12.773,10.814
-6.1468,-16.772,27.043
-22.913,-29.736,-0.80906
-9.0623,-2.8605,-9.6538
4.3044,5.4541,18.649
-5.5891,-28.342,-16.993
-13.241,-23.282,1.705
-33.857,10.556,-9.6725
2.9413,-16.408,-8.8477
4.3293,-7.5101,16.239
-3.1779,-5.067,14.104
-2.3466,-11.144,-0.70942
-27.673,6.7365,2.7816
-14.246,-6.8332,-5.018
-4.9238,-3.5339,6.6372
-22.211,16.377,25.022
-3.2044,-0.16343,1.0257
-4.3411,-27.7,7.2788
-6.7955,-11.367,12.14
-28.334,-26.332,-10.241
-2.5023,12.73,8.3846
-29.594,-4.4399,13.472
-30.408,14.491,20.449
-5.3447,9.9038,-22.701
-23.274,8.3198,6.1392
3.9153,-5.8615,-7.041
2.9407,-3.3603,-20.286
-21.312,-3.5237,-9.095
10.279,6.7037,1.9534
-14.251,18.732,7.4329
12.373,-12.664,-16.281
-10.626,6.4448,-7.0565
2.8816,1.3171,-24.065
-17.724,-13.92,-1.4838
-20.259,-2.7323,6.7903
6.3511,-13.585,19.075
-3.9177,-23.751,26.725
-17.681,-7.2487,27.182
-0.35765,1.9645,13.342
-21.62,-1.9401,-10.457
11.638,5.9567,17.584
-3.6692,9.3336,-4.8309
-15.188,-1.5009,-0.055934
11.384,-15.768,-24.958
-3.2256,-18.678,-17.965
-4.1236,9.6492,-21.179
-24.046,-11.211,15.125
-1.682,-1.3596,18.212
-10.123,-23.485,17.904
7.1817,-28.295,-10.37
-20.847,-30.89,-21.302
7.1581,16.876,8.7016
-8.488,16.839,-13.008
9.7444,-2.7101,23.334
-31.907,-23.68,5.8396
-0.37456,1.9338,-7.1579
-3.4521,-26.968,-2.3668
-14.178,-11.702,-17.044
-28.332,-15.338,-15.078
8.7273,18.598,18.789
-7.3185,5.2608,18.11
1.6254,0.45199,15.244
4.3724,-31.047,21.37
-24.533,-27.376,6.011
3.3443,-24.362,23.825
-28.909,4.9542,-0.63311
4.4231,16.595,10.194
2.4185,-26.232,-26.153
2.8798,-9.2884,0.2148
-28.16,14.407,23.833
-14.544,4.9242,4.2228
-14.328,-10.657,-16.87
1.5664,-31.143,23.243
-33.197,-15.785,9.723
11.744,-29.106,19.91
-26.855,-31.108,-5.0943
8.0441,-20.577,-24.685
-29.549,6.4287,-24.697
7.8989,-19.624,22.505
-31.374,12.896,10.725
2.0115,0.25641,16.255
-20.661,19.348,-15.017
-11.64,6.8817,-21.444
-15.013,-26.705,21.606
-8.4648,-24.761,-13.216
3.635,17.168,-18.525
-20.893,7.9437,0.98374
-18.276,-9.2377,-12.271
6.8212,-25.953,-18.864
-32.488,-20.315,26.525
-22.194,-9.3387,-14.319
0.38918,0.64826,27.677
-31.217,18.282,8.8203
-13.18,7.6469,22.511
-10.819,12.377,-3.2937
-1.8848,-15.882,-0.043622
-21.247,-29.913,-13.754
-23.455,7.3431,1.1791
-29.253,-20.352,-2.4694
2.7826,-17.675,24.951
-5.6209,-30.465,-2.218
-11.316,-20.758,-20.81
-17.368,-25.863,-3.6857
-26.42,3.346,6.1105
-20.864,-27.927,-4.0651
-32.349,-30.833,-15.239
-2.8422,-13.674,-10.157
-6.4757,9.0813,17.999
1.3482,17.493,23.711
-25.401,-9.5099,-24.183
-30.137,-26.673,21.273
-25.552,2.0127,13.312
-7.5185,16.673,-18.778
-14.987,8.353,16.386
-32.371,8.3002,12.967
-14.537,-14.392,-21.58
-28.321,12.623,13.752
6.2631,-0.53923,8.545
-20.109,12.063,-4.2781
-11.678,12.371,15.48
-11.295,-17.135,16.411
-5.0285,-19.859,17.132
-24.578,-5.1386,26.984
-30.593,-30.969,27.611
-2.617,-3.6727,-15.847
-14.393,7.9806,8.7037
-5.9418,0.16728,12.009
0.67566,11.304,12.789
-33.457,8.9606,0.16863
-26.253,-5.5358,14.496
-23.481,-26.243,15.674
-9.7825,1.0519,-12.572
4.7816,11.844,-6.5016
-6.3052,-5.353,3.8824
0.96093,-30.626,26.907
-33.937,5.14,9.1179
-15.774,-1.1557,-12.535
-9.7199,18.198,-21.915
-8.615,-7.2143,-11.542
-4.2934,-28.69,23.227
-6.4906,2.3578,-22.593
-12.837,-4.6007,-25.277
-0.040943,16.153,-9.7349
-31.976,-30.292,18.228
-2.9611,-31.117,3.3033
-1.606,16.673,-25.256
-12.324,-19.657,2.5946
-25.533,13.913,-11.593
1.1881,-17.941,28.129
-10.688,-29.922,13.613
-23.309,3.7199,7.8627
-26.612,-22.32,-3.5102
6.5852,-9.9785,-2.5435
2.4679,0.026152,6.0378
-15.4,-3.048,26.274
7.6976,18.337,17.625
-4.585,12.714,26.49
-13.377,14.852,4.4063
-23.459,18.568,-8.3411
-30.791,19.263,-20.996
-11.849,-16.808,10.083
2.8364,13.958,-14.86
-7.3685,12.465,-13.816
-7.675,-23.953,-13.356
-31.215,3.7088,-8.4748
-28.22,-25.278,-18.383
-18.782,13.288,-20.771
-7.0061,0.54026,-2.2162
3.037,-14.181,5.5741
-31.799,-22.794,-23.049
-19.396,-5.6346,-26.749
-21.927,-14.994,-2.1575
-23.88,1.4369,-5.131
-23.556,1.9996,19.406
-12.726,-21.609,10.346
-14.877,-31.127,-24.088
-29.363,2.7109,24.091
-3.0022,10.687,13.63
-26.845,11.473,15.963
12.59,1.8825,2.4094
-32.124,-15.337,-9.5729
-22.668,-30.902,9.7307
-30.297,16.506,24.882
8.5487,-3.6299,-5.6084
-7.2827,9.3272,0.70029
-1.0733,-4.4455,-19.12
-11.048,-5.4627,-9.819
0.34277,-29.949,22.408
-29.707,-11.106,17.582
5.6728,-12.37,-11.076
-21.271,-1.7585,-25.814
-28.142,-23.428,27.133
-4.3468,11.642,-6.0406
-21.446,16.016,15.305
-7.4292,13.513,-7.3143
-31.811,-20.041,-5.961
-4.543,-23.435,-14.352
-11.778,3.5451,-16.894
-4.9544,-7.8018,3.7878
-33.092,-0.20442,-6.1901
-32.146,-30.888,15.139
-27.394,-25.058,10.082
-3.2897,-3.4959,19.405
-19.849,0.65427,-14.667
-16.262,7.8115,7.5889
0.22265,-12.052,-13.736
-3.3603,11.725,11.869
0.51345,-20.682,5.2341
1.7951,5.2439,-17.276
-5.1661,-18.562,-11.996
-3.8483,-4.8405,3.0111
-33.535,12.809,10.82
-24.256,-29.418,4.6619
2.1076,3.6301,-1.7431
-28.753,13.556,4.0606
0.40868,2.0286,20.06
4.9311,-9.0431,15.982
-9.5222,1.1009,-20.574
-19.926,17.244,11.044
-7.584,-9.2848,5.7675
-22.336,10.357,12.867
6.9245,-24.385,-12.727
-24.751,-25.716,-6.1222
-31.36,-8.9121,-3.7862
-16.977,13.351,21.111
3.3927,5.9271,1.7747
-17.522,19.118,-11.716
5.8157,-23.846,-6.256
-16.199,-14.068,-8.4764
7.2875,-13.864,28.235
7.8089,-19.14,-17.726
-10.02,18.329,9.0117
-23.402,-13.243,-0.91963
-4.3856,-29.632,14.324
-9.9194,18.062,15.352
-21.41,-7.6805,-12.129
8.2843,-12.196,13.265
4.4746,8.8238,21.707
11.307,-8.4744,0.18116
-18.585,17.282,-10.393
9.3668,-23.681,8.3578
-16.362,-19.658,-7.8669
-31.487,-30.376,22.297
-19.258,-3.2534,-19.448
-23.258,9.5957,5.1544
10.657,-25.954,-14.122
1.4291,2.8915,-20.141
-16.907,8.0665,-18.553
-24.534,-5.0769,11.331
-31.515,-11.047,-5.4792
-26.434,12.826,-18.421
-20.536,15.491,-3.3062
-19.929,9.6471,12.761
9.1491,-30.258,23.966
-5.4305,13.535,22.415
5.0785,-1.8617,-15.817
-22.591,13.775,26.614
7.9206,-20.593,9.7334
-14.957,-10.692,-3.3939
-15.915,10.799,-2.5605
8.8685,-23.41,15.978
-27.94,-28.904,-20.439
-0.76952,-21.417,15.939
2.0571,-20.602,16.492
-18.592,-8.3628,23.412
-15.281,-0.26768,-9.0915
-28.405,-3.231,-18.494
-20.185,-21.223,21.154
-30.411,-17.682,28.236
0.28146,-19.63,-17.633
-30.324,0.35876,20.014
-3.1002,0.047518,11.975
-8.8888,-29.856,6.8828
-25.231,5.3801,5.7863
9.1406,-12.171,22.186
3.6032,11.291,-16.2
2.4424,-14.302,-17.353
-20.337,11.232,-3.7223
4.2928,11.456,-13.357
-20.944,2.1036,5.3567
2.059,1.5561,10.519
-16.965,12.254,-5.7607
-1.6587,7.5645,-12.824
-17.816,-23.594,-1.2858
-2.8868,10.424,-9.6824
5.6645,-5.6965,13.157
-18.017,-23.722,-16.566
-28.88,-30.014,16.709
6.7851,-22.318,23.184
5.4276,-26.913,-6.7773
7.6654,-21.086,-17.659
-12.788,-8.3043,5.9138
-4.9216,0.82066,-8.414
-10.825,-29.407,7.5037
-11.603,17.177,20.148
-0.94796,9.5872,12.833
9.2369,-8.2125,20.208
-6.592,8.009,-19.562
-29.175,13.853,11.979
12.476,-30.339,-2.9312
-10.905,3.4997,25.061
-24.671,-27.511,-10.434
-30.625,4.6507,-12.964
-5.4074,-2.9298,-22.897
-26.364,-0.98825,-10.455
-14.254,-11.234,-18.091
-3.8293,-26.308,-18.042
1.3773,-23.525,14.492
-8.7778,7.3823,17.536
-15.482,-24.546,-2.421
-22.752,-27.788,-22.36
10.142,8.2393,25.465
7.5867,7.7696,-23.943
-11.845,-6.8066,5.1375
-15.627,3.4131,26.178
-16.965,-2.3509,-19.479
-25.69,8.3436,-21.492
-16.612,18.919,-18.213
2.1175,5.9636,8.1928
-32.191,-8.8241,-4.2821
-20.973,-29.341,-15.67
-4.1214,3.1393,26.119
9.819,9.3179,-23.672
-12.247,4.6619,-10.238
-4.017,7.4098,-8.0498
5.8167,0.87332,15.915
-12.973,-20.094,17.383
-15.87,-12.083,10.005
-4.3889,-3.2557,20.594
8.3719,-21.84,-9.0353
-2.9925,14.14,17.25
-14.438,-30.257,4.8146
-4.9157,-4.4021,19.621
1.4342,15.001,-10.179
-28.239,17.961,18.464
0.22206,12.857,0.98206
6.4606,-13.843,-10.734
1.5853,-7.7537,-14.17
-25.017,-3.9597,3.0074
-16.197,-10.264,27.426
11.555,17.07,-25.699
5.7119,19.337,4.5512
-5.189,-4.086,11.945
-4.8536,-6.8791,23.266
-9.0732,9.3234,28.181
-26.523,-22.945,-20.92
1.3536,-22.526,20.724
-6.0341,8.7924,19.882
-19.264,6.3864,-15.51
-4.1225,18.591,6.681
-6.5793,3.3405,-18.114
-21.209,-25.488,-0.86591
6.5098,-23.354,3.5313
-9.915,3.2112,4.708
-18.201,4.9674,0.13387
-27.733,9.8399,-11.102
-23.209,-19.009,-3.0223
9.6807,10.355,-10.441
-19.868,-28.198,-18.284
-27.843,-28.553,-25.11
11.75,-2.6944,-3.0132
-29.022,-13.349,-24.911
-33.757,-19.954,16.682
-20.494,11.839,-18.967
1.3657,-9.7242,21.161
-0.16182,8.4781,-16.9
-5.5898,17.294,-6.3586
-16.596,-3.8251,-7.14
-6.7118,11.824,-4.5201
-29.197,7.5449,-5.6943
-33.061,-24.122,13.775
4.0967,2.8875,-26.544
-9.0224,-28.353,-14.758
-14.88,-3.1069,16.483
-3.7611,14.522,13.894
3.6239,-3.9208,1.9338
-1.8529,-18.255,-22.531
-11.307,-7.901,-1.7037
-15.857,13.758,22.113
-1.2593,-12.42,-22.775
-31.008,-11.361,-24.012
-8.8277,-21.329,-10.108
4.2033,17.634,-13.73
7.2666,-9.8678,-3.9626
5.398,-10.861,16.219
-20.265,-28.307,6.3144
-23.931,-18.88,-7.7785
7.991,13.797,27.683
-27.223,8.3388,-7.6204
-7.8481,-18.898,-18.466
-33.369,-18.661,-22.539
-12.655,-0.22794,10.061
-10.978,-18.429,-15.555
-31.079,-23.768,-26.78
0.049586,-13.745,-5.8962
-3.3461,-23.122,-7.2408
-4.2688,-26.63,-14.929
-22.114,8.8843,-19.887
3.2371,1.1318,-1.6679
-22.628,-20.091,-3.1627
3.1657,-20.285,-5.9854
-30.758,2.0413,-18.091
-6.294,-16.505,-2.3963
-24.67,-21.012,27.238
1.6202,6.6466,0.91966
-0.69009,-30.488,-7.666
11.132,17.632,-20.026
-0.78931,-26.025,-13.222
-3.6468,-4.1634,15.817
-31.418,5.9398,4.5805
10.622,10.171,9.0914
-25.903,-14.158,26.891
-20.496,8.1962,-18.799
-17.195,18.359,-19.765
5.0579,-20.393,-20.272
-0.59133,-3.899,-11.379
3.6374,-9.1706,11.533
7.0032,-5.3353,-2.7978
-3.6721,-4.4755,26.471
-5.4978,-16.155,27.464
-28.838,-3.0158,7.7276
-32.24,12.604,-22.024
-29.764,3.0568,2.7824
-3.1196,2.9457,3.9477
-29.238,4.6259,-5.9638
7.0963,-20.783,-13.709
-24.552,12.33,19.613
-10.529,-27.967,10.889
-32.146,-6.7945,12.812
2.4453,7.6328,-23.996
-31.734,-25.994,22.29
-20.848,18.991,15.609
11.843,14.732,-12.893
-17.522,10.338,16.91
-33.35,-14.075,-0.40292
-16,-24.137,16.478
9.6793,0.63026,16.904
4.4103,-2.5146,-0.40591
-27.189,-7.15,10.303
-13.191,8.9161,-24.93
-0.31387,14.331,-22.278
10.767,15.99,15.875
-22.992,-13.069,0.3193
-20.852,4.4921,13.993
0.70446,-29.229,23.49
5.218,10.273,-12.734
11.567,-5.6174,9.0958
-24.788,8.5936,-26.017
-6.3608,-4.4472,10.083
1.8062,11.527,1.2025
-7.015,-4.8153,0.52361
-19.076,-19.282,-16.476
-25.232,-0.51789,-19.06
-8.1156,5.4389,17.131
0.45425,5.7823,-5.5843
-25.654,-14.438,15.424
7.4284,-0.82394,-19.285
-14.634,-8.6077,26.434
-1.7137,9.0939,-9.9732
-28.046,3.1884,-25.027
-13.107,-15.969,-24.628
-20.715,-29.598,15.43
-14.599,-18.768,-0.15243
-4.3942,-22.397,-19.278
-23.831,-6.5605,10.559
12.028,2.8543,-10.141
-8.4276,0.5324,-25.486
-2.197,1.1458,0.16614
-21.439,-30.925,-22.041
-11.123,-1.6394,0.19173
0.57773,3.1939,-1.4252
3.4617,-22.895,-8.3394
-27.827,-30.955,20.798
-17.147,-27.501,2.1748
-3.6485,0.90437,-21.144
-10.178,9.3162,19.025
10.448,-23.096,11.558
-7.351,-29.975,-16.949
-23.492,7.7277,27.744
11.975,6.6522,-11.988
3.105,-0.90921,-21.458
-24.653,-22.353,26.983
-25.683,-0.96813,-5.2778
-19.267,-13.012,17.837
-22.53,-13.941,-17.225
6.1975,3.5008,14.714
-3.0768,11.945,-4.7931
-28.963,-22.461,-20.254
-21.185,-14.147,14.424
-27.235,13.684,15.069
-23.398,-27.815,6.4727
5.4059,-28.92,-6.2974
9.0444,-25.726,-18.318
-30.128,-9.5624,26.887
0.88536,0.55967,6.837
-20.936,17.285,-4.4505
-1.8036,-6.5366,14.817
-16.664,13.034,11.978
-30.335,8.5201,23.777
-30.256,14.936,22.424
-24.605,-14.72,20.284
-6.5249,-1.79,10.198
-29.67,-11.936,-6.552
-32.829,-12.599,4.2552
-20.587,-8.6487,-0.78223
-30.741,17.348,-4.0732
-33.668,-27.833,4.1331
-13.658,-16.365,23.011
-16.302,-31.156,8.6733
11.625,-2.455,18.623
-21.592,-16.953,12.789
-10.349,-15.67,4.0721
-13.84,-30.62,19.423
3.9906,8.5743,7.8747
-2.805,-18.672,6.2902
-30.205,4.2375,19.462
8.6304,-17.611,-1.5431
-2.9464,-11.066,0.73239
-3.6694,-28.399,18.927
5.2182,2.4088,-8.7019
-7.1105,-24.539,1.2233
-18.409,10.58,14.124
-22.665,-0.53845,17.592
-31.964,18.461,-1.9855
-8.823,16.238,-4.8185
-9.4046,16.422,-12.114
8.9147,1.944,15.5
-3.4066,-25.129,1.3435
-23.877,-6.3289,-21.733
8.1972,10.361,-6.7655
-31.153,-16.407,-6.452
-7.698,3.6553,-9.8119
-17.513,-13.373,1.4631
-9.2735,-1.4299,-7.1623
-23.469,-26.748,9.734
-4.175,16.832,9.2203
-29.459,-27.847,-5.4481
7.1839,14.849,-15.086
-33.575,-29.818,-4.379
-16.509,-13.908,-26.997
-15.633,-29.41,-13.169
-31.341,-13.56,12.303
-13.505,-24.94,-21.533
4.6324,-9.2098,-12.77
0.48042,17.086,21.87
-22.577,-28.086,14.907
-9.0654,-12.675,-12.073
8.7158,-15.793,-5.0081
-28.593,-4.7771,22.217
-5.2071,-30.164,-18.085
-9.2684,-5.6018,5.849
2.2844,-22.399,-5.4566
-14.11,-27.065,5.7247
11.992,6.7676,-1.1098
-30.044,6.2595,-26.594
-31.368,3.1781,5.1767
-20.951,-20.294,-18.027
1.7927,-26.029,-22.932
-22.014,-24.024,15.603
4.5681,-17.638,23.088
-28.721,4.5621,-1.4642
-15.357,-5.7802,5.6454
-9.5831,-17.133,-10.023
7.6687,5.949,-22.481
-24.602,-17.55,8.2777
-27.842,-16.337,1.067
-27.238,-20.36,-10.692
-4.5195,-0.36995,12.854
-6.5532,-21.417,-2.2233
-18.38,18.591,-25.806
9.1511,16.171,16.478
-4.5264,-7.8354,4.1804
-4.9175,-0.84661,18.69
6.0187,-23.605,25.222
-9.1618,6.3574,5.4388
0.04646,18.984,17.413
-10.806,-24.048,2.7531
-5.5178,1.3798,-12.91
-2.1939,-22.218,19.847
-18.628,9.8214,-17.677
8.9192,15.396,-11.24
11.2,-28.182,-24.642
-33.252,16.084,16.861
-19.537,-4.2557,-21.77
-4.3773,-26.33,-13.058
4.9348,14.297,6.9538
-2.8906,-14.465,11.349
-6.7314,-11.21,-10.614
-30.043,19.064,26.297
-32.968,-3.4087,-26.601
0.70839,-26.504,-10.991
4.7978,-7.8442,6.5618
9.9969,-26.21,-8.7791
-23.523,17.215,22.679
-33.54,5.5421,-25.981
-23.484,-22.637,17.615
-6.3652,-4.8661,6.0242
6.7261,18.682,-18.998
-11.606,-10.511,28.2
-27.051,4.415,4.8517
-33.605,0.65021,-19.733
-5.1441,-18.758,11.089
-7.355,-28.547,6.2535
0.93113,13.049,22.573
8.1371,-6.0577,5.3422
10.027,-28.52,-14.426
-11.44,15.359,24.408
-25.283,-5.6966,-12.008
-22.04,-8.9516,0.27797
11.986,6.687,-4.9001
-18.267,-24.204,-16.266
-5.0382,9.0832,26.162
-26.637,-6.2172,23.055
-16.028,-22.921,-23.546
-9.3774,-14.855,-21.771
-25.971,-12.755,-2.6011
11.168,2.1872,-24.924
-24.145,3.5071,-24.561
-5.3425,17.074,-1.6548
-14.911,-20.369,15.613
-13.737,-25.981,-0.24221
-17.507,-27.406,-15.358
11.1,-5.1029,15.734
-13.006,1.9668,-9.0622
-31.427,-4.9382,-25.851
-2.4797,-2.3512,-26.295
9.137,-20.624,-17.955
-7.9805,-6.6525,17.048
5.4391,11.857,21.322
-23.456,-15.469,-13.409
-17.608,-25.387,17.678
-27.018,15.436,26.841
-0.93879,2.0582,-14.403
-31.669,-10.785,-17.588
-24.744,4.8902,20.174
8.4474,13.02,6.9924
-21.478,-6.2036,14.158
-7.8759,-9.434,-19.252
-8.2277,-26.411,-1.9842
7.3298,7.3533,21.271
11.564,7.7916,-14.269
-22.392,-8.4345,26.089
-0.66004,1.8759,-13.429
9.7956,-15.137,-19.278
6.215,6.7507,-2.0096
7.1505,-17.255,20.62
5.775,13.834,26.62
-10.707,-13.892,-17.103
8.2833,15.097,2.6764
-22.617,-0.53062,-15.923
-25.093,6.9087,3.3812
-4.0203,7.4573,-26.409
-27.909,-8.9159,-15.544
11.715,16.092,5.7806
-20.112,8.9149,-2.0281
11.069,4.5867,-2.3943
-11.179,10.223,26.671
-21.238,-7.1913,13.216
-5.5302,1.7975,0.53127
-7.0246,-23.495,-8.5712
-3.8878,8.3593,16.982
4.4794,-7.7335,-8.4091
10.339,-3.3889,17.319
-11.279,-3.3748,2.5077
7.5865,-26.2,10.455
-29.382,12.421,23.618
6.2981,0.96345,4.9079
-8.4674,-12.1,-17.051
8.0527,18.957,0.7044
-27.192,-3.0678,-6.9513
-25.591,-17.73,-20.645
-18.5,2.8194,7.0691
9.7966,-8.1779,22.878
-9.5078,9.7809,-16.325
6.7519,2.1956,-22.05
-5.8565,9.4359,18.699
-6.0339,1.7632,3.3318
8.3963,-29.963,3.4721
-10.542,-17.802,-23.444
-6.5489,-31.064,-18.743
-12.647,-20.29,14.67
-26.887,-27.293,10.613
5.9746,7.1183,2.5464
-31.132,-19.055,20.892
-8.6966,-5.3633,20.302
-8.1604,7.4222,-20.776
-18.169,-28.181,6.0176
-33.668,-6.0172,-10.167
-7.3991,-13.159,-11.631
-22.042,0.37055,5.2021
-28.578,14.88,9.9444
-26.638,-12.58,3.4018
-15.426,-6.9286,9.7479
11.549,-0.68104,-14.738
-14.191,11.88,24.846
11.223,-30.952,5.1193
-7.9524,0.2822,-16.859
-26.445,-4.7411,-10.276
0.63037,6.5436,14.85
-17.974,4.4065,-1.082
6.4763,11.759,-22.055
-2.8958,-21.812,-4.8031
-25.161,6.9038,-0.1988
1.7902,8.1658,-4.6608
-13.985,-5.7671,8.4156
-26.249,-8.3767,-22.081
-17.464,-1.3276,-15.595
-27.081,16.025,-23.821
-18.486,12.938,-15.478
-3.4347,4.5178,-1.2999
-30.616,-0.28685,-7.2104
-28.999,2.6746,-26.292
-12.825,-10.993,3.5617
-26.093,-22.224,-6.839
-7.7527,-27.33,15.875
-21.632,4.6919,27.016
-32.214,-29.677,-5.5198
-31.963,10.419,26.52
-28.532,8.413,-26.705
5.4422,-29.44,-9.923
-0.67564,-16.412,18.147
-32.682,2.0825,-23.347
11.608,-1.6612,6.6017
-1.1732,5.7875,-17.016
-33.494,-17.565,2.1408
9.8455,3.0248,-11.363
-1.0221,-14.378,-14.373
-6.3047,19.232,22.577
-14.841,-1.3523,27.652
-9.0898,-14.457,12.476
0.76091,-25.9,-3.9291
-26.3,-9.071,-13.511
-15.173,-3.4789,10.288
-23.905,8.1642,7.7642
-7.6708,-2.3383,-17.52
6.8921,15.121,-24.553
-1.6363,-24.323,-7.5266
5.4101,-6.5884,15.792
-15.173,-24.767,27.472
-21.711,3.8567,0.46449
-6.6921,17.315,-23.102
-18.618,15.512,-21.8
-21.015,-14.886,0.74675
-25.045,-7.672,4.2925
0.17197,12.102,-2.3304
2.1417,15.907,10.252
-21.766,-17.119,-0.96084
0.038564,16.045,16.14
-20.039,14.906,22.158
-12.512,11.431,17.149
-4.4046,-10.909,26.968
-9.9197,17.754,-19.273
-17.043,-22.824,-25.224
-18.354,-18.519,27.33
-19.124,4.6998,-24.384
0.040007,-25.332,-17.4
-24.021,-28.833,-17.879
-23.094,-10.902,-20.827
6.5996,11.921,-16.373
11.119,-20.824,18.932
-15.964,-12.556,17.662
-28.442,-26.724,14.067
-21.692,14.402,-16.248
-12.281,7.594,1.3954
4.0389,-28.066,19.474
-2.3059,15.077,15.156
8.5483,-11.921,-6.1906
-9.3665,-5.5744,-15.035
4.3093,-7.4126,-2.1118
5.7758,7.2008,-1.2377
-33.694,-6.5689,-24.627
-5.0272,-3.16,24.153
-31.704,-17.636,-15.478
1.7833,-13.018,-15.909
-10.405,-7.6287,19.024
-6.1241,-25.506,25.955
-19.271,9.8916,-24.514
-15.049,-0.34993,23.904
5.2747,7.8514,-26.007
-20.626,-15.365,11.884
-31.427,-6.529,19.769
5.5861,13.48,-14.198
-18.876,0.34026,-1.5886
-33.544,-26.044,16.045
-19.794,-16.219,18.721
6.8504,-17.659,-7.4335
-19.374,17.126,26.967
-8.1905,-6.8954,21.856
-1.4671,-1.593,5.5793
-14.959,-16.148,23.942
-8.6772,15.579,-23.295
4.642,-14.232,-17.195
-21.868,-22.464,0.12988
-5.1314,-23.237,-14.505
-20.024,-28.991,4.6302
-6.0944,-11.725,-15.534
12.18,5.6817,9.4731
2.2856,17.416,-19.891
9.594,-14.536,0.35098
-33.466,-0.16227,19.792
-32.449,-19.876,10.367
-4.4987,-24.871,-6.1472
-2.7388,-21.864,13.575
9.0329,-20.857,-18.046
-25.881,3.2509,25.29
-16.261,-10.669,23.628
-7.6865,-3.6075,-12.706
-4.4884,-1.5078,-23.728
-31.947,7.3039,7.3104
-9.3214,-15.949,-24.169
-7.8734,-21.586,1.8413
9.789,-4.69,-15.519
3.8503,-28.587,-14.6
-26.631,6.8345,23.444
-5.5717,-20.009,-26.579
-31.548,-4.6491,6.9412
-3.6135,4.5863,-0.60018
-12.473,8.4398,-9.2567
-33.111,-24.745,0.8806
-30.905,-17.178,2.1326
-14.007,3.4074,-4.9225
-18.803,-23.771,-3.7362
-6.9026,-2.0645,14.729
-16.029,-26.656,16.015
-17.456,-24.691,-5.1637
-27.957,1.0773,6.1851
-1.517,-2.4784,7.5686
5.1729,-23.201,1.6423
-27.201,3.2302,-23.35
-6.5947,-4.3165,-7.8154
-6.6561,-16.746,11.033
-19.45,17.64,11.033
-21.038,17.762,-9.0639
-6.5471,-18.348,26.285
0.43548,-7.5427,21.125
-5.9878,11.009,-23.509
-20.973,-12.524,15.268
-9.006,-12.822,-11.56
-15.408,8.6542,-0.89038
-33.812,-18.251,23.614
-28.685,1.026,1.1735
-9.4022,2.7048,-24.163
1.517,-30.487,-7.4313
-9.3438,-25.644,-13.416
-2.5182,-28.311,-1.2074
-6.0631,5.756,24.657
-28.196,-7.462,8.6211
-8.2977,19.336,-22.052
-32.547,17.428,-9.3099
9.9794,13.345,-12.065
-20.895,12.234,2.895
-2.0129,-1.1385,17.532
-3.1072,-12.436,-18.454
2.4487,-18.622,18.981
8.4178,-8.5069,-7.3017
3.0589,-2.4769,-3.4893
-7.5135,-20.81,23.041
-26.879,4.4001,16.528
-24.553,16.692,18.609
-20.526,-13.087,-1.6675
-7.6906,-27.702,-13.549
-33.099,-9.7268,-25.167
6.4062,-13.388,16.206
-16.862,-15.148,-15.05
-28.443,5.2135,0.91566
4.9247,5.4319,-24.761
-2.9758,-28.567,1.4458
-27.207,15.271,22.663
-16.748,-25.282,20.25
8.7002,-25.091,-15.704
-21.141,-4.9129,-12.623
2.108,-13.525,27.692
-25.109,-16.379,23.478
-15.009,-19.402,-24.421
-30.521,-30.129,7.4501
-24.453,0.083254,25.876
-14.736,6.176,25.689
-33.785,-16.304,-3.9348
-8.4289,18.385,2.6105
-10.327,-2.8758,-15.212
6.4313,8.4878,1.0896
-29.907,-26.419,-10.205
3.0504,-12.306,-14.346
1.6026,-0.9729,-1.7479
-29.05,-12.38,7.0983
2.4402,0.61634,-5.4639
-3.8651,-8.2604,3.5805
8.9329,18.082,7.6786
9.6867,11.822,-20.232
0.47705,-21.337,3.7309
2.1451,13.175,1.7688
4.1413,-12.411,-13.764
-15.406,-17.588,17.118
12.255,15.99,-22.791
-8.4246,-4.4327,-14.537
-32.108,10.764,-0.34955
8.8289,18.564,13.165
-5.1621,-0.25237,-21.367
6.1466,-5.6092,27.497
-2.9405,14.47,8.8452
-17.23,14.262,6.9927
-20.021,-30.736,26.883
-15.845,18.312,23.799
-9.4225,-16.954,17.994
-11.633,1.2038,0.86741
-6.0374,-4.2438,-8.8868
-10.057,-15.261,19.272
-12.244,-24.699,-1.5613
-26.456,16.761,-10.433
-18.015,5.1737,-13.537
7.7175,-16.118,-5.8114
-27.483,17.69,17.085
-27.439,-7.0842,-10.069
-15.238,-12.334,5.7199
-14.329,3.9023,24.299
11.273,10.301,-13.709
4.3891,-22.316,3.2458
-4.0351,-23.844,-9.3886
-4.9238,-4.8732,-25.989
8.3488,-14.666,-7.8363
2.7564,17.451,26.847
-17.011,-22.201,22.442
-4.3866,8.5136,-25.049
-24.151,-15.858,-14.903
-4.5976,-13.971,-20.9
-6.9193,16.4,-6.9006
-16.142,-13.101,24.467
-9.7643,6.0632,-25.749
-19.306,19.336,3.4259
4.3127,-20.04,-13.981
9.6825,0.30333,-14.468
-0.25329,-24.345,-22.958
-20.753,17.202,23.169
3.3481,-16.776,19.99
-5.2712,-31.054,20.235
-33.025,9.9724,5.1321
1.4338,-1.4028,-10.391
-17.226,-0.56525,27.179
11.622,5.7322,-1.1146
-9.0653,-24.729,-25.274
2.0047,-30.117,-15.1
-5.2061,-13.717,18.637
-14.744,-26.196,-2.1001
-33.918,5.5265,-23.455
-32.765,-5.1056,-16.346
-25.163,-8.5376,4.7419
-24.099,-7.3377,4.2695
-20.714,14.381,19.669
-28.269,-26.121,-13.049
11.248,11.205,-21.437
12.149,-26.436,-11.291
-3.4725,-18.925,5.1008
-30.348,18.1,5.2221
7.6084,15.495,-23.686
12.248,2.1515,16.003
-22.293,-15.989,13.734
-0.95095,9.0167,-9.5024
7.9269,14.224,1.8127
11.064,-0.21759,19.529
-5.9812,3.2423,-18.369
-5.9398,-4.9903,26.326
-10.707,10.053,-10.568
-6.8569,15.209,-15.407
5.727,-19.119,-26.637
-18.908,-9.5823,-13.206
-32.405,-8.573,-14.12
7.2932,-1.3131,26.483
-29.467,-12.579,-2.5883
4.9807,17.268,20.986
-6.5323,-24.175,28.272
-6.7119,-29.137,24.127
4.9181,-25.467,10.994
5.432,-22.166,2.49
-15.849,10.02,-16.624
1.6154,0.58423,-19.301
-26.144,-6.7804,17.035
-12.093,-20.569,-15.573
3.2195,-17.018,-1.7955
-16.341,-20.765,16.051
-3.7867,-7.3471,-21.004
6.6319,11.962,21.036
-3.9693,-11.463,-3.7262
-19.771,-9.9855,-24.06
-11.648,5.8916,-3.7616
4.7891,12.523,4.1797
11.096,-25.573,-16.8
3.7204,2.5004,-8.8627
4.66,5.6578,-15.789
-18.832,7.5947,-11.095
9.6058,-23.854,14.587
-20.886,-2.0814,8.7221
7.9555,11.688,4.7819
-7.939,11.092,12.052
-17.989,-0.45929,11.79
3.597,-8.3927,10.703
-2.9626,17.416,-11.94
-2.0719,-11.663,21.041
-22.27,-18.718,14.114
-16.136,-10.71,-5.5499
-1.5891,14.322,-11.172
-18.899,-5.9706,-5.4401
-25.995,7.552,22.964
8.3696,4.0079,-16.477
5.5159,9.7525,-0.11688
-23.967,3.9106,-3.0159
-15.804,-12.743,-11.423
4.7159,-20.579,15.153
0.81118,5.2589,-9.7466
-0.1983,9.9016,-4.4598
-13.355,-31.12,16.144
7.9263,-24.065,11.074
2.1558,-17.085,19.195
-29.904,-19.461,-7.5154
2.6044,-19.512,-16.739
-4.7482,5.008,-26.994
-13.645,-13.065,-19.426
-13.738,-6.3054,28.035
-26.417,3.2974,19.948
-11.788,3.6985,13.285
4.0264,-11.628,16.474
-12.345,-30.453,-4.7339
2.2343,-26.753,24.786
-25.473,-27.974,-12.371
4.0579,-18.653,-11.527
-26.632,1.5956,9.6656
-3.1324,8.7243,27.17
-32.452,-5.2038,-20.603
-24.701,5.4104,-18.561
-4.1521,-13.452,6.4174
-11.813,1.5816,10.681
-17.356,-22.796,-25.696
-16.858,-31.003,-16.314
12.164,7.5337,24.697
10.049,-25.692,-9.7504
-23.126,10.246,-14.369
-12.664,-7.2499,-8.0987
3.8534,-9.979,-16.289
-24.648,-0.12248,26.21
10.05,-27.773,-1.8724
-32.879,7.2878,21.347
4.343,-1.1471,-26.97
-28.124,-26.411,25.021
1.4733,-22.493,-10.261
-9.7168,-15.696,-1.2976
-7.5928,-9.7417,-11.385
-16.111,-13.148,-10.586
-7.4674,13.069,-2.8954
11.688,-30.815,-5.6562
12.357,-10.7,-13.951
-13.214,15.606,9.2485
-15.941,-8.4535,-13.39
4.033,16.926,24.26
8.1063,11.347,-15.896
-22.871,4.4316,-17.005
-28.275,-25.578,-25.256
-10.141,18.26,-24.587
-28.461,6.2313,7.806
-33.572,-6.482,-14.886
-25.608,-14.213,-20.521
-15.32,-24.649,-17.177
6.5642,-26.71,-18.631
-27.462,-2.1301,-14.912
-0.26329,17.196,-14.009
11.364,14.161,-4.9101
10.645,-3.4448,7.1194
-24.288,13.326,-3.4214
-26.03,6.0568,-20.574
-7.2392,-25.174,18.3
-28.728,-4.2082,-12.461
-16.316,-29.807,10.304
-15.36,16.32,0.12477
-17.245,18.646,27.665
-1.5822,10.067,5.9514
-5.7571,-16.799,-1.9801
7.2781,11.63,-23.639
-30.924,-16.915,27.276
-28.356,-2.6096,-22.994
-27.777,12.586,25.442
-3.7419,15.178,-2.7625
-16.572,11.244,10.44
1.456,-11.925,21.993
-3.6985,6.7069,-16.379
-18.322,-21.495,-8.6831
-32.505,-5.6217,-19.359
-6.0893,-13.965,-18.568
-12.314,-9.3932,-21.171
-25.24,-16.576,11.033
-2.4465,16.692,6.3722
-20.289,7.1954,17.925
-2.07,-29.403,4.1367
-28.373,-23.059,-6.861
5.6724,-16.59,-6.7418
6.933,-27.237,-15.44
4.8547,-22.117,-17.16
3.8455,-2.8308,23.375
-15.207,-4.2008,25.95
-26.351,-21.849,-20.317
-17.308,-23.858,13.276
-12.021,-12.056,-21.462
-30.952,2.029,12.959
12.091,-9.1363,22.5
-0.54366,9.8218,12.89
6.9064,7.416,-12.525
-0.65532,-7.2472,6.7891
-21.958,-20.145,-26.385
-15.464,-22.253,-0.64194
-12.34,-17.275,-5.1915
10.22,-18.213,-4.165
12.456,-25.628,-17.15
7.8159,-19.169,10.612
-20.007,-22.917,22.683
-6.6325,-25.263,-17.166
-16.173,8.4187,-7.2413
-26.986,5.1701,-23.413
-24.152,-12.165,-3.6588
-26.171,16.021,-21.023
-12.756,6.5175,-20.831
-27.935,-20.604,-0.17721
-12.539,-7.8103,1.5798
-16.128,6.1198,-13.698
-14.329,7.3945,20.51
-19.501,-8.7759,6.1092
-12.664,-21.937,-6.3523
-17.117,-6.8407,-24.033
1.7601,-19.378,9.6264
10.052,-15.201,8.0445
-14.977,-0.20433,-7.2764
-32.918,-14.871,1.2038
-18.004,-13.531,-26.302
-12.902,16.989,13.261
-8.429,-2.1327,-9.139
-25.941,-5.3839,-18.238
-1.2061,-16.712,8.735
-21.336,17.558,-18.284
-8.6488,17.079,-8.5902
-26.043,4.9306,10.492
7.5019,10.224,-11.407
-25.375,-27.965,-17.816
-33.764,-14.519,18.6
-28.938,-29.161,-15.511
-22.156,-10.914,-17.955
10.447,11.851,-2.4073
-17.017,0.91701,8.2643
5.8755,-11.126,-20.752
-28.57,-24.785,12.472
-5.8357,-28.722,-16.711
-22.968,17.827,23.603
-17.64,1.3085,-19.568
-29.769,-16.53,1.1082
-29.219,-16.523,20.335
8.8221,-13.616,4.4456
-33.782,-24.632,-0.55973
-15.271,-10.916,-12.559
-27.579,-30.044,-8.8383
-0.071371,-1.2716,15.551
7.0082,-3.1345,-4.4156
-33.839,-25.824,-18.5
0.35026,-17.532,-1.1296
-18.295,11.955,2.9717
6.0074,-6.2473,-4.8179
11.184,3.7934,22.827
3.5903,-6.0184,21.101
-5.1288,-13.959,22.477
-30.811,-16.897,22.9
2.0839,-2.4434,-20.741
-7.9323,-13.548,-2.42
10.205,-29.807,-19.834
7.6507,-4.286,4.1255
-8.092,12.452,-7.3766
-2.0498,2.2,6.1775
5.1931,-28.537,-18.519
-29.185,-4.3725,3.1476
3.5012,13.403,26.692
-25.299,-23.564,0.97849
-14.222,13.738,-2.9856
-15.51,3.0524,13.08
-9.8908,4.2933,11.949
12.422,13.964,18.175
9.7225,-19.431,14.598
8.8411,10.742,-20.354
-5.2952,-18.071,7.2825
-18.238,18.895,-0.0041695
4.1225,-10.534,6.4144
7.1518,10.538,27.261
-2.2691,9.6865,-22.74
-4.921,5.6679,-5.6304
-31.295,-25.015,-20.436
-22.353,-24.033,27.642
-19.722,-27.291,-19.984
1.164,-2.2376,18.307
9.5086,17.731,3.7273
-30.391,15.982,-10.108
6.4226,-29.62,26.217
-16.683,11.44,-24.998
6.2792,11.298,0.59752
-2.4867,-7.3482,21.047
-28.628,-2.462,-24.355
-27.796,-27.557,-7.0277
-18.173,-4.303,2.4282
-25.185,15.946,4.6103
10.015,11.995,-11.004
-31.772,-7.3672,24.051
-8.3059,-23.73,8.0678
-16.973,-6.947,-20.579
9.8709,-15.655,-20.137
1.261,-20.134,-8.0327
-26.902,0.12658,-14.702
-15.301,-13.307,-8.1312
-28.361,-16.674,-14.059
-15.438,-31.009,-5.756
-25.294,-14.298,-15.792
2.1244,-30.471,-16.85
-5.3888,-1.7573,-8.723
9.1483,-13.448,4.1255
-5.7111,-25.823,13.507
-8.5508,-22.362,4.6505
-2.2594,-10.347,26.49
3.7863,-15.96,25.786
8.9019,-6.746,24.291
-31.261,-13.959,-23.2
-5.0976,-0.55187,11.556
5.212,14.837,4.5551
-2.493,12.368,-11.237
-4.8683,-19.526,12.829
3.5052,-6.8356,8.5908
-13.744,-18.566,-13.207
9.6233,18.309,21.435
-4.8303,5.303,12.647
-2.2197,-11.574,8.5562
-22.659,-20.242,12.406
-4.6581,-0.073258,14.922
-28.834,-29.976,23.048
-27.061,-4.972,-14.141
-31.316,-13.719,8.5164
10.607,-27.473,-1.8465
9.3815,-11.808,24.665
9.7848,7.1743,19.863
-19.912,10.808,28.111
-14.692,13.604,3.1166
-20.186,12.043,-3.6566
4.3167,-18.299,14.596
2.71,7.4697,26.334
-17.638,-17.771,0.60242
-6.1396,-15.61,24.8
-14.492,-9.6352,3.2615
-2.9283,-21.755,-19.792
-29.57,6.0654,-5.2302
-1.8515,-24.121,11.297
-28.419,11.643,-11.781
-16.7,-25.404,3.4373
-33.276,-30.088,-20.625
5.9737,0.48242,8.3972
6.4187,14.429,2.1279
-29.808,12.234,2.9179
-24.737,6.4876,18.621
-24.976,-11.936,17.195
-19.185,2.4484,-6.977
-1.9171,-6.1481,-20.86
11.451,-19.037,-8.7458
-0.070453,-12.452,-9.204
-6.846,-28.209,-21.215
-26.293,-25.286,9.1842
8.5454,6.4027,26.497
-10.586,8.1256,-3.4129
-11.871,-20.287,2.0678
6.4139,-22.319,26.694
-16.814,-20.53,19.596
-13.289,-6.5812,27.114
9.7774,5.0808,19.706
-30.978,-26.724,17.908
-20.049,-6.5108,12.416
-7.1243,10.976,-7.6422
-2.1026,-7.649,17.667
6.8919,-16.59,-15.564
-10.185,-21.273,-2.2324
-27.798,15.028,-8.9621
10.238,-18.393,-3.9197
12.278,-6.8144,26.84
3.7457,-6.3785,25.874
9.0468,-26.749,26.786
-29.032,-3.5644,17.689
-27.282,-14.691,17.224
-2.7766,18.822,23.663
9.3826,-1.8604,21.923
-3.7785,11.434,12.417
8.3745,-17.506,-7.2093
-3.6914,6.2054,14.126
2.9863,7.0617,24.691
-28.876,13.321,7.8425
0.33476,16.148,13.695
-9.5783,-8.3858,-26.66
-32.36,-11.943,6.1825
-28.043,12.624,-11.427
3.5654,-7.6725,15.711
-8.7911,-19.299,-10.383
10.684,-25.749,-11.487
-2.1103,-8.1217,4.6339
-32.089,-6.5249,-17.109
-21.855,-0.73641,9.7879
-29.296,3.2264,23.739
8.4186,-5.2797,-5.1895
2.4085,15.78,-15.685
-25.781,-13.942,5.0221
-19.308,-9.9191,-24.072
-30.638,3.7229,7.0742
-16.379,-24.917,19.525
-4.3487,-18.733,2.9995
-20.868,-29.397,2.3544
-17.276,-14.875,-4.9171
-21.255,14.282,-7.262
-7.1632,3.1294,-20.642
-23.822,8.0537,14.277
10.495,10.892,17.333
-13.167,3.2939,6.9402
-7.8239,-24.082,18.105
-33.261,12.919,-12.721
12.404,-7.6639,17.501
-26.188,-27.354,26.147
-12.552,16.602,-21.516
-33.189,-16.608,6.1461
-1.8622,3.6109,26.864
-12.901,-12.694,9.761
-20.403,-0.89398,6.001
-4.0523,-10.986,16.73
-17.904,14.56,26.362
-12.146,9.9803,-25.05
10.974,12.961,14.997
-18.866,-8.3286,16.173
-30.741,-26.51,-24.07
-20.984,-24.938,-3.1577
9.4069,-20.3,19.361
-4.7719,-6.0754,-13.648
-29.946,6.6134,-3.319
-23.972,-2.1802,-8.8131
-23.091,-0.37427,-9.4579
9.4802,11.406,-4.1454
-7.3823,12.768,-10.541
5.9343,-29.491,-26.845
0.11445,-22.019,-4.9956
-18,-29.805,-16.747
-15.394,17.683,20.25
-19.993,15.608,-19.187
-18.514,-24.297,-18.002
-31.96,13.737,2.0115
-21.531,-3.4554,-23.818
-21.328,-17.74,-9.3353
8.7041,13.952,-12.706
10.91,3.3677,20.021
-8.6864,-24.177,-14.511
-8.8338,-11.243,-12.091
7.119,-19.476,-4.879
4.6263,-19.061,25.967
-32.107,-22.615,-15.903
-31.788,-21.928,25.794
3.6535,-11.973,-6.3422
-26.47,-4.6192,-18.131
-0.87038,-5.7633,13.437
-12.814,9.9834,-12.223
-23.596,-15.45,-8.9322
-18.577,-20.299,9.5306
-1.5266,8.1799,21.211
-31.255,-4.0162,-0.50038
-10.859,-9.1232,-11.587
8.3079,-4.2725,9.8823
-25.26,4.8623,8.6786
-27.155,-16.297,-19.228
-29.956,19.069,-18.717
-3.2937,7.2601,7.0976
4.216,5.2414,-26.092
7.7025,17.854,16.545
-17.343,-6.1768,6.999
-12.681,-26.11,-6.0554
-17.761,8.2629,11.704
-7.6514,-0.85994,12.251
-21.088,6.6779,1.7376
4.0279,2.2529,-15.83
2.375,0.74195,-11.474
10.073,-27.014,-25.589
-2.8577,-1.0954,24.254
-1.1365,-9.1025,-9.6202
-8.8799,-8.4186,17.156
-6.5686,-15.447,-8.3007
-15.968,-9.7602,-2.5278
-21.142,-26.301,-0.18848
-12.986,-17.616,3.8363
4.0025,-9.7791,11.017
-19.708,-20.28,8.4339
-10.929,-3.8747,26.898
1.5518,6.3686,7.7703
9.6589,9.4847,22.788
-13.008,10.565,25.788
-17.415,8.6284,19.599
9.3268,-12.245,14.457
-11.371,-14.721,6.4414
-23.561,-0.30162,-11.683
7.7018,9.3059,-19.624
2.3946,13.302,-14.328
-17.299,-9.6664,8.8466
-21.536,11.31,-15.178
-31.184,-22.003,18.149
8.1463,-27.845,0.15824
-17.06,-15.903,22.649
2.2085,-21.158,-16.15
5.3375,-9.4826,-18.726
7.856,11.212,-9.5905
-32.269,6.348,13.942
7.3521,6.334,21.44
1.4519,-11.887,27.023
-9.9575,-20.285,17.479
-11.755,-25.984,-26.249
-3.8414,-28.958,-10.9
6.9106,19.031,-24.417
10.279,0.06352,-19.146
9.9878,11.942,-21.643
-14.396,-9.3678,12.005
-4.5431,6.1589,23.792
3.9319,1.8383,16.782
-8.5082,-29.218,8.0565
-24.512,-10.757,-22.765
-11.652,11.796,3.0381
-22.108,-28.021,27.194
5.9758,9.9106,22.627
-19.234,-8.7341,-14.143
-32.988,0.43448,23.006
-19.93,-6.7043,-8.0417
-31.839,5.4279,5.5377
-21.779,-20.591,-24.198
-14.04,-8.0854,9.9149
-17.564,-23.709,22.819
-5.8434,3.1474,-20.162
-1.8233,2.596,-4.0371
-18.351,-29.191,13.709
-17.782,0.85899,-9.0543
-5.0497,-20.198,-5.5026
5.6082,-16.649,0.117
-19.384,-14.851,-14.888
6.1101,-22.109,26.423
4.8658,-12.331,-0.82178
-11.475,-24.358,-19.578
10.893,7.1732,0.45325
-6.8904,7.1785,3.378
-18.518,4.6572,17.72
-28.235,15.596,20.254
-20.901,-9.1366,24.674
-16.442,7.0087,-22.036
-18.091,-5.5699,-20.239
-16.781,-3.5641,-12.569
-29.525,1.3309,-4.1679
-21.996,-7.1007,-5.0581
5.8999,-19.279,18.357
-19.948,-7.8027,24.059
3.046,12.695,9.9007
-28.079,0.86506,18.664
8.829,-14.948,10.343
-12.494,19.39,-18.757
-6.4072,15.072,5.0277
-27.574,-25.632,-15.683
-15.738,17.18,14.342
9.743,5.837,7.0277
6.6066,-18.529,11.644
-27.563,0.42759,-21.391
-22.855,-21.389,-0.38142
5.8105,-27.849,27.207
-31.697,-0.6473,17.503
-33.815,10.733,-25.172
-23.838,2.0941,1.5217
-28.976,9.9533,22.174
-2.8118,15.449,-21.697
1.9424,18.581,12.814
2.2034,-3.2495,-14.358
-27.412,-28.093,-14.337
-3.6917,-6.3333,17.774
11.19,13.113,-0.26417
-21.228,-25.794,14.939
11.195,-25.049,4.1445
-7.1706,3.7961,-21.252
12.504,9.2361,-8.8909
10.064,9.8419,3.0046
12.045,2.7065,-20.067
-33.18,5.0388,-4.7311
0.54623,18.427,7.9643
-17.271,-2.2978,-3.2602
-1.5986,-18.2,20.327
3.2263,5.1421,-22.33
-14.916,-8.5319,-25.227
-14.362,-11.212,-21.82
7.8551,4.8401,-7.7904
-6.9976,-23.519,-8.283
-22.069,-10.675,-15.777
-29.281,-4.1008,25.139
3.1352,-24.486,27.637
-1.217,15.076,-25.869
4.8405,-9.129,28.224
-28.055,-19.907,21.373
11.411,-15.13,3.2477
-1.5986,4.2446,6.8964
1.2491,-13.719,-4.7523
-29.904,16.784,23.018
-33.453,-24.373,-23.33
4.3824,4.0958,-4.5661
-0.44082,-26.617,-10.57
-4.2963,-13.803,9.0477
-24.482,-17.27,7.5477
-25.408,0.72718,14.803
-6.2757,8.771,-12.359
-27.196,-27.94,26.456
-10.961,-21.514,4.2837
-32.26,7.4789,-24.988
9.4268,-0.29264,-11.9
-29.571,12.571,23.337
-0.43507,-23.44,-12.762
-33.915,-22.538,-16.175
-12.945,8.6916,11.845
-22.759,-0.45686,15.255
-19.453,-21.712,17.367
-32.442,-18.772,21.391
0.18234,-25.462,-8.7851
0.50624,-27.899,5.4323
-32.127,8.0238,-4.8565
-32.533,-19.514,-22.464
-10.731,-9.3911,-14.3
-14.748,-30.663,-23.9
-18.836,14.981,13.465
1.1761,-17.343,-12.831
-8.1395,-3.5559,-2.4478
-23.982,8.9813,-16.202
-6.1069,17.709,-10.978
-27.668,-25.671,2.0048
-33.538,-4.0394,2.1826
-2.5001,-26.347,9.5307
-25.468,-8.5879,0.25021
7.9171,-17.816,1.0019
10.675,-8.6851,-2.1804
-3.2128,9.4014,26.146
-24.475,-8.8939,-20.289
-7.8973,-24.761,-8.784
-17.764,-30.015,25.774
-14.824,-4.544,-10.207
2.6284,-10.998,-3.0723
1.6994,-3.5051,-23.549
-31.966,-14.146,4.5164
8.5716,13.621,27.018
-18.285,-24.32,22.951
-9.4386,8.2281,21.003
2.0196,-6.6379,-15.865
6.0547,9.9943,25.667
11.517,0.96891,-23.643
7.5364,-14.078,-22.508
-12.198,17.681,-1.3891
-0.046086,-22.221,-20.184
4.7493,-4.2044,-2.6254
-5.1035,-30.695,-17.108
-1.6623,12.079,15.084
-5.5413,-24.262,-11.679
-17.722,6.9799,-5.9502
-3.4561,-23.978,-25.995
-28.661,14.739,-9.1766
-29.299,-1.0854,1.3565
-20.704,-18.012,20.858
11.992,-11.456,-17.815
-26.532,-5.7928,-3.6494
-3.2328,-19.532,-5.1978
-5.9397,-1.5271,-3.5213
-5.2772,-20.545,10.809
9.464,3.6194,-24.558
7.889,-11.963,5.9856
-4.2365,-18.748,8.0454
2.1889,-17.221,18.334
-29.237,-4.3294,12.077
-17.822,10.298,-16.577
-25.824,-4.0011,11.861
-28.705,-24.641,-12.286
-6.6496,5.7283,2.3366
-14.627,2.0592,10.426
-17.972,15.47,10.564
-0.57434,-1.0476,-19.091
7.3745,4.352,8.98
-1.0547,-23.37,-19.785
4.3535,11.032,2.5109
-33.807,15.852,-20.759
2.9882,-19.34,17.21
11.573,-25.471,-10.18
-12.512,-7.1919,-8.8638
-15.448,-21.859,-8.6857
-8.0574,1.2915,-15.521
-17.63,-15.608,-2.7267
-15.603,-4.9988,-10.214
-32.045,-2.8076,6.6945
-24.925,15.106,-2.6681
-0.089924,-5.1226,-4.1207
-7.2482,-20.187,23.773
-1.9597,17.871,-4.8722
-6.4866,0.94052,-17.479
-4.9606,-5.6097,-1.5895
-18.678,-20.498,-10.651
-6.7176,-11.434,25.76
-16.369,11.338,-16.693
-8.1519,8.603,-7.311
-23.993,9.4736,-3.3154
-25.614,-7.4846,11.592
6.6392,3.2995,25.077
-7.5294,-2.7593,18.299
-30.256,12.059,-17.58
-26.328,-14.696,17.599
-19.39,-28.674,25.453
3.8934,16.143,18.35
11.575,18.346,22.74
-12.867,-24.654,3.3868
-2.752,-12.78,16.633
5.2174,13.911,15.503
6.1483,-21.755,-13.811
-1.0944,10.19,-1.988
-31.489,-27.029,7.5335
10.788,-7.314,25.977
12.433,-11.003,15.658
-0.030372,-15.317,-21.781
-12.283,12.868,-14.461
-8.5137,-29.647,-9.0945
9.6539,-17.068,-8.8769
-12.035,3.3761,4.6349
9.5952,-19.911,18.073
11.698,-26.814,-13.98
5.7649,-28.72,22.485
1.1247,19.397,-19.78
-14.766,-15.196,14.33
-2.0456,0.25803,-11.564
5.6249,-13.517,-25.704
-20.783,15.576,21.471
-5.0688,17.849,-21.147
2.4733,-10.558,-11.608
9.1837,-26.636,-6.1241
-18.531,4.1434,-20.438
-10.023,-16.716,11.68
-15.942,15.575,4.5854
-1.4582,-23.491,-19.855
-16.168,-28.27,-2.6254
-26.38,-28.101,-19.858
-17.286,12.46,22.699
-11.53,-24.363,-9.1465
-4.6751,17.5,-11.975
-28.585,-14.947,9.5199
7.3461,13.758,27.427
4.7312,-1.8577,11.133
-6.5645,12.05,1.9049
10.927,-30.199,17.439
9.1893,8.393,-2.8487
-8.8288,-19.561,4.9479
-33.861,7.5709,14.381
-19.82,-14.794,-19.498
-32.165,17.585,19.299
-28.832,-25.382,6.662
-0.26665,-17.282,-12.796
-4.0891,-18.546,23.31
-28.439,-30.101,4.379
-13.744,-8.1407,1.5533
1.7202,14.528,-10.251
-25.107,-6.1766,27.337
-33.025,-5.1334,26.946
-22.553,3.0271,21.402
-15.569,11.628,-5.2545
0.48538,-27.523,27.137
-11.867,0.69995,6.3048
-16.493,-30.665,16.169
-9.2994,-2.2253,-19.99
-24.844,-2.3255,25.264
-19.43,2.5871,23.707
-28.547,-5.2272,4.1631
-30.012,2.7057,-26.191
-33.877,-7.7341,18.228
-4.6558,1.7507,0.39439
-22.893,-3.2817,6.1068
0.65663,3.0077,23.898
5.0543,-30.199,-18.896
9.0624,-24.738,-1.889
-28.682,5.7322,21.774
-26.663,-0.6254,19.774
8.7768,-16.273,22.618
7.9101,2.846,-0.11751
-29.283,11.844,-9.3482
-8.6018,9.2544,-6.1499
11.579,17.255,-23.436
-31.594,-20.918,-10.468
-28.9,-11.764,-11.336
9.8159,8.328,27.994
-20.307,-1.6473,-0.40383
-13.071,-12.287,-3.5094
-1.739,14.329,-14.532
-13.758,15.075,23.288
-8.5622,13.624,16.037
-9.3288,-7.074,13.217
-27.406,15.537,7.2832
8.8367,-1.5802,-9.9203
-16.743,-30.331,26.264
-21.64,-3.97,-14.255
9.6761,-18.702,-4.6564
11.629,-15.81,-3.9741
-7.6817,-8.8882,21.417
-25.22,-23.264,23.716
-30.416,5.2659,8.7493
-0.29713,16.674,10.501
-30.079,-3.6813,-11.96
-5.665,8.069,-16.64
6.7269,-21.943,7.335
-20.833,7.2527,-6.1455
-21.652,-30.826,-4.5048
-30.043,14.659,-5.7355
-5.7202,11.348,12.076
-27.299,2.4745,25.417
9.2052,3.8754,16.232
-33.135,-2.4824,-23.358
-23.634,-9.8754,-22.756
-9.6094,-9.8053,-23.755
-12.631,-9.7114,14.176
1.4857,7.2234,-26.469
-21.512,-0.73903,8.0332
-24.919,18.033,-22.58
-4.7076,5.2398,-20.569
-2.8139,5.261,-11.425
8.7194,6.6348,19.922
4.5597,1.8324,26.834
1.9586,-31.162,-19.692
-21.238,-2.81,10.794
-3.4405,-22.874,4.7804
-18.342,11.487,11.767
-1.0603,-20.14,21.911
4.3058,4.2726,9.7272
-12.713,-5.3228,-6.9014
-33.202,-4.3205,-23.016
-14.481,-11.055,-2.4567
12.063,-7.3566,-13.213
-25.644,-4.0835,-19.068
-9.1562,-25.717,-24.552
-26.099,-21.204,-11.071
-31.885,-0.15904,3.9855
-16.777,-21.306,-18.966
-14.005,5.5684,-12.233
-29.352,-30.514,-25.416
-31.226,-25.597,-25.512
-9.6185,10.679,8.7872
-32.394,-10.903,-7.404
-29.208,15.559,18.971
-17.12,13.632,-15.958
-26.131,-1.0502,18.596
-32.442,-12.042,3.9566
-4.4272,-28.924,18.744
5.3233,13.253,6.9171
-20.987,-25.548,4.6665
-3.5354,6.3355,25.67
-2.5881,0.092102,-26.929
-6.5518,7.1933,-20.748
-31.024,-5.3387,10.466
-0.83421,0.74506,16.123
-11.38,14.177,-10.31
-17.838,2.3581,8.561
3.7949,-31.148,-5.8365
-19.737,0.47908,12.838
-19.315,-8.3097,-6.498
10.136,1.6703,1.8079
-30.751,-2.3154,-2.6935
-32.441,-20.559,-20.826
-2.7,-28.231,2.0414
-16.784,12.682,13.632
-30.428,-7.9119,23.948
-17.732,-11.926,3.6769
-13.61,13.239,27.741
-1.4794,-7.9694,18.029
-29.261,12.173,-13.734
10.903,-2.6164,-6.9574
-9.7834,9.1507,-16.97
-1.8798,-7.6064,0.25871
-32.211,-19.233,-10.176
-16.46,-14.502,12.919
1.7355,6.6388,-25.331
-5.8193,-1.0993,-21.921
-22.711,-8.2714,17.599
-11.467,-13.532,-21.671
-25.036,-30.865,-8.9481
-28.488,-11.74,-15.175
2.6349,-26.598,-22.49
-26.293,-1.8018,0.3812
-27.454,-27.72,10.003
-4.3637,-18.479,22.47
-26.946,6.2543,9.2953
-24.905,-22.182,-4.2514
4.369,-15.647,27.809
-1.1808,-6.1533,-7.4154
-33.648,-7.9481,-17.092
-27.892,-20.63,-3.1887
0.91311,-20.652,26.64
-7.395,16.364,4.4842
11.63,9.6406,11.967
-28.564,17.844,-10.901
2.2579,2.4647,24.032
2.885,4.1397,-25.646
-7.8281,4.4957,5.2122
-29.311,-22.09,-5.4172
-20.539,-21.976,-20.897
-25.159,-20.205,10.67
-22.847,-26.903,18.153
-18.861,15.983,9.0775
-31.702,-18.896,-21.539
-33.356,-19.247,5.597
-7.3435,5.5307,20.407
-32.828,10.981,-0.75251
-29.327,-22.231,-19.799
-5.8,9.8927,-6.359
9.007,7.1648,-18.091
0.066897,-3.6678,-5.3353
-31.675,-9.3999,-6.8405
0.22861,16.138,14.803
-30.241,3.0182,-4.4104
-27.874,-30.05,0.078425
-5.7422,-0.070212,-5.2859
-8.8452,-13.033,7.5471
-32.078,-7.3184,-25.362
-6.268,-16.224,-2.4569
0.67767,-1.6531,-25.835
-7.7517,-1.1038,21.296
-14.356,4.5099,-26.722
-9.4239,-30.58,17.872
-9.8902,-4.8142,-1.8271
2.5211,-2.0432,21.617
11.269,-12.92,-3.4058
3.5506,-11.389,-6.9147
-29.61,-2.5535,-8.1305
-18.122,-8.1395,-3.4598
-20.225,-30.227,3.6171
-27.079,-1.1666,1.166
-21.529,-4.642,-3.0575
-11.537,-17.468,11.652
-10.857,-7.238,17.25
-5.9289,-30.561,8.0873
11.262,-11.805,15.306
6.2875,15.815,-17.197
-19.163,12.371,19.564
7.8781,-6.543,-21.02
4.4596,1.2987,-19.214
-2.8287,-9.1382,-25.041
-26.506,-16.922,12.473
12.016,-16.715,25.312
-10.824,2.8322,5.4332
1.0003,-10.443,-2.975
-10.618,16.037,9.3958
-10.924,5.2311,0.29902
-19.373,-0.90792,25.583
-18.787,-1.2367,25.612
-21.649,5.6921,12.964
1.3345,9.4575,11.783
-22.489,-9.8989,-10.469
-26.622,-29.445,19.912
-0.46087,-7.0402,-7.2651
9.9289,1.3219,24.879
1.3437,4.6333,-13.004
-5.3837,8.9161,-23.961
-2.3426,-18.715,21.484
7.5101,17.697,2.6845
-7.25,-23.022,-23.624
9.4742,-11.589,3.2567
10.95,-29.854,-23.46
4.6332,-23.496,-23.284
4.8634,13.499,-9.3883
-4.3481,1.0175,-18.527
-30.451,17.228,-21.124
6.0762,-27.273,14.185
3.5044,7.2326,-10.569
7.7863,10.164,-14.862
6.9652,-28.967,-23.473
-19.568,15.853,23.792
5.8228,-0.042055,4.3273
-15.016,-6.6514,25.179
-1.3881,11.456,27.185
1.7121,10.569,19.514
-22.78,-24.569,17.335
-32.32,-13.253,-12.77
10.234,4.8383,-22.149
-26.519,10.942,-14.701
9.3298,-1.0999,8.6867
1.6152,15.694,8.7362
3.4689,-31.142,-17.915
-22.081,15.202,14.091
-33.416,18.473,7.3417
-11.169,5.0515,-13.368
-30.378,-9.7181,-0.73895
-4.7543,-28.884,-10.983
-20.046,0.34646,4.6134
-17.855,-6.8843,-17.994
-5.1569,-20.791,-11.096
-19.553,-18.211,3.3149
0.12004,-6.8226,18.654
-23.054,-20.19,4.0094
-7.152,-25.412,18.102
-29.57,-24.056,-8.3404
-3.3305,-15.472,15.007
-20.814,3.4393,-16.058
-21.763,10.707,0.63174
-27.915,-17.635,7.6851
6.7904,18.465,4.2591
12.139,-13.286,-5.0643
5.8586,18.251,-3.5645
-29.752,-29.365,9.0259
-31.519,18.11,-24.498
-4.967,3.8589,-22.275
11.252,4.8349,12.034
-20.058,16.442,-3.5137
-10.562,-22.237,27.194
-8.3593,-26.716,-10.595
-24.298,-13.43,-19.749
10.989,12.262,-21.273
-25.358,8.4283,12.638
-28.278,16.824,-9.9914
12.144,4.1162,-8.8491
0.36089,-18.968,13.288
-8.3261,-27.427,14.72
1.6958,14.671,19.498
7.6352,17.199,15.07
6.0224,-7.967,-26.316
9.6837,-21.37,-8.6161
-26.487,-12.996,-6.8856
-32.578,-3.9014,6.8862
-29.735,2.5501,-20.755
-16.015,-17.731,24.536
-26.132,14.011,11.21
-19.374,-29.474,-9.9144
-25.507,-8.8544,17.896
-18.057,8.1217,-8.1651
-9.4802,-20.467,-13.955
-8.8924,-18.091,-20.87
9.0156,-15.733,27.14
-33.47,2.0274,12.194
-14.908,-12.972,21.001
7.4249,-10.697,9.8292
-27.668,-24.101,24.578
-30.491,4.9763,-4.2049
-25.107,8.7822,16.732
2.7898,-7.4885,5.2058
-27.881,-21.037,-21
-11.867,8.769,-9.0197
-16.629,0.91046,-17.362
-28.897,-13.671,18.684
-15.306,-12.37,-10.727
6.5646,-28.78,-18.354
-5.1603,16.694,-5.8974
-9.7132,-3.6853,-8.0647
-29.888,8.1349,22.135
-15.184,2.0694,-13.577
-1.8878,3.4932,-22.661
-20.9,17.551,-12.151
-9.5718,-1.1631,21.571
-28.557,-19.9,-13.504
-24.197,-9.5813,28.143
-16.228,-24.021,24.874
8.53,-9.0155,26.35
9.5026,-28.81,-10.295
-18.406,-26.224,21.834
-21.842,14.274,-8.7228
-3.5366,-8.2806,15.676
-22.643,11.838,-20.056
-18.373,16.813,4.7795
6.0479,18.363,26.421
-13.159,-17.292,12.547
-9.3804,4.5729,-3.1478
10.898,14.195,27.752
-24.342,18.274,-1.3636
9.5185,8.5015,-20.366
-24.942,11.065,-9.2848
-26.803,11.419,-24.207
4.2275,-10.693,-17.752
-21.279,-3.1238,-10.517
-0.28924,14.545,-2.1974
-9.4608,-30.218,-10.905
-21.995,-30.611,-4.627
-8.931,10.382,-14.746
-19.394,-29.614,5.4458
7.6019,3.9914,-3.2326
6.9898,-12.755,23.56
-24.683,9.165,-9.8876
11.051,-1.373,-2.7378
-1.0358,-27.278,16.527
-28.552,-14.574,-6.0339
-16.92,1.2094,17.959
-11.46,9.7077,4.2371
2.0675,-6.2009,-4.3256
-20.187,6.3673,-19.664
-21.171,0.088976,11.988
-22.198,-5.9639,-27.092
-25.061,-11.335,-21.563
-18.925,-22.767,-11.403
0.49061,-4.4766,-18.713
11.027,7.3292,21.956
-8.404,7.0061,20.017
-14.196,13.183,-4.3602
-18.238,15.224,17.909
-11.368,-19.943,-18.011
-33.661,-5.0767,17.36
-1.5703,-12.276,27.547
-22.971,9.7644,-25.443
-11.78,7.2606,22.643
-20.73,5.0018,13.362
8.9201,-10.646,15.904
1.9249,9.027,-10.999
-33.537,0.6206,-6.6552
-26.92,9.6901,11.605
4.3097,10.412,-12.883
-28.657,-20.677,17.243
-3.7137,-24.285,1.8363
-23.544,-16.676,-26.186
7.2539,13.133,0.25775
-32.604,-11.563,14.119
-23.541,-6.3079,10.546
4.2081,-2.0805,26.925
-2.2797,-27.951,7.7287
9.75,4.6587,-21.072
-32.756,13.017,-23.61
-1.0783,9.1869,-16.753
-24.177,-12.328,14.114
-29.631,-28.732,-6.2564
-31.174,-12.694,14.341
-8.9399,-0.7445,-24.371
-17.202,13.589,-12.525
-0.75564,-27.008,7.6106
-19.923,13.277,-24.044
7.2968,11.957,-8.123
-18.206,9.2901,2.3673
-32.124,-23.874,5.6299
-28.623,10.974,9.7578
-7.4721,5.9451,26.256
-23.649,-6.1223,-23.864
11.74,14.678,2.4673
-5.0612,-23.928,3.3556
4.6036,-10.585,-15.267
-31.942,3.0682,1.3684
-7.9392,-4.5902,-17.895
-12.039,16.057,-0.18692
-6.4364,-6.5579,6.242
-32.319,-13.621,21.692
-27.812,18.103,14.893
-3.0985,-28.441,-10.575
10.399,-25.915,9.6119
-2.7302,-4.1681,11.332
-24.762,-11.771,-11.25
-31.86,-20.349,-19.347
11.662,13.574,-15.416
7.6041,-22.038,-13.432
10.56,-23.242,-23.298
-11.72,3.3802,-5.0249
0.90177,-7.2584,12.734
-5.0469,-18.312,-0.23043
-10.601,-4.0998,21.972
-10.544,-9.8071,-15.371
-12.085,-20.508,27.826
-18.237,9.4371,-16.705
-24.964,-16.826,24.326
6.1037,-27.03,11.22
-10.894,-4.2585,6.4415
11.788,-9.0963,5.395
-1.1329,-5.175,1.4242
-1.0691,-4.6456,-15.221
-25.502,-6.2536,9.7409
1.0784,-22.813,16.272
-3.138,-22.216,7.4656
-25.616,-8.8033,-2.4097
-21.067,-13.798,6.6596
-16.281,-19.874,-0.01672
-2.2817,13.144,-17.277
-3.7015,-19.118,14.863
-0.43925,-19.807,-16.004
-11.376,-27.813,19.962
-20.843,14.069,8.2246
6.5102,-23.278,15.755
12.452,-26.431,3.9911
-13.818,6.2564,3.9366
-27.353,-5.8739,-16.161
-9.2929,-0.99106,18.601
-2.6228,8.4228,20.681
-25.404,13.922,-15.895
-3.1447,-24.537,1.5504
10.965,-9.1199,-4.2476
-6.7405,-4.3905,-8.5862
-27.884,-27.183,-25.8
-5.5686,1.5746,2.652
-19.074,12.19,10.664
5.6233,-13.871,11.044
-32.457,0.34952,-0.94275
7.792,13.772,-23.516
-10.289,-19.335,-18.593
1.4955,6.7183,19.093
-32.243,-19.205,19.339
9.6492,6.8776,-11.626
-16.933,-18.077,12.193
1.9603,13.085,13.83
-0.25865,1.0649,0.038005
-25.187,-17.763,-3.9507
-19.023,-11.631,-5.1807
-32.299,-1.4214,-26.115
8.7336,8.3369,-9.0489
4.9137,-19.713,-17.718
-13.193,-7.5777,23.22
-11.932,-4.165,8.0289
-18.587,6.0507,-21.283
-4.6102,-13.445,12.559
-0.25301,-12.024,-11.954
4.0617,10.461,20.766
-24.464,19.235,-16.462
1.6953,1.8374,23.616
-23.548,1.3619,14.887
-21.386,-17.693,18.115
-19.635,12.462,25.81
-14.679,8.7228,14.269
-18.013,16.419,-2.2882
-8.4299,12.698,-9.3494
-29.762,11.194,-5.7455
-33.922,-9.8047,-9.9973
-10.503,-8.5191,-7.3281
8.1242,-25.152,2.6297
7.2284,14.04,-11.164
7.947,10.751,-23.327
-33.589,8.6605,-20.287
-28.611,2.9447,-11.891
5.712,-24.124,26.695
-4.5872,-10.152,-13.073
-23.808,19.162,-8.7947
8.4744,15.167,25.57
-16.04,-20.176,-1.8863
-30.653,-12.798,-25.072
-24.717,-28.452,-22.754
8.9824,-29.038,1.1234
4.5055,-26.987,-16.889
6.2819,-18.247,1.176
1.6773,6.5709,-10.589
-29.096,-9.5358,17.105
-9.9439,-12.89,-7.951
12.06,0.50082,13.044
-14.379,1.8006,6.7539
-16.05,-20.952,10.835
-32.387,8.8604,11.404
-0.35724,-2.9739,-10.048
1.3978,-11.876,-3.473
-20.261,-9.4195,-23.814
6.7578,14.966,7.7709
1.9365,0.74804,-2.6929
-28.258,-11.454,12.943
-9.9485,11.599,-13.965
-19.83,9.919,-5.7417
-24.58,-12.421,17.109
-24.646,-21.673,14.878
0.34252,-22.339,16.546
0.76875,-17.351,-0.41736
-22.323,-26.85,4.3063
-31.079,9.2508,1.679
-9.1323,-12.188,15.201
-16.104,-28.754,7.0351
-4.8231,-26.874,-22.691
-2.0683,-28.774,-6.9116
8.4907,-18.376,20.656
-17.806,-18.449,-17.211
-12.928,-23.87,-5.8275
-30.16,7.8347,1.2018
-13.723,-27.487,22.258
3.2648,-29.045,14.325
-18.988,-16.816,-0.92303
-4.357,15.111,-18.262
5.6299,-10.962,-21.302
10.579,-1.2504,2.749
1.5087,10.73,-19
1.1078,-15.028,23.563
-7.401,-0.86543,5.7173
6.2237,-8.1519,26.263
-29.341,12.372,5.9957
-1.9151,-12.875,-9.1602
10.864,6.3241,23.242
-30.542,-30.403,-10.552
-11.139,1.0682,21.239
-21.382,-10.338,12.36
2.7361,2.5457,10.81
-26.482,-13.904,-25.831
-0.84315,-6.2265,2.4068
11.117,7.4343,-22.908
4.3723,4.8488,-2.8057
-27.626,16.937,19.794
-18.401,-10.172,21.44
4.173,-24.6,9.9211
-6.3568,-22.296,21.513
-12.464,16.527,-13.113
9.7529,-0.68368,-22.751
-8.3001,-26.261,-6.7605
-27.524,14.699,10.701
-3.4944,16.283,-24.994
-32.792,-5.9892,-5.8432
-29.403,-27.008,9.4119
-3.0988,14.319,1.5606
-24.267,-11.979,26.774
-23.41,-12.035,18.997
-24.667,8.1939,-15.069
0.9368,15.352,-10.362
-5.2871,-19.852,18.999
-28.673,-10.193,4.4811
-9.4872,-29.658,10.885
0.47711,-24.794,24.441
9.802,-2.1801,-17.463
-25.204,2.9318,-5.4348
-16.209,-6.0757,13.577
-8.7802,15.692,7.8189
-28.992,-30.98,9.3926
-29.341,-30.377,4.9692
-5.5623,10.45,-15.535
-28.223,4.5845,5.0759
-19.057,-10.877,16.43
-25.766,-1.5252,-26.473
-8.4192,10.315,22.906
4.0019,8.3066,26.652
-11.564,-4.553,-18.46
-20.406,7.191,-22.668
-12.763,-10.004,-0.75079
1.7625,5.6833,6.3828
-10.626,-20.945,-21.022
-4.664,16.325,-22.329
-26.432,5.7592,15.872
9.4469,4.4441,-22.266
-16.034,-23.932,-15.369
-27.988,3.1136,20.945
-27.156,-10.663,9.7009
10.429,-18.093,-5.4537
8.1442,-30.976,-20.385
-23.623,2.2117,-26.858
-1.2515,-20.472,9.2317
-9.0807,7.0853,-25.623
9.78,-15.704,13.776
-26.482,-6.4985,26.237
-2.5776,10.531,-11.789
-19.524,13.635,-3.3719
-27.868,-24.424,-21.785
-5.2351,1.9631,18.934
6.0171,-18.455,16.835
-10.3,-27.131,-13.028
-2.5671,8.7802,12.686
11.858,10.848,5.798
-29.282,-30.039,0.16357
-6.2559,-1.4928,-18.956
-30.776,18.201,3.0852
7.8273,11.223,-24.805
-13.444,-22.651,-6.6195
-1.8196,19.301,-10.113
9.3916,-11.473,14.143
7.006,-6.8438,-18.683
12,-19.365,-18.083
-32.975,-26.023,18.534
-17.553,-8.165,18.932
-21.096,-14.32,4.2968
12.072,9.9253,-22.565
-0.91811,4.3718,-1.5232
-1.348,-18.63,21.294
-20.642,11.757,14.407
4.7853,-3.8354,-25.166
4.1339,-13.197,17.966
0.51173,-12.28,-3.7237
-10.902,-14.272,13.692
-29.458,-29.548,6.0822
10.441,-14.107,8.7629
-0.81995,-21.184,0.47865
-23.511,-1.4956,4.2466
-13.534,11.32,27.683
-1.1666,-17.186,18.877
-4.5318,-25.716,-4.8156
-13.977,-31.213,3.9815
-2.9441,-19.474,-19.754
-27.637,-12.703,17.598
-1.1092,8.4409,12.428
-27.829,14.453,-6.5438
9.9132,-14.84,3.5963
-13.474,7.2228,-23.018
-20.265,-11.287,-4.4551
-23.505,-2.2562,7.0135
-0.17409,-15.682,10.495
-15.864,-10.399,-13.54
-32.545,-0.75415,-4.8319
-0.17045,0.38007,-11.877
-33.839,-18.256,9.9222
-1.9832,0.92098,-12.651
-2.9453,2.3055,-23.675
-33.532,-29.183,13.649
0.29543,2.352,-13.495
-27.052,-8.572,9.0338
-13.941,-16.995,7.0942
-27.02,-24.558,26.469
-19.604,5.8601,-24.946
-30.628,3.9994,-1.5508
-10.579,19.143,-0.71453
-19.184,-12.239,4.0503
-23.63,-14.781,9.6299
-32.904,-27.801,27.676
2.9954,1.1861,1.8287
-31.981,-16.263,-4.0794
5.6409,-16.206,-25.971
5.017,-2.413,18.375
-30.296,-28.172,-10.36
-23.111,-20.377,6.533
-13.131,3.2345,20.44
7.2085,-4.556,1.3376
-2.888,8.02,-12.565
9.4967,-26.174,-17.883
9.5969,2.2731,8.8204
4.2695,-29.831,-1.3629
-27.973,-14.622,-4.7569
-8.0225,0.39337,-5.9659
-28.443,-27.852,3.4271
-0.36107,14.867,13.187
3.0145,5.6655,5.6772
-15.797,-23.107,8.6374
-5.0506,-31.089,15.952
-16.689,-23.356,18.663
-10.071,-20.689,18.276
8.5328,14.09,-21.508
-2.6121,-16.876,-12.834
-24.919,-21.334,0.44141
-14.35,-16.588,24.562
11.763,9.269,-6.2323
-15.83,-20.154,27.72
-19.335,-9.9498,6.947
-1.0182,-2.1728,19.446
-22.854,-10.651,-25.99
-6.1215,-3.0866,17.342
-20.465,-11.619,20.834
-29.78,-12.774,22.33
-2.4194,-25.829,7.8692
7.8612,6.3465,19.588
5.4798,-24.698,-11.944
-8.5324,0.77015,16.208
11.875,-30.45,11.148
-17.305,1.0779,-4.2846
4.2537,-1.9349,5.462
-30.034,-9.6614,20.985
-6.9501,-17.349,-20.778
-22,-11.179,3.9365
0.45346,7.1989,-3.6851
12.064,-24.156,2.4742
-2.0916,14.509,21.052
1.9275,-12.284,13.272
4.5949,18.11,6.6348
-6.6058,-20.393,-17.238
-2.5013,15.175,-1.5603
-32.767,-14.832,-17.406
-4.5764,18.123,4.837
-10.126,16.326,18.173
9.2681,8.3009,-22.399
11.115,-31.186,13.91
4.7486,1.8917,-9.8475
-2.1901,-2.6713,-14.725
10.182,-1.4543,-8.2328
-2.243,-24.514,14.123
-19.057,-19.469,3.9766
-25.57,-31.052,11.043
-9.1173,3.0775,9.9646
12.432,13.213,-13.685
-2.5907,-4.5076,-10.764
-23.891,-24.208,15.945
-32.115,-24.653,24.376
11.68,13.205,5.0335
-27.116,-6.6406,0.66915
-29.465,1.3837,-23.07
11.568,-13.494,4.3691
-29.25,9.0403,7.8899
-30.561,-12.803,1.1634
6.0118,-20.982,-2.684
-27.114,7.4584,1.9133
-2.7511,12.44,15.242
-25.482,-15.606,-5.2024
-33.535,-17.936,19.849
-7.9804,12.774,7.479
-16.847,5.0409,9.9326
1.4252,-9.8717,-7.486
-13.493,2.9108,-4.0914
-1.3506,-26.97,-3.0196
-28.645,13.666,-20.059
0.25149,-11.833,24.046
-18.123,10.467,25.159
7.7557,-28.681,21.104
-9.7059,5.5982,-7.1652
-33.635,-15.038,-24.226
-29.695,-11.402,2.945
10.475,-21.424,11.008
-2.1875,-0.64939,7.1673
8.9827,2.8986,14.803
-5.0484,3.4867,25.868
-5.5148,15.896,5.0352
-25.197,-7.1864,-11.784
0.89387,3.3259,-11.343
-6.7289,-0.58939,14.332
-16.859,1.043,-12.089
-23.864,-6.2076,17.402
-17.267,9.4474,5.7236
-30.831,-5.9537,22.678
-13.964,2.8726,1.4735
-21.105,0.30245,13.853
-0.3769,14.776,24.899
-0.98334,7.6048,5.7352
-5.0932,-26.833,23.053
-29.797,12.946,-25.535
0.14179,-27.526,23.262
-3.01,-3.5176,12.333
12.24,5.7911,23.917
-4.3836,13.4,19.113
-30.579,-9.9563,2.5287
0.31662,17.367,13.321
-17.005,-3.1465,-10.285
-3.6629,-14.569,19.149
12.527,-10.164,2.5571
-23.32,4.1035,-2.7965
-5.7561,4.6143,-8.3581
-19.48,2.0772,23.909
-23.301,-8.4481,-17.668
-12.725,16.384,-5.5282
-4.0685,-28.693,11.949
-21.063,-17.753,-14.719
-4.3012,-3.8813,-6.2548
-22.283,-18.378,-21.269
-6.4661,11.403,-10.016
-10.7,-3.767,-7.0184
2.9899,11.519,-9.2692
-20.04,-10.031,-19.392
-10.321,-23.866,-18.575
-16.01,0.39985,27.267
-31.292,5.121,24.87
-2.8432,-25.74,16.663
11.236,-28.246,5.7302
12.034,-25.264,26.001
12.177,0.7762,-21.867
4.7847,-10.688,20.978
-7.2745,-26.781,23.433
8.7071,-6.5744,23.089
-6.243,17.085,7.9837
-19.777,-21.642,3.1345
-27.45,18.71,-23.696
-8.5348,-19.402,3.3098
-0.23606,-27.364,-22.414
-1.0686,-10.089,22.781
-17.252,14.225,3.8158
-12.71,-24.54,14.301
-5.849,-7.5402,-23.085
-29.225,-24.191,-18.173
1.9346,17.991,-4.9211
-14.51,-3.3394,-21.662
-26.637,-24.318,-20.203
-18.401,-0.21442,24.722
6.082,-19.936,-15.705
-21.853,-26.806,27.458
-25.513,-18.827,-7.8687
-7.9244,6.9011,-8.5774
-28.609,3.6005,12.635
-26.599,-29.481,26.888
-9.2019,7.0983,-23.579
1.611,3.5992,8.7609
-4.5977,-13.528,-19.635
-9.6032,-20.019,-6.944
3.8613,-3.5983,4.7358
-23.66,-8.4098,-18.731
-13.333,-20.172,-1.6206
-11.726,13.555,11.484
-9.5439,-24.527,-25.777
-11.053,19.153,15.113
-6.6432,-13.379,11.342
-5.2279,-0.41367,-27.054
4.0882,-10.929,-5.6882
-13.286,-19.367,16.492
-25.172,-19.951,-11.975
-32.872,13.406,-3.517
-31.062,8.9627,1.8108
9.341,10.522,10.859
-19.605,6.4947,-8.2365
-9.4376,-16.384,20.162
-16.472,-6.0213,-6.8355
-10.644,17.764,-26.325
-1.9728,-5.5449,27.654
-2.5034,1.3693,10.994
-32.477,-7.2473,12.97
-26.082,19.219,9.7821
-29.445,-5.53,-0.37667
-32.353,-10.84,-0.016602
-25.475,-9.7417,-19.511
-33.613,6.7501,8.1568
-32.263,12.481,7.5011
-25.33,-30.295,-23.058
10.514,-21.122,-5.954
-20.182,8.6343,4.4662
2.8081,-12.562,-21.366
11.502,-30.093,27.281
-26.525,-2.6753,14.701
-15.11,-20.589,-23.937
-1.1337,-29.564,-11.934
5.0996,12.884,12.663
-1.2964,-18.305,-22.264
-17.494,-24.276,-16.139
-12.372,-20.744,-25.767
-12.595,-30.836,18.008
10.156,-17.757,-14.138
-21.425,-22.358,-13.259
-2.1868,4.4342,13.821
-27.275,-21.078,-18.902
-13.815,-22.584,4.9143
-21.024,10.21,10.08
-13.585,5.1549,27.677
-14.148,3.0862,-14.06
-30.433,14.979,19.518
-20.16,-5.8469,6.3301
-21.192,-23.783,-14.963
-24.532,6.0206,3.6313
-12.754,-9.4024,4.0272
-33.354,9.4353,0.26881
-18.02,8.8985,4.4968
12.433,-27.701,16.627
1.5844,-8.648,-0.74552
1.7351,12.839,11.082
-27.223,-18.619,18.44
-16.499,-17.125,22.788
10.717,11.384,5.1158
-32.844,15.905,-12.378
-18.377,-16.871,-14.094
8.358,-25.338,-22.591
4.387,-15.037,6.4312
-10.447,-28.293,-3.8327
7.3659,1.3299,18.522
3.6507,-26.266,-24.788
-9.4428,-15.75,-9.4367
-18.255,5.707,-4.6194
-16.086,-11.504,-17.8
-15.253,16.54,-1.3349
-31.576,-27.508,-17.004
7.9857,-30.448,-16.445
-1.7386,-21.101,14.193
-8.6608,-26.565,21.839
4.6559,-20.553,-3.1101
-8.8963,9.865,-4.063
-5.101,8.9123,18.932
-15.837,18.881,6.4153
-16.115,-21.801,-11.315
-3.0733,-24.665,-12.223
4.717,6.6771,14.732
-0.11257,-0.64098,-15.959
-0.516,2.0446,-17.838
-24.119,-2.1993,-4.2722
1.3381,8.1124,12.312
10.86,-13.007,3.0395
-22.179,-15.391,-25.803
-26.541,-19.757,-7.0858
-25.134,-2.8734,7.872
-31.552,-3.5,-16.094
-3.7011,-19.065,22.743
1.2971,-13.124,-19.334
6.0058,-16.365,7.1808
-17.76,-26.896,9.4382
-9.4517,7.9649,16.67
-2.1838,-20.744,18.806
8.2503,-23.231,-25.003
-31.015,10.827,-22.429
-15.546,-7.426,-21.554
-17.342,18.258,9.7787
-32.977,0.8091,-22.056
3.7313,-12.218,-17.213
-31.548,-10.82,-16.459
-28.394,-18.739,-2.4792
-25.434,-26.19,16.114
-13.205,15.111,18.223
-26.682,0.50156,-4.0437
-21.648,4.2673,-21.901
12.576,14.168,0.86899
4.8898,-4.8015,16.39
-15.245,18.823,13.973
-0.086481,-30.283,16.758
-25.97,-18.21,14.852
2.5538,-26.798,-9.2825
-13.08,-9.0491,24.853
-12.774,-12.373,-4.6909
7.7293,6.7204,-17.499
-17.89,-10.235,-6.6431
-21.838,-16.818,-8.1249
-21.619,2.7774,6.9622
6.2316,9.1099,26.425
-12.455,16.581,-16.861
-25.475,-27.775,0.66115
-19.372,11.292,0.72882
-28.513,-1.4607,2.9311
-18.834,-25.132,4.6143
-8.2266,-4.2425,-15.827
-17.236,14.767,14.693
-22.753,-23.658,-12.398
8.227,-15.028,-11.47
-32.506,13.668,15.313
-7.5093,0.89173,-0.94784
1.582,-4.8975,-22.671
-14.368,5.224,-16.196
-33.199,-5.5113,-7.7143
-10.679,6.9376,2.8517
-4.5513,3.299,-21.625
7.7967,-26.293,-0.19545
6.8939,-10.182,26.337
-15.226,-22.471,-2.8228
6.9239,-1.9074,7.6296
-12.144,1.3532,22.079
-15.8,11.661,25.124
-3.4781,-12.228,22.447
-32.251,-30.174,26.975
-14.725,-24.777,-6.6056
-20.923,-31.028,6.5797
-8.7854,-25.709,-26.828
-24.839,3.225,-19.168
-3.9764,-4.6644,11.021
-13.253,17.38,-20.251
-24.859,-18.114,16.903
10.333,-16.631,0.26598
-2.471,-20.288,-20.425
5.2433,1.6334,-16.492
3.4354,-9.2948,0.033532
-2.0209,-29.503,-18.244
-19.059,-13.641,19.583
-4.1005,-28.709,18.825
-12.592,-15.681,18.736
-15.121,-25.068,-23.907
-28.754,-5.2098,-14.229
2.7296,-10.939,6.768
9.041,-31.135,-17.636
-7.0146,17.758,-0.46062
-32.862,-26.47,-26.191
-30.579,11.035,-12.9
-28.283,18.696,-5.2577
-15.429,13.647,-5.3634
-30.879,-29.794,-20.013
2.691,-10.82,-2.5752
3.5376,-13.498,17.593
-23.442,14.611,-21.032
9.1158,18.931,5.1137
-9.5928,-13.861,3.056
-17.192,-15.196,14.516
6.7861,-5.3055,-0.40456
10.037,-20.962,1.3947
7.2694,12.484,11.275
-14.448,6.4447,17.454
-18.468,-15.71,13.218
-28.238,0.64998,-22.119
-32.186,12.757,22.06
-16.91,-3.0478,4.2895
-13.128,-1.0623,-19.074
1.2026,1.719,23.506
-5.2609,-9.4967,-4.758
-25.076,8.4968,-20.162
7.916,3.8096,11.436
-13.422,-3.3672,11.235
-12.579,-13.247,-9.7374
-6.6379,-26.979,-4.7065
-15.08,18.675,15.373
12.126,8.9817,23.568
-8.3552,9.9819,8.4489
-30.945,14.783,23.212
-0.90117,-20.236,21.373
-3.172,5.172,27.746
1.1758,-13.412,13.758
-12.986,-26.506,-19.52
-18.004,2.3687,11.179
5.0434,-29.277,27.02
-25.788,-29.811,1.1915
7.6734,-10.247,-20.029
-27.64,-8.8538,28.276
0.82375,14.621,-13.144
-2.1358,-7.1548,-19.448
-29.263,-31.208,-26.416
-1.5021,-14.629,-20.997
-4.0777,-27.365,-22.722
-15.701,9.3962,9.6966
2.7797,-1.2027,13.945
-32.63,6.7636,-9.4181
10.628,7.9211,25.232
-20.943,-29.032,-1.9704
-6.0626,-14.986,17.211
-1.1839,-4.9525,5.2818
-23.474,-25.047,10.937
-23.003,-11.802,-6.8674
8.2373,16.349,18.257
-22.697,-3.6708,-9.5684
0.36323,-3.8015,-7.016
-14.119,-0.54323,-0.87514
-8.1659,-14.678,-5.5212
4.8463,2.2974,-1.6137
6.5336,-30.515,-19.27
-6.4311,-12.989,-11.944
-14.225,12.751,9.5352
-28.972,-7.1957,-14.976
-2.9759,-0.92221,8.8195
-7.8968,-17.283,-11.413
-14.421,-20.12,-12.715
-19.493,-21.791,3.056
9.7014,15.914,-18.956
5.0028,-22.138,-16.128
-7.6592,-23.137,-9.9919
-28.622,3.3408,18.884
11.992,4.9736,-2.838
-6.78,-18.109,-4.7022
1.4538,17.013,24.168
2.0649,9.09,-7.5047
-5.3558,15.569,17.131
-2.9769,-3.4896,7.791
8.8582,-9.042,-20.468
-22.431,-5.9964,-4.0938
-13.575,17.222,-9.1662
-17.068,-1.5723,11.128
10.427,-28.951,3.4276
-26.495,17.608,-2.3188
-23.768,-28.212,2.5527
-14.219,-20.698,-12.463
-17.229,8.359,18.551
-24.587,-1.2895,9.9602
-2.3918,2.0108,-10.591
-11.084,7.2699,-6.6749
7.5564,17.654,-13.712
-25.377,7.4312,-5.1373
-23.292,-30.78,6.4001
7.9607,0.81382,4.2974
9.6015,17.431,7.7146
10.368,15.006,27.784
-18.395,-27.609,-0.93813
-19.596,-8.2257,5.5322
-9.0151,13.132,-23.947
5.4565,12.949,-5.8069
-20.617,14.783,-7.1747
0.91838,-1.7365,-3.3315
-1.3654,16.027,21.106
-17.359,-15.353,24.588
-5.099,-10.442,-9.5209
-31.917,2.8216,-16.603
3.5464,7.2265,-14.849
-32.232,5.8729,-25.294
-9.8831,15.985,-14.053
-1.0632,-4.641,20.322
-2.0222,18.003,-22.315
-0.0060635,-25.255,5.479
2.2471,7.6342,-2.973
-3.4565,-3.8504,6.2874
-6.1179,16.987,22.924
-28.216,0.051925,0.82447
8.0927,-17.502,-19.556
-0.030536,-29.055,11.487
-19.177,12.698,3.3616
0.93129,12.259,19.079
8.9114,-30.747,7.9531
-28.625,8.7212,3.07
2.8176,-2.6212,25.705
8.4131,-20.8,-7.5482
12.165,-0.49508,-0.79484
7.301,15.782,5.1263
-10.505,17.091,-16.178
1.7679,-0.052086,-2.9929
-5.9457,-17.213,-22.07
-5.5581,17.302,-14.245
-22.782,-21.454,-8.9702
-10.485,14.809,-16.082
7.0001,-19.223,-24.01
-9.8921,-22.234,-4.2029
-32.769,10.799,-3.367
-19.007,15.431,-11.834
12.083,-27.001,8.5147
8.0519,-14.631,21.736
-13.598,-4.042,18.062
-30.071,-7.7344,3.5453
-3.163,-25.853,24.191
0.54504,17.007,-0.37826
-13.445,-7.566,-4.936
5.4332,-18.31,15.644
-27.657,-17.892,-25.566
-30.983,-30.01,-6.8599
2.8844,-17.071,-21.606
-24.69,-25.224,18.092
0.65018,-27.913,8.8664
-8.7052,17.096,17.882
1.7556,-2.5392,-22.879
-18.577,10.186,5.9071
-31.803,-25.825,22.796
-0.80503,11.713,18.714
-13.765,4.5705,4.6724
-21.741,16.262,7.7711
-28.363,16.279,-15.827
-20.781,15.164,-5.1677
-5.5588,0.23852,13.108
7.1365,12.857,-25.575
-9.1496,-10.85,14.265
1.8194,17.777,0.30158
-1.6069,-30.058,18.008
0.10751,-3.6861,-14.801
-15.896,-16.83,7.9053
-7.2426,1.4339,-23.249
-31.327,-8.1106,-15.703
-11.296,-4.3219,-1.6165
-11.011,-23.053,4.9206
11.66,-24.969,-2.5086
-6.7901,-1.5413,22.231
-6.1668,-11.208,15.232
-13.944,17.536,23.526
-15.032,13.822,12.384
-4.7918,-19.174,-17.284
-2.4208,19.039,-15.703
-27.324,-19.678,-13.255
-7.5849,-26.51,-4.6408
7.6484,-28.125,7.1888
12.059,1.7603,5.9943
8.5503,9.0671,15.012
-10.222,-20.897,-14.751
-27.735,8.413,16.106
-28.393,-17.245,7.5152
-31.327,-8.9546,19.448
1.8121,-25.786,-9.5767
-18.732,-0.19322,-7.0194
-11.87,-2.3145,3.0303
-0.93689,7.6529,19.745
-7.3453,-20.954,-7.1961
-0.21696,-0.25632,26.424
-14.564,9.0818,-12.821
-28.328,0.21097,17.936
-0.084123,9.0758,0.11873
-22.482,1.6415,-16.757
8.6744,-20.586,-26.352
-25.719,-13.105,-6.0975
-3.4716,13.357,28.276
-1.8135,18.704,14.899
-10.048,4.5327,-23.702
-24.118,7.699,20.396
1.157,15.056,-26.911
2.3152,-22.984,-23.639
2.9808,-1.4282,-10.935
-27.375,-7.0549,16.766
-27.561,11.428,-3.5141
-26.765,-20.327,-17.195
6.8431,12.514,-20.483
9.1096,-26.049,7.9173
-3.7962,-27.382,6.4159
-29.997,-20.163,2.6156
-24.537,7.5009,-4.501
-15.762,-4.1047,-18.261
-18.758,-8.9574,6.7673
3.5885,1.0606,-1.084
-2.8159,18.374,-23.372
-10.938,9.3292,-22.781
-28.51,-2.6877,-12.005
6.3386,14.401,2.6909
-26.355,-20.065,-8.7394
-32.346,4.982,22.208
3.8469,4.1051,5.9221
-26.359,13.222,-17.774
-6.9632,12.801,25.986
7.1385,16.717,14.883
0.77149,-8.0081,23.773
-0.3487,-16.977,22.971
7.906,-24.783,-19.175
2.3439,8.4766,-18.741
-28.252,-3.9298,-14.516
-18.53,-7.651,-13.127
-22.741,-11.567,27.625
2.143,-6.8615,25.517
-33.912,-20.596,7.3623
-1.9159,17.901,-23.841
4.1908,-11.629,-22.749
-31.848,10.649,-2.9539
6.1698,-12.949,-5.3983
1.8209,-28.943,12.373
5.5493,-13.894,5.4069
11.712,10.363,-15.966
-31.775,-21.218,21.791
-0.15487,-22.245,17.88
-24.485,-0.92644,27.188
-8.4539,-13.243,-12.468
-20.512,-1.0315,20.262
-10.595,-14.839,10.763
-7.3726,-9.0553,2.3984
7.3175,-5.8214,20.293
-26.405,-16.704,7.7991
-18.599,14.725,0.059777
-11.157,3.0633,25.922
-12.309,10.526,-24.07
11.129,-11.705,1.9177
-19.378,-2.5564,2.5777
-27.181,-15.736,-12.086
-20.879,-23.692,-4.1602
-24.595,-2.5245,-0.92583
-29.988,-20.609,16.676
3.6252,-19.211,14.992
-23.045,9.9827,17.453
-17.89,-8.3333,-13.615
-4.0851,7.9802,-17.467
-30.475,-3.6962,27.762
-23.3,-25.908,-4.0202
10.052,-7.6082,18.981
9.3792,-0.75142,-26.809
-13.486,0.17731,-2.1565
-8.3095,4.3201,10.828
-18.172,10.824,-2.6852
-29.541,9.5608,-1.0102
-18.208,12.106,23.999
1.7792,-18.906,7.6237
-5.6196,-1.6308,-5.6174
5.0407,1.754,7.257
-5.9939,18.804,23.397
-9.0027,-4.8821,-21.474
10.91,8.2965,-9.4274
-22.313,-0.70809,25.079
7.1447,-9.4119,-11.302
-29.419,4.6898,-4.1071
-24.026,-6.5327,-0.87775
0.59625,18.762,-14.156
2.8962,-11.195,-17.884
-23.072,-9.1183,18.451
-8.5345,6.9391,17.881
-21.342,17.56,-5.769
2.4735,16.726,-22.678
10.554,-31.198,-8.6796
-3.8178,-26.68,-17.662
7.748,-23.367,-21.192
1.1205,17.321,-25.76
-1.2499,-9.234,-13.758
8.502,-28.084,-24.135
10.078,-21.463,24.651
7.034,-5.3966,-14.242
-29.022,-23.107,13.364
-33.859,-19.415,-17.921
-16.523,-2.3044,-1.1732
-13.602,11.898,8.7072
-26.984,11.954,-23.15
-16.314,-20.984,-0.85286
-29.955,7.788,18.867
-19.778,12.767,8.1015
-16.936,-16.526,-16.425
10.134,-27.694,27.697
-21.667,-8.8098,-20
8.6709,3.8901,23.701
-33.774,18.586,26.506
-28.627,10.424,19.261
10.686,16.408,-20.301
-13.697,-7.62,1.1667
-10.162,-20.56,-9.3388
-15.044,-25.592,-17.676
-1.0485,-25.081,26.671
-10.078,-4.411,26.313
-6.0294,-16.306,-10.415
-30.176,-22.067,-19.503
-25.791,-0.34443,-9.5576
-26.235,2.5714,3.4878
-19.562,7.7578,1.6444
-13.927,0.42241,23.742
-24.256,-6.0145,-23.18
1.9364,16.814,11.252
-4.5798,-12.872,-2.7684
-18.423,-13.898,-19.168
-10.838,-19.105,-26.778
6.5767,6.9577,15.431
-19.593,17.282,7.1857
6.7215,-15.471,16.003
-18.815,-23.298,-13.074
-17.206,3.5508,18.674
-9.5018,-27.798,18.95
-26.747,6.0121,-20.208
-18.287,-13.932,-4.88
4.6707,16.363,12.702
-3.1184,-0.39292,12.339
2.8077,7.6908,20.344
-30.091,9.083,-14.087
-20.048,11.676,-14.623
1.5045,-27.615,-24.322
-15.338,-17.276,8.486
1.0251,-2.7184,-4.5049
-25.677,-18.274,-23.802
-23.937,-12.814,-11.217
-27.734,1.8149,23.507
-14.993,-18.812,-15.292
-31.097,-7.5971,14.298
-21.361,-10.778,28.163
6.1009,-0.82647,9.2939
-31.682,-5.2195,-17.335
10.141,0.89455,8.0697
-28.184,5.9503,15.134
11.086,17.413,1.8808
-21.162,-4.6811,-4.9695
-2.4142,-11.639,15.591
-10.066,-24.176,-12.474
-19.014,15.438,-8.3128
-14.855,-0.81702,26.523
-15.514,3.8071,-21.547
-15.721,13.464,-21.433
-23.609,-21.174,10.345
-4.785,10.2,-15.049
-24.737,-22.565,22.166
4.2053,-19.301,3.5252
2.1946,14.77,18.619
9.9369,-3.618,-21.924
-15.574,-25.852,3.8193
4.0039,-29.336,26.389
-17.487,-12.048,25.838
6.5668,-9.218,6.9546
-32.261,-19.227,-24.954
-5.1163,18.919,-22.714
-17.566,7.429,-3.4979
-15.677,-30.747,-11.333
-17.115,11.448,26.881
-25.428,16.809,-0.079445
-28.455,10.97,23.024
3.7576,17.113,-6.7005
12.197,9.757,5.0565
-18.706,-30.136,13.636
-15.233,10.429,-13.803
3.5203,-19.152,-11.635
-21.526,-20.562,4.4623
5.47,-20.808,3.3947
-13.681,-23.516,18.414
-25.703,-8.7393,-3.1184
9.9999,-8.0468,17.615
-26.47,-14.722,12.928
-1.7406,-22.222,25.78
-28.109,-3.2013,0.63544
-31.925,-1.1407,-11.705
-20.491,14.049,21.459
0.9174,-3.4846,-22.282
-23.202,10.117,14.592
-2.2382,-30.938,-10.984
-27.589,-25.41,-26.311
-25.039,7.4979,-1.0658
-25.899,-25.148,15.224
-25.036,-11.082,-13.845
-25.542,-3.9218,8.5557
-1.5566,-2.7735,4.3731
-31.24,4.0733,-7.2933
-21.985,3.7177,-2.5907
10.678,3.0782,21.097
11.24,-17.139,7.9174
7.0704,-12.1,2.6832
-33.061,0.84469,-14.758
11.451,-26.986,-18.553
-5.3589,-25.017,19.991
-11.791,15.873,5.092
-2.1523,-27.107,-6.9577
-1.6095,-30.759,-20.16
-21.767,-7.6626,25.185
10.619,-28.642,-25.931
-5.805,0.14647,26.522
-28.804,7.2233,-23.811
-9.2754,-25.563,11.597
-13.974,-5.8277,-7.3437
8.234,-29.005,-15.264
-25.68,-26.759,0.223
-13.508,5.9464,-12.155
-20.268,10.227,-26.585
8.2944,2.7763,11.108
2.1668,-30.217,17.575
-12.315,3.8454,8.1395
-22.445,-20.452,17.858
-4.227,-13.239,-25.997
-10.01,-11.636,10.694
-27.222,-13.128,14.637
-20.579,-30.465,7.3225
-30.227,-13.427,20.166
-16.769,-0.63884,14.955
-9.598,-20.732,20.749
-30.78,17.666,19.974
-29.603,-21.807,26.423
-24.544,-1.492,4.842
-20.057,4.9864,22.666
2.7669,-4.2715,-4.9751
-27.656,11.884,8.495
-32.675,-18.944,3.3661
9.8351,11.514,3.7687
2.8436,7.7412,-3.9767
10.895,-3.6184,-25.151
3.7218,-16.435,-23.582
4.7721,-1.0116,18.973
-16.037,-18.334,-7.3077
10.622,9.8895,-7.163
1.8155,-1.0627,19.766
-16.34,-13.586,-21.504
-2.5201,6.2331,-25.602
7.8392,4.1556,22.257
1.9399,5.4661,-9.5623
5.9288,-28.878,-14.35
-20.089,-5.4251,-24.367
-27.358,-16.279,18.227
-30.313,14.19,-21.374
-16.532,-26.055,26.562
-24.47,11.453,13.546
2.8026,14.437,-26.674
-19.76,-6.6207,6.6933
-27.673,-24.352,-19.956
1.4165,-29.889,3.699
-24.763,-28.574,-11.539
-7.2756,2.9974,0.46974
-1.4627,-3.4281,21.071
-7.4556,12.676,20.999
-9.496,-30.165,-21.68
-2.1956,-21.282,5.9056
-32.855,-10.019,-16.043
10.621,-19.797,8.8093
-4.4497,-16.335,25.127
9.2913,11.267,19.25
-15.663,4.76,-20.93
-18.008,-8.6789,-23.646
6.2821,-11.205,19.49
5.4977,10.563,-12.689
-19.826,-27.274,-11.493
-18.419,4.3909,-8.6084
-0.22969,-15.267,13.176
-18.347,-29.414,23.794
-29.226,9.2598,-22.052
11.306,10.109,-17.268
-2.5024,-10.699,3.2375
8.6314,-6.0645,-4.711
-33.654,-3.9911,-10.129
-26.718,11.689,3.9943
5.5444,6.2272,5.562
-9.6365,19.26,-10.48
11.857,-18.253,-0.43883
5.8387,-18.387,12.201
-27.285,8.1631,20.467
-11.661,4.3201,25.285
-8.421,-14.138,26.348
-31.26,-30.054,14.303
-23.037,-12.35,3.2257
-10.67,4.5598,-5.9058
5.8436,-1.4237,-11.312
-15.029,-23.885,18.94
-0.71549,-14.222,16.407
1.4381,0.3173,19.663
-5.0487,-4.2204,-24.808
-29.489,16.972,21.466
6.9176,15.695,5.0885
-32.557,-26.36,-22.348
-10.398,6.7441,-21.578
-21.309,5.8633,-26.743
8.5412,-10.693,19.953
-27.763,-30.829,-17.242
-24.018,-24.57,-2.1822
6.5113,-25.702,15.134
-21.108,-15.525,8.858
-33.649,-24.02,-17.551
2.589,-9.6623,6.6503
-20.149,-30.064,-15.455
0.96942,7.2768,9.2289
-7.1974,-23.086,-5.3728
7.0634,-12.978,-16.144
-1.64,-25.061,8.1342
-3.3606,-12.87,-22.049
11.754,9.1205,22.172
-21.106,-5.2583,-7.5681
6.8893,-9.499,-7.9934
-26.528,-0.27086,0.48093
-19.835,-6.4082,19.122
-26.319,14.456,5.4088
-26.715,-4.6233,14.444
6.9373,11.894,-8.674
12.373,-8.5078,-7.082
-27.47,-24.44,14.868
7.2305,-10.785,5.7335
-21.655,8.8051,-15.794
-19.786,-18.06,21.529
-4.9851,-2.7854,-25.245
-9.4834,11.546,8.3558
-32.903,-2.5372,5.1041
-24.373,-1.9562,-7.3338
4.5374,-20.537,-21.461
-5.6021,0.026414,-14.842
-4.813,-17.54,-14.25
-28.948,18.101,17.518
10.903,13.589,-13.465
10.142,-4.5925,-11.785
-4.9629,-18.749,21.76
11.65,-2.8203,6.7485
10.156,7.414,9.3498
11.425,-29.12,-15.718
-1.3872,1.0457,20.443
-16.107,11.688,8.9794
8.9354,-19.465,3.9481
-6.3389,-4.4025,7.5724
10.7,0.3314,3.5545
-19.61,-19.676,-15.161
-19.421,-3.3903,-10.666
12.513,-10.299,4.3654
-2.0072,-30.642,-10.528
-22.018,10.47,-14.832
-22.026,-11.035,13.124
-27.243,-7.9245,25.514
11.611,-30.506,0.82911
-23.263,12.005,22.444
-26.043,8.6048,4.1891
-16.91,-26.05,7.2026
12.311,-13.271,-19.519
-7.3137,-11.717,-2.2319
-29.687,9.8976,23.936
-7.6237,-28.051,25.2
-18.759,-7.8787,-15.819
-8.1699,15.151,-5.8066
-14.689,17.186,-19.966
-23.552,-12.549,16.222
-9.5822,-27.524,24.213
-20.337,11.934,-18.732
5.0339,-1.4331,-4.7377
-14.389,-6.6007,5.1592
-8.7959,-14.577,-16.007
0.21769,-5.4668,20.237
-31.34,-6.7047,26.518
-25.702,-1.8369,15.326
8.3279,-10.071,-21.403
-12.14,-7.0167,16.073
4.1718,-7.4548,23.934
-31.739,-26.299,25.709
-17.398,19.271,5.8225
-16.977,-16.482,0.86492
-9.4389,-12.278,-15.662
-13.141,9.4783,-13.009
-27.49,4.1467,19.472
-9.0348,-3.565,21.979
4.6332,18.559,-6.4505
-10.09,13.933,26.605
-33.462,-30.18,20.041
0.61209,-22.418,-5.857
-18.537,-13.606,24.338
-13.088,10.189,-16.177
3.3487,-11.299,-6.6332
5.1115,-11.142,-4.8923
-28.407,-3.268,-18.719
-3.0305,7.4848,1.0379
-33.4,-23.02,-13.897
-22.421,9.6224,11.801
-27.009,10.951,17.513
-8.3311,-10.762,-19.471
-11.729,-11.631,8.9857
4.1665,-29.644,16.71
-21.846,12.769,-4.3173
1.8954,-15.78,10.865
-7.7904,13.114,-2.9716
11.257,0.96582,20.267
1.8371,-22.319,-5.9033
12.112,1.6532,7.3527
-19.846,-10.141,7.4524
-30.722,-1.2658,-4.1191
-6.801,-13.206,5.9946
-3.7762,9.4076,3.4275
-11.957,6.1957,16.048
3.2633,3.3233,7.2515
8.6827,6.2698,20.583
-11.178,-17.349,-17.501
-4.8326,10.312,-25.473
-33.398,-12.002,-1.4354
-9.694,-8.2081,2.103
5.6497,-30.249,23.671
-15.946,5.9833,3.0879
-9.8171,-5.1947,15.436
-20.663,9.496,10.488
-2.388,-23.954,-25.715
-12.683,-24.565,3.8494
0.54133,-2.1546,14.801
1.6296,12.764,-11.162
7.6086,1.8318,20.824
3.5416,-15.176,-1.1479
-7.0279,7.0423,12.962
-13.532,7.5487,-14.266
-30.755,-19.159,-2.2027
-25.066,-25.016,-14.479
-2.4826,8.5917,23.053
-30.385,-19.282,21.308
-7.948,-2.2164,10.641
-25.457,18.366,-5.1299
-32.613,13.59,5.2935
6.8476,-1.7757,4.331
-9.1431,-24.908,-22.512
-29.955,-18.652,10.221
-6.0573,8.3454,-15.507
-28.581,-1.4222,-25.287
-21.635,17.048,16.776
1.8124,-25.038,-1.9312
-7.1563,4.695,8.4163
-0.39876,-13.057,-6.0685
-22.32,14.238,-22.642
-18.581,-15.23,17.953
-23.399,4.3117,-26.146
-32.398,-21.423,-23.6
-27.156,4.3327,-14.446
-27.95,-8.6606,-19.11
-25.728,-13.447,-26.263
1.9788,-6.5617,14.82
-7.5625,4.9798,-15.299
-19.347,-26.226,-16.383
-29.403,-22.847,23.915
-11.521,5.1781,-8.6743
-11.728,11.994,11.37
-2.2357,-22.762,2.2143
4.7264,-2.5025,-10.707
10.421,-27.683,-0.29215
-2.0976,17.682,6.7963
8.2954,-16.428,-15.31
1.2064,2.1765,21.09
5.708,15.18,-25.581
1.9997,8.9121,-4.0911
-7.2245,13.919,-13.951
-31.612,-7.8558,-25.969
7.5612,-1.8082,-10.932
-29.751,-21.77,8.1513
0.16014,17.279,2.9327
-30.309,-13.791,14.933
-22.664,-10.575,13.415
-8.624,-27.258,15.353
6.3508,-5.5561,-11.274
-10.749,-26.387,17.634
-5.9738,-20.305,-13.536
-2.2167,-29.132,-6.1338
-22.363,0.72187,-4.1689
-31.647,-0.14442,19.173
-25.967,-8.3418,19.12
11.686,-20.634,-12.782
11.45,-2.9129,-18.04
-10.099,0.73134,22.555
-26.879,-21.164,1.15
12.455,-2.1252,27.802
6.6151,-15.727,0.68487
-14.753,-4.2557,0.64246
-27.168,-28.272,8.2719
1.6537,-13.341,0.34182
-3.8512,11.302,-13.11
-33.332,-2.1971,-15.843
6.4203,-27.631,16.285
-7.5426,15.325,-4.1834
-1.8407,-22.693,17.316
-25.266,4.7564,20.083
-32.148,0.70477,12.41
3.2908,8.5826,23.804
-29.684,12.073,-2.9138
4.9881,-3.5124,-24.195
11.64,12.937,-8.0213
-11.042,-2.0672,-1.2321
-6.3759,-10.703,11.43
-16.243,-13.39,17.301
7.9676,-17.523,-0.87549
-6.4552,9.7984,7.8167
-19.384,4.0835,1.8659
4.9637,8.0646,4.212
-3.5134,-26.557,-17.947
3.2617,-1.8742,-26.753
7.7847,-19.799,15.383
-6.3823,-5.8568,-6.237
-33.778,18.679,-6.1766
7.3851,-10.514,-24.654
-32.083,-13.911,4.2548
-30.035,-29.374,-22.517
4.8132,-7.9338,-11.413
-10.317,-1.5275,18.192
-26.035,18.484,11.344
-12.456,-29.866,-0.40077
8.7617,-9.0546,26.689
-12.468,14.923,-18.659
0.89466,-11.573,-13.554
9.5481,-9.2552,3.5324
-27.46,-23.7,14.564
-0.23727,-14.607,21.963
-12.592,-2.1422,-6.5033
-17.446,2.1885,-22.225
-28.489,-3.8675,-22.805
-32.889,4.7233,1.0912
-25.038,-28.365,20.989
-7.57,-15.16,-11.888
7.9187,-2.8119,11.788
-19.49,19.276,6.4583
-9.1383,3.4938,-18.439
-15.782,-23.705,3.1779
-12.991,-6.5518,2.2255
-33.585,16.84,-20.691
-27.335,-2.0933,18.816
-8.2026,16.923,-0.6876
-26.873,-10.387,16.625
-2.3257,17.925,4.1388
-20.18,-18.421,-25.099
-18.743,-25.809,-12.813
8.4064,13.798,18.591
12.219,-3.8389,-14.532
-24.055,-7.1539,12.471
-30.042,-7.8159,5.0916
-22.647,-11.686,-5.2928
11.447,-24.221,-15.505
-2.717,-28.826,-9.6221
-31.207,-7.8293,-8.4818
-13.788,-29.134,13.607
9.5011,-18.185,25.231
1.6413,9.8503,1.6114
-16.824,-9.5865,-13.522
-4.2205,-6.799,4.3027
-32.069,14.548,12.917
3.8185,5.6237,15.608
-25.192,-28.874,-19.514
-5.9572,-16.222,0.56102
-6.0757,1.8227,25.784
-33.581,-28.379,-3.1997
-33.302,-7.3672,-18.942
7.6386,10.599,27.29
10.087,13.957,-4.8552
1.7614,3.7021,-21.5
-19.136,11.137,-1.2355
-7.9453,-7.8074,-15.224
-11.605,3.7709,19.352
-26.602,0.40758,-13.822
-20.519,-25.602,21.307
-17.739,-8.8906,-14.89
4.9465,-1.4795,-17.793
-10.05,-16.506,-6.0061
-12.227,-0.58007,26.271
-32.607,-30.77,-20.435
-0.13633,-11.445,-19.783
-21.158,17.972,-22.817
-15.2,10.281,5.921
-15.01,-27.419,-13.255
10.22,-7.4557,13.592
1.0429,-2.1233,-2.0441
-4.6558,13.43,6.1256
-20.316,-7.3637,-0.71051
-19.089,-23.573,-12.769
7.9555,-14.299,15.258
-17.108,-21.869,-19.581
-29.355,-30.063,6.5104
-11.376,-25.395,23.513
11.089,-7.5851,-19.311
-30.452,-21.508,22.859
-2.8259,-9.538,-8.1466
-3.2424,-13.932,-17.233
-0.020757,7.981,2.0827
9.0747,5.6704,-11.383
8.1359,13.193,8.1691
7.5249,-15.247,22.093
-7.7969,16.021,8.9537
-29.499,-14.103,17.674
-30.408,-0.35713,-17.21
-3.5619,12.347,9.9954
-0.6769,16.985,21.228
-16.47,18.96,-1.3651
10.081,-6.7787,-8.7474
-7.0289,-16.155,-1.1376
-9.7174,-6.4374,6.2847
-31.849,-14.363,-21.163
7.5394,-7.8111,5.4763
-31.925,-5.328,6.2068
-7.1134,0.22049,-25.329
-14.672,-3.0077,-14.389
-18.798,2.0619,13.258
-2.3527,14.79,-19.808
-5.087,-26.755,-24.407
-27.156,-11.845,-1.0416
4.8454,-2.0981,0.55088
-32.039,16.328,20.72
-12.498,-25.754,22.008
-24.604,-4.357,-2.9401
-2.0539,13.376,1.4492
-24.373,14.268,-9.6656
-17.002,11.684,-19.406
-12.099,-13.791,-3.3805
-8.157,-11.074,-16.873
-18.761,-0.68702,11.365
-28.9,-16.75,3.846
-29.416,-18.236,11.09
-12.537,-11.974,2.3145
-29.239,3.6807,14.651
-28.033,11.447,11.041
-8.0126,8.0831,-16.259
-8.4069,4.5379,-5.0082
-1.5667,-4.1462,-24.955
-3.9404,-28.365,6.3246
-26.409,-31.04,17.746
-7.6372,-9.7929,-21.696
-26.547,-23.005,-12.994
-23.87,-6.0404,-24.813
2.1297,4.4076,1.0993
1.9651,-6.5679,-5.463
-18.66,-2.9273,14.583
-13.915,9.8466,-6.8361
11.519,-13.944,13.953
-11.531,10.81,0.90428
2.9649,8.516,4.3687
-8.6937,9.0426,24.889
-15.382,-0.39382,-12.849
12.122,9.0367,-18.006
-13.354,-18.775,-4.5477
-1.0789,3.1856,-18.076
-4.6708,-18.204,13.884
-24.078,7.4082,9.8085
-13.417,-7.3098,-17.179
-13.741,12.088,24.607
-18.831,-6.9865,-14.086
9.3947,-19.704,-26.863
-14.054,-15.305,-20.677
10.616,-25.736,-7.4273
-31.649,1.0043,-12.062
-23.281,-12.677,-9.9732
-10.962,6.5939,7.6211
6.9195,19.318,-2.351
-21.284,16.561,13.151
-9.0036,-30.07,-10.267
-25.53,3.8046,22.832
-11.522,-15.411,5.9745
-1.9889,0.62533,-24.41
-11.667,-1.4057,13.227
-18.896,-4.9788,-14.082
-24.189,-10.738,-25.741
0.92747,-11.407,12.013
-25.647,-11.338,3.9122
-28.284,-27.218,-3.126
-6.8995,17.654,-19.02
2.3919,-6.8132,-1.2985
-11.351,-2.7925,18.186
-31.191,11.648,0.98423
-29.169,-23.296,-26.159
-7.4764,-10.082,26.75
-31.189,-4.3731,7.3136
-29.371,3.9156,8.1149
-4.1636,-30.175,-3.7103
-15.968,-22.826,-15.343
-24.537,-11.472,-20.88
-12.722,-28.152,-24.337
1.0894,16.2,-5.273
-29.526,-22.775,-10.202
-24.851,12.031,-7.5518
-27.387,1.539,3.1114
-7.0444,-14.174,-6.2734
-12.289,-6.1044,-7.1366
-12.322,17.305,-11.919
-24.573,11.73,-15.018
0.23588,10.57,-6.4512
-6.9144,-3.4528,-21.34
8.2022,-4.3906,-3.8048
-32.145,-23.262,13.021
5.1607,-15.005,-25.966
-1.5545,13.418,6.3378
-11.773,-1.5004,19.586
-11.835,-21.047,-3.3422
-28.255,-21.118,21.143
-19.639,15.893,-16.332
4.7559,-5.3027,15.256
-8.9192,8.9156,-20.088
2.532,-23.618,20.918
4.4342,-5.4235,-24.294
-26.664,-20.036,21.621
-10.601,-11.685,-1.7152
4.5404,-24.341,26.8
2.6388,-16.373,11.507
-11.367,15.381,-1.5971
-1.9896,-30.161,-9.5426
4.8342,-15.721,-22.116
-27.85,5.8678,16.601
6.4778,16.898,-5.936
8.0762,-15.493,-24.326
-0.40694,-26.958,26.034
7.1963,-13.946,15.353
-9.145,-15.238,-8.4354
10.118,-27.342,8.5833
-2.4355,-2.5342,-0.7055
-0.54916,-26.628,13.164
-14.177,-26.812,15.376
2.7188,-28.531,-19.569
9.8985,8.5638,20.903
8.5984,-5.8283,10.039
-16.532,-10.276,-15.563
10.957,9.6303,24.336
-20.438,-9.1175,23.367
4.0493,8.7335,27.256
2.7969,9.7002,28.283
-28.6,16.319,-17.44
-33.073,16.888,-2.7571
-24.915,0.81828,22.511
0.96699,13.349,-18.932
-5.1778,-10.125,-3.6149
-29.421,-16.77,5.5796
-4.347,-17.031,13.808
6.6062,4.5691,16.316
-17.24,-28.069,-8.1929
4.1508,-23.477,-15.174
-12.195,14.92,17.455
11.003,-2.0109,26.805
-12.117,-13.044,26.793
-20.79,-27.342,17.929
8.4671,-8.6145,-18.682
-1.2802,4.1422,-14.22
-12.258,18.895,-19.21
-29.445,-4.6843,19.723
-11.535,4.5426,3.3562
2.7003,16.804,17.736
-5.9654,-13.949,1.9378
-31.925,11.958,-4.6295
-19.129,9.2846,10.096
1.4227,14.593,9.9376
-12.298,-22.802,-4.3691
-3.3025,-8.7529,11.779
-8.9537,12.176,-19.808
5.413,17.095,25.823
-6.775,15.575,-6.2285
-20.17,-30.228,15.445
-19.913,-24.387,9.1103
3.0478,-0.37382,3.9914
3.8496,-14.033,13.595
-2.9829,-19.517,3.6531
6.0649,2.4692,2.9592
-10.572,-22.674,16.852
-1.3326,-18.743,6.9622
4.4874,3.6219,14.611
5.4533,-15.254,-19.457
-0.63675,-1.3735,-4.5195
-23.308,-1.2172,12.779
2.0054,-28.402,-3.1155
-26.109,-10.571,0.18694
-23.127,-12.5,16.822
-27.298,-24.239,-2.0681
-5.8196,-4.4273,24.765
-4.6726,-14.213,10.288
7.34,5.6309,-9.129
-28.828,-7.9795,18.199
-3.0727,-6.5766,-2.7194
-25.236,-18.712,-13.865
-22.737,-4.4326,-18.522
7.5675,-0.75222,25.156
-3.8903,-26.609,-13.205
-18.185,-26.875,12.005
-1.1199,-27.674,0.68519
-28.999,-8.4062,-2.6671
5.1911,11.202,-20.853
-25.546,-7.1307,5.1428
-30.7,4.9071,8.7152
-8.4812,-20.249,-24.143
2.165,6.4653,26.496
0.28224,19.241,-6.5958
-19.563,-18.714,-9.7884
-31.165,7.4922,-17.741
-23.564,-12.469,2.2677
-9.6909,-19.87,-20.262
-12.312,18.043,13.033
-32.345,9.4846,-25.403
-7.795,-28.9,1.2592
-17.718,18.898,27.271
-23.542,-15.544,21.927
-21.513,10.296,-21.605
-19.788,-30.319,-21.595
-19.285,3.3504,-14.94
-23.158,11.331,0.09871
-24.826,-21.029,-0.22318
-11.469,17.937,-2.7412
-4.3125,-3.8432,12.584
8.3971,-14.32,-25.879
-31.861,1.8234,-24.642
-21.297,5.4465,-0.98478
-31.576,-22.819,-19.586
-27.848,-14.871,-2.2711
-17.153,11.48,-9.8201
-5.7744,16.202,25.531
11.942,14.953,24.783
-5.1746,-24.152,13.903
1.4445,-25.568,21.042
-31.955,-9.8761,25.918
-28.859,-16.354,-24.699
11.557,4.796,-19.612
-22.698,-25.407,25.242
-12.404,13.018,-13.716
10.864,-21.837,-14.43
10.98,-9.2157,-6.3772
-19.779,9.3526,17.057
3.4285,-30.533,-0.45255
4.6921,15.055,17.777
6.9731,-18.904,22.898
-14.163,8.6082,-13.791
-6.1554,4.4575,19.785
12.126,2.6415,10.266
-31.794,9.1318,10.049
-8.3492,-24.083,-10.145
-2.4758,-13.124,16.622
-28.031,-16.675,-21.243
-19.122,-26.291,4.0666
-4.6073,-13.045,17.717
-2.8611,-11.459,21.001
-2.8158,17.195,27.364
-17.243,17.177,6.3307
-15.171,-22.711,-25.804
-0.884,-7.1489,14.61
-31.429,12.108,-10.582
7.754,-26.235,11.51
-27.541,7.0213,27.443
-31.311,0.28216,12.346
11.433,-28.73,21.483
11.242,-17.433,-23.061
-16.401,-24.902,3.9235
2.8018,-22.495,-10.015
-18.879,14.034,-25.401
-27.112,13.856,7.6149
-5.8899,9.0906,-18.532
-20.203,12.392,8.1976
5.5504,-2.9899,-11.578
-1.1318,-22.204,6.2663
-13.124,-19.04,-24.742
-13.534,-20.839,-1.5143
-9.728,-4.257,17.555
-8.0921,-5.6326,-19.238
-18.911,-23.666,19.195
-2.6612,-11.117,19.569
-2.4177,17.243,-21.403
-32.481,-0.20352,-19.728
-32.582,-25.744,-7.7078
-12.366,-23.556,-12.105
2.3981,14.569,-21.789
-15.899,4.8754,20.363
-27.042,-25.889,-5.9708
-14.462,18.557,20.213
-7.8395,-10.549,-21.949
-33.674,-11.141,-9.3068
6.2541,7.4412,-0.14938
2.0375,13.645,21.937
-10.385,6.2945,2.7409
-17.334,13.509,-1.8254
-10.681,-9.7562,12.187
2.6457,4.3165,6.8548
0.24355,-1.9547,-7.4471
-25.826,-29.046,25.766
-13.433,-8.3869,-4.9742
-12.801,-8.654,19.806
-22.114,-30.908,13.31
-21.398,-20.375,-18.146
-32.078,-5.2594,-11.065
-10.96,-21.899,1.7498
8.0558,-20.902,-21.755
-31.562,1.6208,9.8165
6.3471,-1.9605,15.049
-4.1853,-21.535,-9.6251
-11.141,-19.233,-16.739
-26.135,-29.923,0.087557
-21.73,-21.453,5.6713
-31.654,-1.5067,-26.614
5.3722,-12.935,-20.926
-31.932,-4.8357,7.8275
-27.333,15.637,4.7613
6.0739,1.4166,10.863
11.553,-26.142,-6.7851
9.2789,7.599,-25.41
-19.062,-17.033,0.14137
-8.5583,-0.29819,-21.092
6.7507,7.1291,19.71
-24.735,-28.101,25.865
-31.085,12.505,14.83
-11.816,-21.308,0.3672
5.8362,8.8759,-1.4116
-21.229,17.929,15.707
-19.018,4.5577,-13.033
3.6983,-12.815,-15.903
7.2124,-2.4809,7.1389
-29.806,-15.019,-15
-33.227,-4.4064,-0.66099
-30.232,-5.7107,16.821
-21.846,15.311,9.1851
-21.426,-19.19,13.087
12.234,15.401,-6.7259
-1.8129,-29.106,12.978
-8.2079,-30.852,-13.94
1.434,-14.536,-4.7954
-2.5925,-25.667,5.7548
-14.06,-30.166,-7.172
-4.2937,-24.818,-16.469
10.481,-9.0096,-7.179
0.39695,-2.2871,24.535
-17.538,-30.044,25.14
-29.946,-19.335,21.161
10.137,-0.16786,9.4231
10.642,-27.748,-5.1298
-3.1996,-14.139,-6.509
9.1213,-14.093,17.954
-32.711,-26.85,13.132
-32.045,-24.223,-1.7207
-5.0806,-13.01,-14.21
1.0829,-25.228,22.205
-6.7214,0.59947,22.531
-29.142,14.245,0.75807
5.1219,-24.258,19.406
8.8581,3.0965,7.3005
-26.646,-12.753,7.5552
8.5343,-1.0364,25.593
-3.2584,-4.067,22.5
-8.4953,-18.8,25.77
-24.912,6.8158,20.897
-5.9126,-27.023,21.82
12.471,8.8317,-0.55323
7.8219,-19.578,16.201
-8.7179,12.607,19.119
11.09,3.3206,7.7184
11.744,-29.467,18.874
-0.36207,10.9,18.84
-11.719,-14.796,-3.5275
-31.207,18.241,-26.127
6.4965,-1.9035,-10.039
-14.266,11.076,-11.871
-26.762,-0.75945,-20.478
-18.635,-28.046,-14.229
-4.0679,-12.531,23.579
-1.4828,-1.3294,-3.5659
10.583,-10.369,-12.838
-2.2415,-4.0716,27.663
5.0138,-7.3212,17.276
-25.312,-19.697,7.2608
-31.11,-11.945,16.87
-21.192,-28.415,-0.58656
-13.386,-11.876,28.261
-30.078,16.717,-4.7975
3.4266,6.2057,21.889
-14.398,-15.368,4.213
-8.9274,-0.065687,7.9243
-29.736,2.0338,1.8832
1.3711,-21.203,-5.5485
-0.79198,-26.252,-19.062
-33.569,16.861,-22.391
-33.783,9.6404,-6.784
-5.9051,8.4015,21.924
3.0873,1.0154,-23.112
-29.752,9.451,19.591
9.166,-7.2674,24.532
-25.27,-18.238,-0.35249
11.408,11.189,-5.0578
-30.185,2.9893,2.8497
-31.211,-0.42319,-13.983
1.9436,-31.219,-23.451
-13.198,-21.394,-11.802
-23.136,-24.732,-0.98056
3.2731,15.405,25.357
-3.1845,19.248,12.758
-11.553,18.521,-14.811
-29.78,-7.0474,4.3458
-2.447,-4.362,-23.507
-29.652,-6.3738,9.0039
9.7739,-7.6711,22.863
-2.1523,-2.4258,3.4077
-27.155,6.6145,-23.497
-7.6235,8.3337,-17.611
-20.721,-5.7885,-0.00351
-21.087,-12.051,4.1783
-14.915,-29.878,0.50148
1.5466,-26.84,2.2241
-31.894,-28.252,2.8682
-5.9294,7.8967,2.6699
11.561,-16.126,-11.775
-22.039,-1.7561,14.144
-13.473,-21.924,2.8437
-20.662,-19.118,20.871
1.4414,-1.4303,16.054
-16.159,-25.053,-12.921
-2.4382,17.215,13.619
10.292,18.22,18.703
-27.46,0.12675,18.611
5.2414,-15.187,-10.679
0.089337,1.5731,-12.032
-13.692,-18.684,14.772
-19.985,0.7551,-5.7987
-33.69,17.681,-20.344
-4.7825,-6.3082,16.523
9.5171,9.1721,9.4839
-32.739,10.142,-18.824
-28.201,4.5286,-7.5309
2.1156,-27.037,-8.806
-11.072,-13.522,20.496
-20.827,4.4901,-0.46936
-29.382,-12.966,-13.721
-6.1599,10.607,18.913
-23.912,-21.896,-12.297
1.4306,-19.636,19.358
-12.34,-20.791,25.158
5.779,7.6901,16.962
-22.952,-9.9686,-22.821
-13.201,-2.5813,-24.405
-33.005,-18.837,15.275
-22.574,3.1868,9.7018
7.6059,6.3547,18.17
10.369,-13.406,15.793
-7.8868,-17.59,5.6466
-28.297,2.2676,-23.916
7.2766,-17.867,-1.4561
-13.355,4.0348,-16.456
2.848,-20.897,19.515
1.551,-19.578,19.476
11.743,3.2989,17.216
-10.487,-25.133,-14.69
-24.468,-20.23,19.736
-6.9348,-28.542,-9.3828
-24.224,-21.044,-25.033
-29.454,1.9822,-9.0784
-21.267,12.332,-12.229
-25.769,-21.732,-25.906
4.5274,11.209,25.005
9.6291,-10.212,13.667
3.1156,-15.612,-24.458
-20.582,-15.735,-0.89895
-6.272,-9.2487,9.5595
-18.055,-5.9187,14.57
3.7243,8.777,-4.6951
-19.075,17.016,12.045
-27.795,-14.36,12.365
-3.9379,-23.158,23.625
9.3654,9.094,26.157
-4.8577,-9.9557,-20.962
11.56,10.088,16.894
-5.093,9.7428,-6.1912
-9.0541,13.214,13.527
-5.391,-5.3687,-18.325
-1.8863,17.378,-23.633
-3.0308,-19.584,20.151
-27.822,-30.329,16.098
-29.332,-28.753,-26.854
-32.44,8.4655,-2.5246
-8.7383,15.383,0.87936
-4.5902,-14.217,24.456
-33.956,9.782,-1.9463
7.7942,11.52,-8.3557
-4.2821,15.822,-26.415
7.0316,-6.0775,-12.707
-15.207,-15.048,-14.236
4.7225,-14.364,7.6304
-27.763,-5.2468,21.052
-24.37,4.6818,8.1065
-20.488,14.359,-6.4334
-2.9975,6.6104,-25.805
5.8588,2.3683,1.472
-4.7251,-22.973,24.984
-31.498,-5.317,10.458
-17.546,6.4387,5.3075
-32.095,1.9843,-25.955
-26.079,-22.355,17.337
2.8517,12.11,8.6062
-17.723,13.752,11.269
2.4306,-2.3543,-22.584
-7.4824,-16.115,-22.324
3.6028,12.481,21.618
-25.775,-23.047,8.9703
-8.5406,-28.797,-3.9619
-28.322,-12.192,-7.042
-15.281,9.525,17.966
-22.991,-19.288,8.18
-14.031,8.4701,-19.802
-28.94,-5.3086,22.386
-33.769,-3.6824,4.7494
-9.9244,14.99,0.60168
-7.3957,-18.804,10.03
-13.885,-19.213,8.1102
-18.078,-10.925,6.9109
10.244,-8.8541,20.698
12.247,7.977,23.583
3.5631,-18.041,7.7201
-3.1342,9.4077,-21.333
8.5034,-15.124,-13.406
-30.81,2.9481,-26.572
-16.725,14.538,-19.885
-28.477,-24.165,-1.1434
-0.18092,-1.8163,24.815
-32.494,9.7353,-22.881
11.436,0.61413,0.72361
10.251,-28.594,-4.6114
7.629,13.597,8.4513
-10.583,-27.346,-2.4299
8.1591,9.7829,-3.6027
-11.435,-29.065,-1.0069
9.4756,-12.419,-11.516
-17.093,-8.2551,24.939
-30.082,-27.078,10.949
12.553,-28.736,4.5797
-7.0775,11.486,-10.464
-17.86,-0.12216,-23.68
-12.884,-5.3311,11.064
5.4829,18.46,6.3515
-12.907,10.257,10.882
11.176,-24.543,-22.291
-0.65934,-6.2795,22.572
-3.5642,-2.7982,25.441
-13.39,-23.313,18.253
-25.833,-22.107,25.532
-6.6734,-27.28,-26.881
2.4971,-22.278,-15.325
-26.801,5.4575,-7.1604
-18.476,2.9922,17.189
-27.988,-28.544,-12.801
-19.472,-4.4375,5.5205
-10.374,12.382,4.4473
6.8958,-13.239,-15.868
-21.469,-28.056,-11.532
-20.759,4.7033,-17.904
-19.583,8.9997,11.659
-8.5623,0.90452,-19.342
-17.802,17.445,-22.912
7.7172,0.10135,-0.89161
-6.4378,-3.2305,-13.651
5.9403,6.4719,18.72
-9.4184,-0.68766,-20.624
-8.9029,-10.152,16.512
-2.5257,13.615,-20.926
-5.5957,12.538,-25.807
11.288,4.2825,7.4408
-15.654,14.36,6.3432
-22.83,12.676,23.525
0.8093,3.006,-2.168
4.8608,1.0519,-1.8871
-7.2266,-6.3146,-3.8793
4.6711,-21.631,13.643
-20.138,14.124,2.7646
-30.938,-22.914,0.82016
-11.165,4.455,-20.953
-7.41,11.284,-5.4814
-29.163,8.0193,0.86102
2.477,-12.168,24.677
-7.1949,-21.827,27.512
-3.2415,-10.404,8.7933
-4.4295,-15.409,9.1709
1.226,-6.9093,-10.597
-1.7945,-7.1218,11.328
-25.256,-3.9894,17.485
-19.161,-18.708,18.15
11.596,-30.583,-23.815
-31.325,7.696,23.246
-6.2852,1.5664,-1.0956
-26.723,-30.129,1.5281
-8.0548,-24.107,4.6852
-4.2102,8.9673,-18.559
-31.183,-26.775,13.705
-6.746,-23.19,3.1
-30.087,-8.0437,-6.5827
-21.171,9.6021,-25.763
-18.305,16.357,12.966
4.2157,19.262,-9.039
-2.4061,1.3202,7.3282
-2.9029,-13.234,-12.555
9.2794,14.216,-26.808
-7.31,-25.157,2.6394
-16.611,-5.9953,26.929
-15.655,-28.585,-26.093
7.2867,-2.1086,-0.41668
-13.32,8.7002,26.909
-12.939,12.908,-16.135
-21.787,11.699,-11.16
-7.1817,1.4603,24.84
-9.1981,-26.985,10.352
10.356,-30.902,-12.808
-8,8.7365,-10.445
-7.3648,11.762,22.702
-6.15,12.141,14.106
2.7857,5.1765,-3.8217
4.324,-22.341,-24.071
6.726,-6.4852,22.845
-25.844,-12.481,7.2687
-26.723,9.2735,-12.297
-20.246,-20.046,-9.677
4.4626,-6.8623,-9.4951
-17.046,-27.598,8.2969
-3.4966,1.6283,-4.4273
-2.316,15.371,-7.7645
-18.599,-15.289,-16.965
8.2652,-0.45382,11.925
-33.722,4.1144,22.891
2.4756,7.9634,14.361
-8.3819,19.164,-15.63
-28.912,-15.234,-7.5761
-6.3737,-2.2561,-2.9845
1.2632,19.15,26.934
-27.975,16.977,0.15546
-6.3079,5.9089,-0.13422
1.6858,19.358,3.3085
-32.465,18.528,19.025
-16.622,-28.209,5.7982
-8.1807,-0.55197,15.973
-31.321,-17.894,-7.8177
12.01,7.9292,-17.231
11.462,10.677,0.22154
-23.558,0.30108,-3.0431
-13.053,-14.005,5.5144
-11.883,-15.881,-26.977
-31.32,-5.5023,2.3944
12.05,-6.5399,16.379
-27.291,-28.474,27.026
3.4462,-11.132,-3.0669
-27.154,14.18,20.851
-24.266,16.587,-1.8283
-27.084,-11.137,13.02
-6.4176,-4.4188,-12.097
6.9182,-6.5862,-4.7566
4.3748,11.599,16.646
9.2046,-15.884,-12.275
-19.701,12.347,-2.4229
4.4561,-24.166,-14.033
2.2838,-18.094,-14.399
-13.216,11.651,-15.89
-24.42,1.8343,7.3949
-11.01,4.5589,-21.883
10.195,-10.011,-19.648
-18.968,-9.6556,3.5387
-2.8333,-12.912,-22.43
-4.8698,-4.1891,-0.12104
-23.538,-15.717,23.368
7.322,7.1618,2.8488
-30.703,2.1157,-18.856
-25.812,1.0669,15.441
-20.76,5.1548,-24.935
-21.186,-21.087,14.943
-17.357,3.1201,-6.8053
10.565,-4.6654,18.327
-5.5112,-18.745,-19.637
-1.4094,-30.529,-2.2443
-21.62,1.3141,-21.469
1.6873,1.9544,-9.8396
-9.9123,-21.145,4.7887
-22.022,-18.247,20.032
-23.076,0.52505,-26.114
-29.686,6.3593,6.3448
-3.2308,15.209,11.974
-6.807,-21.593,-15.247
8.9273,-2.3361,-24.182
-16.216,18.919,-19.506
8.4437,-22.83,22.763
-2.8245,0.21415,-26.7
-8.1629,-24.002,16.543
-20.918,-3.1524,-2.2792
-9.0819,-21.839,1.9519
-22.383,-8.9866,11.572
-29.782,12.721,1.6293
-30.952,-17.662,-22.57
0.52183,-21.745,10.898
-1.6276,16.835,18.88
4.2319,15.604,21.428
-32.174,0.70993,1.7259
0.60793,-30.403,20.731
-21.27,-19.331,15.226
-20.573,19.022,10.086
-7.5889,8.1881,-27.003
-5.0768,-31.047,6.4682
-1.8729,-5.7661,2.6765
-0.099877,-8.2436,-24.488
-11.448,8.275,8.6547
-2.8718,-7.2562,0.54278
-4.1063,1.4843,-10.535
-13.169,12.635,-27.035
-26.453,-30.028,4.0115
-6.2867,-2.0669,28.135
-6.9216,-24.93,1.4387
2.0232,16.736,-1.935
10.579,-30.463,7.4816
-7.6503,-29.848,-13.78
-5.5253,-25.733,-25.19
-6.25,-18.286,-0.80923
-28.278,-22.729,9.8585
-11.87,-24.013,2.1281
-7.7478,-2.6696,14.477
-17.55,3.8618,-25.266
1.494,-30.026,-7.5184
-3.0292,9.3038,-3.0965
-10.15,-20.339,-7.1532
-17.64,6.3185,15.396
-2.5602,-6.4139,0.37524
-0.68653,-15.529,-26.692
-0.28519,-5.3049,21.932
-15.348,-23.847,-1.0924
-3.4138,-6.85,-25.328
-19.465,-3.7005,-2.7684
-22.676,-1.5275,20.025
-0.97713,-11.688,10.425
-16.881,15.323,-13.979
-23.571,-2.9763,25.235
-3.5704,-9.3819,-26.668
-8.7717,-20.715,-5.0136
-20.855,4.0349,-9.0349
3.7991,-10.532,-25.159
-4.8789,14.569,7.2268
-8.522,-28.861,18.31
0.76837,-8.5246,-24.737
8.3897,18.451,27.687
-3.025,0.60889,12.497
1.8033,-15.801,-9.195
10.833,-17.57,0.79242
2.3002,-5.4344,-13.145
1.6855,2.507,23.156
-6.5203,-28.701,12.846
-16.707,-21.822,21.923
-25.589,-20.41,-15.823
-17.574,-29.375,-9.0483
-9.7955,1.9165,-3.9484
9.3594,2.9601,18.705
-1.3852,-4.8308,-6.1887
-13.465,-11.468,-18.714
4.1214,-12.823,13.954
-30.245,-29.492,-22.863
-8.0801,12.662,-7.0215
-7.4843,4.9344,10.8
8.77,0.91481,16.227
-27.436,-26.781,26.666
2.9632,-12.326,-3.4503
-16.783,18.697,-9.1671
12.234,-30.804,7.702
-12.12,18.366,27.31
4.3553,-25.17,-3.5111
-11.146,-13.291,-4.5326
-32.592,-30.985,-19.58
-15.742,-19.111,20.825
0.78259,-6.4211,19.799
-3.3113,1.2494,-8.0538
-28.824,6.9985,7.4389
5.6469,-8.2214,16.583
3.0817,-6.3584,22.621
-3.5281,-25.983,-7.2113
-22.874,-19.97,20.105
-29.409,12.23,15.102
10.239,-18.479,21.964
-23.147,-22.523,-5.0671
-11.322,5.9474,1.5295
-17.285,3.1963,22.053
0.27982,-22.736,-26.116
-6.6259,-1.7385,-17.657
6.6146,-29.698,-22.652
-4.6643,19.194,-25.731
11.754,-6.6935,-6.3356
-29.28,-9.2134,-19.18
10.377,-27.345,-21.011
-21.702,-19.136,10.078
-29.276,15.882,-20.334
-29.164,-26.325,1.1143
8.5727,-5.9389,-3.8286
-3.045,11.051,-11.965
-25.87,-20.07,-16.675
-18.632,-17.349,9.2061
-19.077,-29.995,5.5221
-18.649,-17.455,11.174
-13.042,-12.55,-9.8753
-23.628,16.017,15.654
-9.186,-3.2323,14.685
4.8267,0.96837,17.438
-17.52,12.16,-21.033
-15.639,-20.527,12.93
-30.036,12.927,19.306
-10.012,-14.945,11.608
-12.144,-2.1293,-24.197
6.0133,8.1247,-3.5241
-23.786,-10.708,8.0757
-4.2425,-12.694,15.799
-30.344,-21.646,9.071
-13.74,-5.8133,-26.972
-23.219,5.9773,-3.8629
-23.045,-22.767,-0.11235
-16.705,-18.199,0.9361
4.6993,4.7993,12.638
-19.626,-4.8674,10.152
-25.662,5.8285,-14.806
0.86735,14.037,-18.045
9.0411,-14.219,7.2152
-23.05,-25.383,-16.964
-31.325,-26.441,-8.3362
-21.713,-27.474,-25.486
-15.99,2.6292,-2.8674
-18.301,17.146,16.384
9.6517,13.932,23.6
-20.033,15.243,-15.749
-32.771,4.0883,-8.6903
-23.87,-0.3032,-8.3376
-10.266,12.794,-13.588
-5.6347,-1.8166,-16.066
-6.7163,-0.04318,-18.641
9.8341,0.47102,7.6522
-32.792,-8.4089,-14.808
-33.387,-27.073,-4.402
3.7388,12.09,10.15
-11.968,19.275,5.0087
-31.781,-20.148,-21.133
-29.499,-30.161,6.044
8.3349,-5.247,-25.941
-26.24,11.195,-4.393
-17.645,-9.1595,-11.695
-21.366,-16.978,20.282
6.5183,6.1739,-9.3999
-3.8713,6.2655,-9.4318
10.258,-2.144,-2.3075
-1.0877,-12.772,5.2688
-10.46,-7.8243,-12.018
-22.192,-2.4149,3.7332
1.8562,-23.065,10.815
-2.1531,17.448,26.661
10.067,-2.108,13.251
6.6493,15.211,-2.5394
-26.856,17.896,-3.4823
-12.608,-19.954,-21.456
6.3755,-2.134,10.097
-8.4343,9.5281,7.5804
-14.829,-11.422,13.349
8.0946,-9.8219,-0.47982
-33.186,-17.847,-20.988
-14.558,-3.714,-9.491
-22.234,-7.8976,-6.6219
-6.4022,16.778,21.707
-6.8187,-8.9939,-10.27
-18.014,-5.0585,1.3809
7.3922,-10.76,0.94964
5.3509,-26.677,26.443
-29.421,16.501,-0.35893
-14.79,-5.8505,13.042
-19.051,-20.572,17.621
1.5691,6.1713,10.529
-8.817,-27.026,12.667
-14.1,-23.901,-18.609
-25.251,-21.341,5.1829
-33.499,-22.052,-20.298
-15.674,-13.677,-3.9595
-33.959,-15.769,19.595
-18.622,-29.268,13.903
-22.558,-6.9358,15.939
7.0309,2.372,27.586
-30.469,10.422,16.331
-25.524,-23.707,-13.572
-23.619,-27.07,10.56
-10.196,10.2,12.696
-6.2626,-21.686,-17.557
-6.6716,-7.8975,13.754
-33.913,0.0067538,-17.946
-10.899,-14.026,-10.691
-12.694,-27.568,11.09
10.679,-28.58,24.418
-9.4439,1.6736,-17.792
-18.242,-4.7736,-6.5133
-18.188,-21.868,13.172
7.1999,-18.085,-2.589
-28.69,-17.307,13.841
-18.7,-29.46,-5.1702
-33.739,5.7884,21.423
7.3023,-2.9525,-18.924
-3.8811,-21.367,26.388
-29.699,6.01,1.0495
-19.077,-29.577,10.304
-24.148,-30.865,-1.467
-13.363,-29.487,21.27
9.0266,10.952,-4.0215
2.8856,-18.289,-8.6748
-15.457,17.466,-8.0601
-6.5391,-15.923,17.284
10.293,14.288,-24.541
-13.405,13.684,-21.04
4.2216,8.7724,-14.707
9.5338,-17.597,0.41449
-25.018,-29.149,-22.749
-11.312,-15.452,-11.895
8.8232,-11.547,-13.943
-26.523,5.7543,-2.8637
2.7398,14.627,-6.6364
5.5303,-23.515,14.103
0.17447,-15.864,5.0914
-4.3203,16.004,-11.123
-3.1917,7.8885,-13.529
-16.204,14.161,19.904
-23.404,-29.656,8.78
-17.299,-10.767,-22.111
-1.154,-13.306,-24.666
-6.3411,0.4611,-5.6812
0.16284,-18.747,-24.806
-9.1759,16.822,-5.0786
-24.066,-28.313,-4.0106
-4.6348,-28.513,22.696
-24.556,-29.91,27.469
-6.5328,12.153,-12.278
-24.177,11.751,-9.2002
8.7869,-20.341,-4.3573
-20.005,15.993,2.7585
-10.092,-29.765,1.1385
-23.614,-28.624,4.5465
-5.6509,18.02,-22.097
-15.761,-4.0395,-12.501
5.0042,-16.753,3.5524
-11.93,18.898,14.72
-16.643,-5.9556,10.998
-21.249,-28.017,-10.419
-9.0923,-12.733,-7.2935
-26.355,8.2744,-26.82
-33.561,8.2759,9.8209
-19.285,-18.707,-17.755
-21.127,-19.699,-11.483
2.5735,13.188,3.9113
12.368,1.3366,19.898
-17.916,-11.575,21.194
8.3476,-27.023,-24.396
-13.048,-2.2881,-25.178
-6.4639,-0.24646,-10.295
-31.551,-7.1096,-10.576
5.0242,-5.4097,3.7095
-20.576,-6.3701,20.541
-21.997,-13.044,-6.8617
-1.7678,-21.042,27.6
-4.1176,6.7106,19.36
-20.556,-22.729,12.204
-3.7079,5.1222,-19.015
-16.971,-23.964,-24.842
-30.189,-29.891,22.671
-26.48,-15.442,16.187
-8.6063,-27.883,7.7569
-4.6375,15.099,-14.88
0.39412,0.78639,28.013
2.0794,-1.3208,24.014
-10.869,-1.6159,-11.887
-7.4059,-19.647,-13.288
6.4324,-0.30974,17.035
-32.243,3.0221,19.065
10.546,-25.58,-24.128
-26.107,0.57133,20.426
8.7325,-7.6697,-12.289
8.1074,-7.1029,-12.311
-21.49,-28.574,16.176
6.8725,-1.821,21.598
2.5548,-4.8491,-16.029
-7.2299,13.064,24.032
6.7746,-6.0483,10.966
-25.38,-1.2748,26.999
-7.7562,5.1298,-2.199
-7.2233,-12.916,10.447
-27.186,14.287,17.552
3.9694,7.9317,-13.071
-33.327,-14.78,-20.306
-22.859,-9.4068,25.51
-31.511,-26.247,14.092
-26.537,-22.31,9.6621
-3.9795,-7.3288,-9.0918
-23.242,-3.9752,8.4001
-30.928,-13.981,-12.387
3.6739,19.379,2.6109
3.9783,-27.849,-15.737
-0.40202,11.264,15.074
3.8159,17.574,8.4534
6.2943,-11.543,26.749
-13.751,6.1969,-24.957
6.3299,-24.19,14.401
-26.583,9.4359,-3.1353
-25.433,-7.5739,18.66
-13.697,-15.858,-18.008
-24.622,-13.573,-5.7829
-19.885,-0.9508,18.499
-22.416,-4.5689,-22.289
-3.0889,-0.71747,-6.9897
-26.227,1.6017,11.978
-20.484,-5.2033,4.4172
-26.521,18.425,16.897
-28.883,13.287,25.118
-11.045,-18.476,20.626
6.8945,17.06,18.54
-31.957,4.9382,13.453
-5.4748,8.8699,-14.331
1.3403,-11.338,27.293
-10.799,14.487,-7.5609
-23.341,-18.944,11.086
-11.127,-0.2986,10.357
-30.946,6.1966,10.068
10.801,18.056,24.35
9.6479,-4.516,24.902
-12.505,12.279,2.1899
-10.562,3.7148,15.739
-9.5288,-12.628,-26.728
2.1553,-30.746,-1.5785
-17.187,-14.703,10.974
-24.217,15.309,-14.71
-27.361,-7.1402,2.3136
3.0288,-31.039,6.2543
-19.683,-24.249,-21.139
7.981,17.83,11.59
-28.088,-20.922,28.076
-18.75,-24.815,-17.285
7.2132,-5.9418,-10.735
-31.069,-28.828,9.0176
-1.1694,12.269,-21.581
-10.39,-17.96,6.9257
-8.966,-3.9031,5.5506
-10.95,18.625,6.8723
-11.899,-6.0849,1.6126
6.1254,-4.7693,-14.769
-2.2147,1.5527,-15.729
-0.44764,10.712,3.6495
5.1032,2.8439,19.247
-13.529,5.0362,-2.6371
2.3603,6.8432,-6.0478
-19.198,5.2098,3.6241
-32.689,-17.293,20.973
-19.302,8.792,22.332
9.3086,5.5855,3.1824
4.7627,7.8058,21.544
10.629,7.4274,-21.48
-11.482,-25.837,10.561
-2.5295,-0.26498,4.1968
-1.7,14.479,1.9474
12.085,9.4823,10.722
7.3585,-15.389,-13.244
9.2055,-3.4753,-8.8084
5.845,-8.1131,-20.327
-4.8502,-9.129,-17.697
-23.351,-9.5354,27.106
-9.6267,-0.68089,-1.9035
-11.567,3.6579,11.561
2.934,-2.1583,-23.56
-12.522,-1.8843,-16.578
-32.587,-15.468,7.8132
2.5101,-2.108,28.147
-8.0595,2.2078,-0.71146
4.0309,-18.292,11.073
-8.3109,-30.452,11.636
-27.166,11.286,25.429
-33.344,8.8591,-2.9516
6.5213,-11.334,-26.702
-20.562,-22.828,-0.70615
-33.313,18.073,13.9
5.6537,18.305,-11.041
-26.791,-26.904,14.903
12.042,16.539,-24.423
-32.65,5.1345,-25.369
-14.915,3.3874,-19.747
-13.473,-11.118,-14.923
-33.035,-22.494,5.2977
-12.94,18.489,-8.0998
-6.1806,0.34644,1.3883
-30.317,-5.6922,-8.0007
-22.619,18.966,22.267
-21.337,11.919,-14.097
6.5336,-30.739,14.135
-5.5519,-17.935,-1.6427
-16.372,-28.914,-5.6354
-9.6518,-15.579,-3.5406
6.6884,0.89238,14.806
11.625,17.838,-9.1611
9.7561,10.933,-1.784
-13.692,-30.672,22.203
-30.345,-7.1556,2.1048
-9.8654,-1.709,15.21
-28.493,-6.6433,3.7949
-5.3936,-29.179,2.2316
6.9659,-1.3843,-2.6927
-8.4353,-17.401,-11.511
1.4079,-14.957,2.7755
-30.933,14.292,-24.263
1.91,18.599,26.417
-30.164,12.089,-17.957
-6.2101,-25.278,-6.6395
-29.883,-28.23,28.271
-2.792,-26.927,14.176
5.5739,-24.146,23.296
-5.7209,5.8533,-9.2346
-29.843,-22.511,-2.0558
-19.602,12.606,12.618
-8.5372,-26.359,-14.157
-15.992,-6.0617,-12.275
-19.063,-2.4717,24.677
-20.857,-7.4237,21.14
2.3032,-11.426,-12.072
6.1288,7.1044,18.393
-8.2681,-29.17,-2.9333
-14.53,-21.663,-20.477
8.1153,5.6217,-1.1121
-25.928,4.945,10.015
-29.12,-11.932,12.347
-32.416,-25.277,-16.577
9.8784,-5.832,-0.28845
-26.228,0.45972,14.077
-32.97,-23.77,26.074
-22.317,-19.808,19.85
-24.109,-20.649,-11.414
-9.7188,-2.5898,28.081
7.9771,-6.1663,-9.9299
-4.3938,-22.171,27.152
-30.154,-6.3408,-3.3091
-22.598,8.1755,28.177
-18.63,-11.433,-25.438
-12.631,-14.39,-1.2155
-30.115,-10.941,18.914
-10.194,5.3704,-16.465
-5.923,8.3446,-14.186
-13.303,-24.999,27.653
-10.132,-8.4117,27.867
-16.095,18.3,-8.3781
11.198,11.095,5.9075
-23.89,7.9318,-8.7929
10.417,-16.606,-0.11629
9.8053,-23.539,-9.7667
-22.117,-2.5791,7.1559
-8.1605,0.7367,-7.0959
8.7734,-2.6293,-23.778
-13.66,16.793,6.4555
-3.1805,-9.5978,-26.328
-25.359,4.4565,-21.354
-0.84096,-8.9294,-5.5161
-6.0865,-24.686,-5.4334
-12.543,1.5559,20.755
-2.0032,-21.692,-7.876
-27.75,13.441,-14.713
-6.1609,19.042,4.9353
-12.385,0.68656,-17.91
2.504,-5.4965,1.7748
-22.611,-11.559,-23.425
-3.9939,-16.403,-1.7155
-30.993,1.5671,0.92185
-6.8088,11.41,-0.76223
6.7493,-20.233,14.925
-20.075,7.6972,22.602
-19.309,13.326,15.141
-7.8795,-30.921,17.657
-26.341,-24.236,10.357
-18.407,-28.997,-7.3836
-33.381,-13.371,-25.086
-13.473,-24.069,16.145
-12.919,-15.764,-15.531
-5.2618,-3.8757,12.162
1.1288,-27.484,10.921
-30.684,15.028,-20.61
-23.456,-30.073,8.789
-16.187,3.702,-5.8012
9.9213,8.5149,14.991
-11.443,-18.033,-4.4193
-9.042,3.3792,14.292
-26.268,-1.4023,11.245
-31.034,16.554,-6.0998
-32.212,-30.142,-23.252
5.8115,9.129,-12.79
-29.867,-2.4836,-7.1969
2.341,2.2927,-22.633
-15.066,7.745,-7.1545
-18.951,8.5531,-17.018
12.075,7.9892,-15.308
-8.2033,-26.751,-20.841
-31.674,-22.818,-13.059
0.67796,-14.069,-2.934
-25.557,-2.4281,11.551
0.86981,-22.848,9.0909
3.8206,3.2503,18.244
4.7847,-13.557,-5.5011
6.6817,17.444,9.6427
-2.6909,14.376,-13.128
-31.476,-16.962,2.4553
-16.155,-13.849,17.31
-19.2,8.5993,11.336
-11.489,19.159,-10.007
-4.0344,18.736,22.988
-14.352,2.4305,-19.746
-21.053,-20.208,2.4222
-15.483,11.169,-20.831
-2.5587,5.2476,2.3869
-6.7053,11.273,-1.3296
-27.131,-2.0913,-14.323
-22.316,7.6258,-9.1165
8.4101,-29.908,13.922
-1.8005,16.334,26.795
-17.81,-13.147,6.4115
-28.753,-10.393,5.5182
-4.8115,10.42,-20.003
10.867,14.806,-7.4206
-14.394,16.155,-24.48
-0.036046,-4.7282,14.77
-3.5213,-19.599,11.128
-0.56998,-29.014,-5.5762
-3.2237,-7.2584,22.67
-10.231,-29.087,-20.391
0.53413,-22.778,-25.864
1.8913,-16.262,-8.082
-19.151,-7.0821,13.601
1.9099,-8.1626,-27.033
6.8816,-25.224,-1.3627
-21.412,-19.154,-8.0677
3.3945,15.997,-19.541
11.696,-13.144,-24.168
4.8156,-6.1265,25.383
-26.628,-21.915,22.669
2.1961,18.658,-25.529
0.59686,16.935,10.057
-27.74,-1.6723,12.489
4.7197,-15.801,0.11092
4.3541,-29.414,-15.314
9.6305,11.766,19.183
-10.641,-8.7143,-22.569
3.4026,-22.75,21.359
-6.166,-19.422,2.4675
-6.1828,-17.511,10.012
5.7414,15.441,28.252
-10.669,8.0559,-11.923
9.5241,-15.198,7.5836
7.3291,5.7228,-21.991
-13.816,-27.939,13.119
-22.696,-24.588,19.846
-6.333,16.131,-22.975
0.32842,-0.26717,-4.2747
-14.63,13.562,-17.616
-3.185,12.144,-18.921
-7.0711,3.391,-6.886
6.2281,-10.567,-17.457
-8.7425,-18.745,17.524
7.0301,18.844,-26.082
-33.316,-30.066,-8.5079
-19.136,-29.836,24.868
-13.516,-0.20824,6.7346
-21.167,16.686,-3.5216
-0.93351,12.872,-7.1189
-14.86,-24.88,12.724
-14.893,10.534,-15.099
-17.031,1.482,-16.232
-19.672,-28.671,22.669
-10.308,-3.0196,25.785
3.4704,18.725,-4.9142
-24.119,-8.9661,14.085
-14.124,3.1573,-15.737
-3.5528,-22.892,-0.97215
-5.3625,-4.1474,12.345
5.3877,-28.258,-26.987
-27.219,-10.295,-1.9812
-10.964,0.21407,9.6656
-22.803,-25.187,-27.033
8.0535,-2.1376,27.288
-5.4877,14.864,21.203
-13.405,7.6731,15.572
2.7349,-25.326,-23.797
-0.17434,15.545,16.453
10.655,0.65413,-22.89
5.0648,14.36,-10.776
9.4954,-12.495,-3.1973
9.6814,14.611,16.854
-31.027,-7.4428,9.5077
-32.394,-23.712,13.69
-25.789,-30.176,-19.463
-7.3723,-10.707,-19.555
-21.275,-30.278,17.992
-9.0523,-12.641,23.057
-5.6066,-20.132,-1.5465
8.1887,19.311,-22.149
5.763,-8.899,13.301
12.47,-5.0385,-19.195
-33.527,18.324,-13.578
9.4072,-4.1319,27.646
-2.6069,-4.1536,-17.246
-25.492,6.7202,-23.219
-26.016,-16.696,-0.32955
-5.7586,-1.9293,1.4425
-28.483,-9.2435,14.307
-11.093,1.5075,-7.8478
10.92,-15.042,1.9513
-1.1473,-20.954,-6.5652
-26.529,10.037,-20.56
-21.801,-29.215,-15.305
-7.1166,11.814,14.199
-15.562,13.342,-24.798
-5.2985,1.2794,-0.001858
4.6709,18.172,12.315
-31.656,-23.22,9.9408
-21.683,18.216,-12.348
-9.7363,-21.377,-26.774
10.345,-5.7581,24.426
-21.796,16.16,27.67
-13.541,3.5197,15.472
-1.2924,-20.59,9.1297
-31.024,18.034,-22.551
-3.8317,19.223,11.046
-33.411,-29.456,-26.37
3.7028,-7.7095,-20.727
-9.8292,9.1669,1.2825
-24.237,-14.871,-13.444
-16.577,-31.077,-24.951
-16.905,-2.6042,-17.928
-25.523,-24.677,-14.416
2.6693,-0.076695,-16.535
-22.851,-26.132,-4.7158
4.0953,6.3802,18.807
6.7556,-22.089,-5.5168
-5.1322,-29.648,19.345
-14.714,2.2799,0.10353
-27.285,0.16751,4.8182
-21.745,0.49409,7.5385
-2.5096,-22.282,17.082
-13.023,-9.738,-24.002
-22,-22.484,-7.3757
-19.015,11.357,-20.048
-30.152,-25.682,9.1564
-4.271,1.3401,-5.3046
7.1698,9.2893,-13.54
-15.937,16.523,19.909
-4.9287,-28.93,-25.631
-20.489,-5.4508,-23.167
8.8756,14.175,6.9928
5.6901,-17.363,5.3968
-12.904,15.753,21.138
-29.242,1.5754,17.352
-32.981,-0.47001,14.954
-6.5606,-2.2068,13.336
-27.29,-16.342,-12.526
-4.0448,14.529,3.8338
-30.07,-27.53,-24.327
-21.145,-22.433,12.89
5.5962,-29.656,9.3713
-16.165,11.578,-26.543
-15.673,3.6054,19.795
5.3049,16.135,-3.4171
-7.1376,-13.337,-3.7171
-0.8287,-29.051,4.771
-28.355,-12.666,7.3532
-27.098,-17.253,11.68
-16.033,6.6794,4.4231
-17.224,-8.19,27.089
-24.435,16.281,21.122
10.071,6.2193,23.815
9.3393,7.0695,-0.88054
-23.269,-12.883,27.336
10.001,-26.698,7.721
-10.56,-19.05,-20.054
7.2105,-6.3896,13.075
-28.223,-28.63,8.4155
-16.716,5.673,-25.475
-2.2979,-25.578,10.438
-28.888,5.6091,16.052
-2.2616,5.1424,13.582
-12.683,-25.52,19.501
-5.9736,16.676,23.052
-22.632,10.638,3.7963
-8.6704,-5.2714,12.323
1.1719,8.2681,-1.7757
-18.647,-15.978,19.435
6.9545,-24.533,8.0883
6.6649,2.6638,20.455
-5.8439,-0.8233,12.786
5.3278,-30.653,21.343
-5.7058,-6.8079,-3.467
-19.047,-22.959,-2.0585
-28.473,16.935,19.853
-0.55859,-5.5558,-25.218
-7.1842,-6.0673,-9.0579
-25.216,13.145,5.8227
-17.119,-12.968,-21.889
-10.742,-5.4376,8.4822
-7.7905,16.089,-15.403
-27.747,-24.414,9.8305
-3.0744,-21.779,17.163
-14.765,8.7571,23.841
-28.573,-11.569,-1.5767
-7.5556,-15.653,-8.9942
-23.178,-7.2208,-19.389
-26.156,18.179,23.031
-14.899,-14.475,-22.483
-31.403,-15.424,-14.122
-24.568,14.665,-14.483
-33.219,-19.184,-18.75
-25.447,-0.15131,19.727
-15.962,17.386,-12.708
-2.9885,-31.045,-19.148
7.9452,-14.089,-26.928
-5.5767,-4.1477,26.715
-27.755,18.042,4.2519
-15.622,3.0926,7.2798
-31.801,-25.724,-7.0312
-21.441,16.178,-0.25179
-5.4051,-22.387,7.9677
-32.919,-1.9677,11.096
12.282,4.7019,8.2961
-9.0977,-18.069,26.457
-23.873,4.6952,3.4724
-27.655,-7.3489,-11.544
-22.562,-6.7653,3.1125
-15.385,1.5123,-1.667
-2.4337,5.8233,-6.0002
-4.145,-17.448,-18.059
-19.492,-9.2858,-7.1409
-25.964,-5.2216,-18.797
-30.654,8.3667,13.163
-17.587,-30.005,-5.4686
10.398,9.3491,-5.8613
3.9984,-28.959,-12.844
4.9997,-20.089,3.6232
3.134,-5.1347,20.396
-16.295,-3.2265,16.65
-13.317,18.631,4.3173
-22.368,-1.2523,19.041
6.0535,-0.058735,-5.7993
2.3258,-3.2768,-2.2425
7.7238,-1.0731,-9.4368
-4.3305,2.7889,15.137
-32.064,-20.55,-6.3396
-23.829,-7.9766,-7.8094
-8.1472,-7.1924,-26.5
-19.044,-15.15,-12.641
-2.178,14.059,9.5651
12.335,-21.881,-15.216
10.63,-10.033,-26.388
-30.41,19.336,12.01
-27.309,-7.1075,-1.8053
11.983,-25.348,-23.548
-33.539,-16.186,23.904
-9.1995,-27.913,21.412
-20.837,3.1301,-12.688
-21.075,4.4412,21.899
-15.181,-16.518,-21.312
-31.047,12.077,1.8142
-13.069,-0.68285,-25.525
-18.945,-13.847,20.953
-9.3764,18.335,-21.289
12.482,4.2972,4.7058
-33.904,-20.769,-25.575
9.2135,15.019,18.134
-30.593,-24.856,-7.2815
-31.61,-23.298,3.5797
-27.061,-24.99,-3.5164
-28.769,-24.452,-13.127
-27.728,9.5828,23.507
-23.614,-28.297,0.097994
-25.284,9.9783,-1.8127
2.4707,-21.351,26.698
-22.977,-30.081,-13.45
-21.806,-21.528,13.449
7.9392,-16.84,28.23
10.28,-17.512,3.6947
-28.975,15.512,-23.121
-7.944,-1.8589,-21.852
-3.847,-27.356,-11.11
-26.542,-10.021,25.835
8.8119,-2.5971,-19.797
10.719,-25.341,26.485
-4.9054,0.19319,-23.875
-26.954,6.9267,-12.319
12.47,-25.467,-24.185
-28.753,-9.8894,9.997
-23.084,9.3742,2.4544
-27.071,6.6892,1.606
-33.296,-31.193,25.483
5.4007,-24.34,20.917
-20.546,6.2746,23.45
-5.0616,5.261,23.659
9.9889,-27.774,25.263
-0.071849,-28.384,20.374
-32.637,-7.805,-15.989
-28.672,0.81553,13.992
-22.474,9.7343,-23.144
-2.5733,-27.221,-23.257
-15.662,9.5296,9.0639
-28.609,-19.998,19.794
0.22918,-29.665,17.52
-10.133,-5.9494,-26.018
-5.8328,10.148,0.90415
-9.3818,17.353,-11.14
5.262,-11.403,21.98
-2.5661,-28.875,19.059
9.0256,-23.858,-26.568
-16.201,-1.2112,26.21
-15.899,0.53494,4.4964
-19.803,-24.179,11.953
3.3568,-13.432,-5.921
-24.915,-20.894,-11.527
8.7792,-16.38,16.311
-32.423,10.166,14.99
6.9094,-1.9922,-11.773
-9.9926,-16.627,10.852
-15.338,-15.826,-23.604
-28.767,-22.011,10.911
-9.92,1.2908,-7.3733
-1.1106,-14.376,-12.486
-32.532,-10.558,-25.737
-24.595,7.2903,24.902
9.8921,-29.327,3.9199
-17.298,14.337,20.099
-9.0507,-18.846,5.7164
-16.341,3.0655,2.7182
-26.616,-24.387,-21.244
10.017,6.1554,-5.6085
4.1467,-9.106,-20.005
-26.899,-22.202,4.9274
-24.854,10.673,-3.2172
-2.3404,16.34,5.3848
-4.4846,18.816,-10.987
9.3452,3.0842,-21.007
6.4619,-18.487,12.938
0.4325,-20.338,25.676
-0.70711,-11.53,-23.536
-18.802,18.7,-6.1171
-33.069,-5.4308,8.2582
5.2854,-6.849,7.9127
2.074,6.8537,21.202
-24.936,-26.129,-25.646
10.377,16.359,-14.994
-1.1763,12.592,-24.287
-5.4638,-21.65,2.0374
-27.374,2.9309,-5.1564
-30.259,-25.626,-2.2777
9.8561,-17.934,-17.269
-13.252,-16.623,7.5715
-33.188,-13.699,2.5737
-14.764,2.0397,-22.021
-29.704,15.972,23.647
-10.21,-29.604,9.469
-25.929,-22.449,-4.9057
-14.874,-20.718,4.4739
-11.502,11.928,23.237
-33.003,19.169,-8.1346
-24.24,-8.2773,19.977
-18.255,11.874,13.125
11.786,-0.97886,6.4054
-12.109,-13.085,-25.13
-27.018,18.031,-23.526
-26.571,-13.16,6.9093
-25.979,9.7659,-1.5625
5.9705,-23.85,-3.7691
-25.403,-25.998,-21.959
12.423,-28.807,-26.584
-29.716,18.72,-5.9742
-2.3291,14.476,19.049
2.9564,4.685,12.943
6.108,2.7935,-13.686
-19.347,14.256,12.843
-32.271,-14.22,18.426
4.1931,-10.052,-8.7159
-6.6142,-30.92,-20.632
-5.1377,-29.044,23.104
3.2102,-17.622,-17.165
-22.941,-29.089,12.96
-20.097,9.7413,-20.11
-29.997,-1.7597,-3.0665
-11.67,8.2618,-22.072
-12.826,16.075,1.5414
7.7761,-24.614,-0.32984
-20.545,-3.3906,4.6304
-4.7917,-24.894,-20.254
-10.267,1.513,-24.326
-29.008,2.5856,2.8021
-26.094,-23.081,19.045
-5.6501,16.983,-7.582
9.1279,-14.549,4.6758
-33.259,18.555,-24.579
-25.183,15.781,1.7642
-1.4765,-22.063,2.8149
-9.9701,-28.219,-0.94909
-10.257,-26.349,24.99
-5.3001,-8.2352,-16.143
3.0231,0.51237,-11.991
-7.6756,-2.6383,17.971
-6.019,4.5738,14.856
-15.894,12.889,-21.81
-9.1042,-17.881,-10.158
-4.0787,-10.029,7.9028
11.252,-29.669,-7.1277
10.919,16.917,19.949
-13.665,-0.65756,12.152
-16.516,-26.347,-19.617
-17.224,16.376,-12.436
-21.681,7.261,21.745
-20.336,19.014,-10.046
6.2327,1.9438,-18.225
0.1816,4.2223,-5.1668
-17.797,-7.4673,-23.6
-0.1225,-30.621,3.8091
5.3756,-29.858,21.805
6.6392,-11.184,23.204
3.4531,1.4755,-6.3295
-31.972,-17.242,11.682
-29.329,9.3433,-14.41
4.5223,-16.747,-2.7635
-24.515,11.59,-26.846
8.7887,-24.22,27.502
-28.804,17.145,-10.375
-3.7546,-29.441,-16.999
-13.585,-10.457,19.096
-19.538,12.296,13.701
8.9943,-22.82,-17.472
-19.339,14.842,-12.373
2.226,-28.65,-6.5587
4.2974,-12.049,12.952
1.9648,-16.594,-5.6302
-5.806,-23.596,-22.081
-33.155,-6.4805,25.76
0.67746,12.862,23.799
1.7445,3.2212,4.2218
10.261,-8.6326,0.49259
-10.191,-10.644,-4.471
7.9185,10.264,-12.265
12.307,-22.895,-3.4263
2.9087,10.697,-5.2956
-31.09,7.602,15.574
-19.045,7.2137,-24.119
-3.152,-22.126,-17.891
8.4139,-7.6673,18.718
-20.06,-18.729,23.237
-7.8314,-3.8379,-10.982
1.877,-6.3053,7.4267
2.5454,-17.234,-8.4283
-25.591,-25.051,-21.481
-25.727,-20.452,25.164
-8.217,-3.0446,-7.7801
12.537,-2.4135,5.7176
-26.152,0.43593,-26.641
11.601,-2.5951,-24.954
-13.815,-23.155,12.465
-27.849,10.204,14.615
-1.9843,7.8831,23.86
-28.14,-9.6988,-8.3352
-30.702,-6.5339,-2.3817
-31.673,6.1164,23.913
-25.777,-26.509,-16.005
-2.112,11.768,21.358
-21.102,-25.633,-4.2522
-12.258,-24.465,10.273
-14.25,7.4084,-13.138
-14.402,13.768,18.68
-11.631,-24.893,7.6472
-17.093,-21.07,-19.873
-16.237,14.494,23.363
11.088,12.686,3.6694
-13.696,11.4,27.052
-14.582,-11.701,-22.202
-0.13676,-17.727,19.942
5.2934,0.21114,25.598
3.9978,1.6746,18.112
-25.432,4.8022,4.3107
-3.4057,-22.264,15.772
-16.174,8.4756,11.365
-17.751,7.61,-24.855
-16.175,-7.3145,9.7962
-10.605,7.3564,23.618
4.5168,-15.939,18.065
12.318,-18.239,23.191
-28.48,-1.1204,-25.611
-20.085,-22.807,13.354
-30.921,1.4835,25.929
-33.098,14.297,24.591
-27.55,16.967,-11.993
2.994,-9.3371,0.59327
5.2958,-27.346,8.3255
9.4173,-1.1208,25.262
5.5538,-8.0846,22.439
-18.675,-11.891,-22.596
4.411,12.12,-23.98
-2.8499,19.37,-25.588
-31.081,-8.3571,-1.3355
2.6909,-1.4133,1.4318
2.9319,18.813,-10.706
-10.007,-29.012,-26.273
-0.1034,-23.714,4.7653
-12.124,2.8245,-17.562
-28.878,-30.191,-16.677
5.6333,2.6222,10.426
-12.242,2.3547,7.5158
-30.665,3.6962,-0.39076
-24.666,-22.069,22.254
-19.184,-20.485,0.1064
-0.97722,-1.8055,-21.601
1.4883,-29.227,21.588
-33.199,10.363,23.604
-28.678,-25.613,24.104
-10.854,-12.922,17.589
5.6791,1.9507,-11.113
-13.996,4.9024,15.311
-11.212,-20.002,22.743
-7.7674,-24.63,-8.4536
-11.348,18.496,0.27551
6.0665,-24.997,-23.175
-0.82741,-18.813,20.543
-0.43671,-10.601,-7.4296
-14.689,12.753,-18.935
7.3357,-1.4588,-16.657
9.3691,-22.594,-23.552
-29.168,-13.884,8.6822
-19.622,-12.447,-12.222
-16.888,19.377,27.329
-5.5957,16.439,-3.271
5.9404,-22.931,20.589
-31.339,-24.784,20.581
11.354,14.085,3.1018
-19.424,-29.287,16.864
10.101,-17.892,-5.5601
-12.704,-9.5871,22.89
-21.751,-28.365,21.371
-1.6004,9.0804,-12.435
2.99,12.115,-13.672
-15.769,-17.427,1.2875
6.7567,8.5707,-17.698
-15.309,7.8303,-12.774
-5.2564,-19.131,-11.647
-18.655,-29.85,-9.2382
-26.691,-24.932,14.211
-33.712,1.5438,6.3275
-8.2434,-4.763,-13.627
-1.7689,-16.98,12.73
-10.067,11.3,-2.2305
0.12774,-1.2565,-10.992
-19.852,-5.5198,21.054
8.2839,6.2956,-7.5247
-13.873,10.625,-13.803
-2.8381,1.6857,0.82341
-12.43,-15.121,13.142
-15.119,-4.1446,-14.187
-26.132,-22.401,-25.757
-17.96,18.144,20.908
0.28096,0.15343,-15.201
11.499,-8.7218,3.6348
-26.401,12.147,4.104
-0.45775,-15.727,23.402
-13.969,7.2164,-17.429
-16.178,0.17678,-2.1409
-21.794,16.795,16.905
-20.099,2.2331,2.9263
10.808,-9.2218,-9.724
-8.4646,15.378,16.436
-5.5307,-19.21,2.7311
-2.2641,14.457,26.462
1.4883,6.6437,-13.498
-30.266,-26.752,-11.591
-29.302,-13.254,-9.6975
-28.62,-5.3322,1.2045
0.082148,5.1766,-20.904
-24.821,-29.736,9.7007
1.514,-6.8383,-12.817
-31.385,-14.158,-21.99
-7.0104,16.119,-7.0674
-4.6664,-9.4801,12.17
-20.154,-14.068,-21.916
-27.672,12.541,-15.639
-28.947,-27.77,0.29181
-21.062,-8.8474,15.148
-25.95,-2.473,1.0923
-31.01,-24.203,-15.242
-5.2299,-5.8307,27.123
-21.36,4.0818,3.4825
-18.361,8.5538,13.465
-12.017,-11.69,18.64
-11.36,-22.762,8.9183
5.694,-4.6494,19.807
-17.001,-29.966,-6.3557
-23.527,-3.6975,-7.6848
-16.516,18.961,-7.7217
12.065,18.146,10.845
-10.904,-12.681,11.597
-11.657,17.574,-17.753
-2.5031,11.766,25.297
6.8272,10.617,-24.39
6.4031,6.0856,-1.7863
-1.862,-11.225,-3.7148
3.3378,1.3484,-5.8827
-6.8456,-21.123,-1.3473
-21.586,-11.913,-18.403
-7.4301,-9.4036,26.948
-12.643,14.611,-4.9968
-19.667,4.9148,-25.545
0.73475,-15.051,-24.945
-27.199,16.78,5.2794
8.4184,-16.024,19.168
-28.179,0.36928,-18.185
10.891,-1.83,-0.84581
9.2176,-11.51,-10.494
-29.214,4.9006,-24.482
-11.706,4.5224,12.557
-32.819,-26.459,11.289
8.3829,-16.623,-22.564
-23.588,-6.1921,-8.5001
-19.778,-8.0362,8.3697
0.80313,-30.394,-15.369
-23.228,-15.476,-15.252
3.9822,6.8238,26.189
-24.8,-5.2179,-6.7473
-8.8515,-28.214,-12.02
-22.105,-10.288,5.2919
-32.448,-13.717,1.3901
-8.7922,-3.7084,22.457
-25.906,4.3565,5.8228
-6.4725,-16.213,-23.647
-12.097,6.6304,3.0775
-22.146,8.8289,13.071
8.3055,12.993,10.665
11.345,-26.41,23.135
11.743,-27.995,10.413
0.53167,18.779,-19.561
-4.396,-17.066,-10.123
-9.8593,-12.938,16.832
-11.005,8.0849,-1.8004
6.9142,-21.493,-0.36245
-26.377,6.3491,11.631
10.441,-25.474,10.729
6.2281,-14.297,-17.352
-28.603,-28.153,-7.2999
-26.048,-15.657,21.115
-29.883,-26.777,24.011
-9.6638,-8.9717,-24.889
-16.366,0.57636,15.541
-15.065,13.093,-11.92
-0.19296,11.099,-0.4131
-17.669,10.801,-16.871
-9.46,-3.6274,19.016
-33.655,-4.5058,-11.334
10.088,-18.202,-10.098
7.9012,3.2591,13.6
-13.414,-11.268,22.675
-4.444,-20.025,15.572
9.1193,-4.692,-24.187
-10.945,12.144,25.288
-32.257,-2.6517,-21.397
-29.314,-16.948,25.442
-9.2908,9.6686,27.104
-21.389,5.2177,-24.352
-29.424,11.264,11.652
7.128,-14.082,-16.627
12.142,10.04,18.112
-30.698,16.92,2.2792
-21.65,17.252,-16.239
5.3485,17.544,2.3332
-17.919,-31.013,-12.581
-8.1506,-31.066,9.1287
12.372,-3.9157,-2.3623
-25.553,-21.547,21.645
-24.052,10.875,5.4068
-19.007,-17.082,25.135
-10.775,-8.7813,-9.3987
-25.784,17.165,10.287
-28.705,-13.751,-26.646
-12.996,-22.661,12.222
10.294,-18.871,8.8968
-13.092,-0.040191,-24.437
-32.999,-19.685,8.113
-12.443,18.103,26.093
-32.326,2.3681,14.958
-22.836,-27.52,27.482
1.5462,-2.1689,-20.492
2.9352,-30.714,-26.967
0.88514,-9.9623,7.5822
-14.778,-24.655,-24.117
-30.192,-14.837,-3.4424
-26.769,-9.9163,22.847
-33.275,4.5307,24.38
4.8222,11.443,-16.466
-32.565,-20.181,-6.8632
11.056,-3.0555,-10.54
-17.119,-10.358,-17.254
-28.241,-1.8719,-2.7163
-3.728,-24.121,-26.977
0.82982,-9.9286,19.836
-14.661,12.816,-3.362
-31.27,-18.073,-13.792
-29.33,10.927,-23.465
-31.597,-11.22,-17.081
-32.248,-14.156,6.1192
-26.278,-6.6795,-26.499
8.0792,-6.8929,-9.0183
4.5659,-22.661,-2.038
-13.228,9.8666,-10.82
-8.1393,1.2294,1.9313
-1.51,-19.244,21.552
-21.077,-24.991,-18.952
-17.245,-11.911,17.46
-4.6857,-2.4077,-23.667
10.55,-19.329,23.175
-4.1917,-11.547,12.909
-23.925,-12.141,-8.8359
6.4574,-19.578,-9.4683
6.0237,-28.855,17.16
-32.417,6.0353,-2.5199
-29.513,-19.534,-24.676
-18.296,3.4447,13.011
-26.185,-24.264,12.479
3.7737,-9.0571,-23.426
-19.623,-24.646,8.4162
-30.302,-8.6233,19.137
-25.731,7.4273,-3.5128
-1.3979,-4.0987,-8.3445
9.9684,-14.575,28.28
-22.953,13.232,27.024
-4.0639,18.979,17.941
-3.7987,4.5258,18.442
-6.1518,6.6663,21.196
3.9966,-18.975,-3.9696
1.4465,-10.077,-21.764
-22.968,-1.139,-16.32
-24.338,-15.067,19.599
-6.919,1.2203,8.6493
-7.3466,-29.696,12.207
-10.217,-19.55,-15.881
5.0487,-0.39762,-4.4614
12.353,14.033,8.6015
-18.925,-9.8861,-18.115
-4.4377,12.567,13.937
8.4797,-8.6627,-3.7139
1.4056,14.814,-24.094
-26.644,-4.7302,-22.191
-12.531,-27.037,4.3925
-4.2445,-19.751,-16.605
-18.516,-11.934,3.8026
-22.329,18,16.756
-31.59,-0.90958,-24.477
-6.0671,19.086,27.926
-25.743,-24.049,-4.4629
-12.666,15.087,-6.0197
-13.358,14.487,4.7968
-11.136,16.32,22.324
-19.019,-3.7306,9.8681
-29.959,-11.549,-19.348
-32.268,-22.998,-4.3271
7.1694,4.0766,10.796
1.9979,-13.037,-23.478
11.99,10.477,1.1858
2.2479,-16.059,-10.679
0.30817,-15.587,-12.639
-28.097,10.788,25.996
-23.39,1.9106,-18.76
3.6816,-28.715,3.8732
-19.726,-10.44,-9.6971
-10.464,5.594,-0.53323
-17.904,16.13,-22.71
-31.633,-12.447,5.2311
-8.2653,-29.967,-1.1336
-24.781,17.169,25.897
-12.829,-0.077354,-2.5063
-9.1163,14.958,23.574
-30.76,-7.4227,15.78
-12.851,-28.077,5.4667
2.3311,16.518,1.2337
-0.15619,15.669,-13.737
-32.072,-17.389,23.615
-6.3323,5.8272,2.7001
-9.533,10.252,-16.148
-18.122,2.312,-17.846
-3.1367,-20.439,11.076
11.171,0.82328,-13.331
-19.232,12.241,-6.1029
-9.5941,-17.844,20.928
-33.765,4.0461,-13.948
-15.581,-0.23624,-6.1655
-5.0192,18.014,-15.671
2.095,-29.277,-1.3816
-8.6655,-18.947,20.21
4.9811,-18.273,-12.142
-12.735,-7.105,9.3711
8.3708,4.7289,-14.485
-19.961,17.809,15.924
-11.571,-22.779,-24.843
3.9439,-28.252,13.783
-17.413,-22.153,-12.3
-6.3716,8.2146,-21.964
12.454,-25.513,-9.1557
-8.0737,5.3398,24.276
-22.209,7.7546,-25.79
-29.719,-22.681,10.134
-20.349,-25.703,-21.739
-15.243,5.8648,15.448
-24.12,-0.6653,11.161
-27.949,-2.1164,-23.124
-6.2359,-16.77,-0.70843
-29.686,3.6953,-18.199
-12.919,2.973,28.182
-25.647,-17.967,-9.1327
-22.169,-7.0781,26.145
-1.2398,-11.618,4.8199
-17.21,-19.67,-10.855
5.0567,17.343,10.423
-19.82,-20.679,6.6483
-7.0407,-0.049444,7.1493
-0.074697,-26.853,11.598
-0.83007,4.8219,-26.223
-14.063,-8.8044,-8.995
-32.988,-5.8693,27.262
-4.5454,-7.6604,11.191
0.61759,-30.297,-13.363
-32.954,-0.65415,-25.199
-3.5865,-14.624,11.357
-12.643,-24.585,-18.581
3.2622,-26.472,-11.163
-22.63,-0.20603,16.524
-23.656,-1.9095,-20.811
-7.1714,18.76,23.052
-32.711,12.735,16.078
10.841,19.226,19.484
-9.7045,-5.0527,11.12
-10.368,-5.3163,25.732
0.36222,-4.2172,-14.505
1.8718,14.378,-8.8487
-29.921,-9.1721,1.9207
-20.179,-30.594,8.256
5.8651,15.811,25.644
-21.41,6.3523,26.08
-22.758,-22.478,-16.436
5.2158,-10.069,6.237
8.5477,-11.022,23.756
-13.099,7.8764,2.5752
-7.982,-24.608,-10.976
-19.129,-5.6375,5.5984
-33.731,-20.099,-1.4324
-24.201,11.852,-15.654
-10.713,-10.752,-26.011
-21.438,-28.253,7.6153
-21.389,-26.151,-17.977
7.6534,0.018662,-26.25
4.1528,3.3092,13.222
-21.66,-7.3266,13.342
-7.4606,-9.2121,-14.639
-9.0717,-20.341,8.2093
-10.619,-16.474,-14.099
-16.029,8.732,-19.011
6.4786,12.173,-16.896
-13.689,-4.0928,3.3377
-30.691,8.273,24.261
10.196,3.001,-10.773
-9.7714,-18.082,-13.854
-18.546,14.814,13.821
-3.1853,8.7911,25.77
-13.799,13.229,-21.841
-4.6566,-22.758,22.393
-26.746,-0.27407,-18.093
-16.611,2.0327,2.7958
9.413,5.8925,-10.745
-19.327,-7.6353,14.773
-8.231,3.8269,21.08
-20.05,12.632,18.904
-5.3415,-26.427,-14.174
-16.594,-13.378,24.507
-27.614,-3.1911,-10.596
-17.087,-15.123,0.51212
-3.546,-18.43,13.145
-4.7698,-17.263,27.684
-4.8505,-14.919,-11.627
11.104,-18.062,-2.9858
9.6649,10.923,-11.359
-7.6994,2.7091,25.046
-33.746,-10.14,21.348
-25.979,-28.895,-22.769
0.71233,-8.676,-0.61851
9.4002,5.8437,-2.7859
6.0771,-2.3571,-0.91379
0.50999,18.783,-24.219
3.0201,-14.107,-26.313
11.94,-27.813,16.631
12.31,12.625,-21.421
-15.485,-17.202,-16.025
-32.733,-16.594,3.2313
-13.785,-23.835,26.749
-7.2507,-18.579,15.044
-22.454,6.1037,27.292
-28.642,-29.641,4.6169
4.1467,4.8862,22.388
-32.624,-14.654,18.324
-4.9993,-11.993,-12.728
-21.542,-16.792,-18.999
-13.583,-14.371,-4.8748
-14.752,-18.876,-26.666
-0.31033,8.6892,-2.9288
-17.228,-3.2388,12.871
0.46019,2.6617,-12.184
-29.591,-2.9279,-25.481
-0.14355,-4.3922,6.9679
-7.8043,8.328,18.087
-29.183,-23.067,-4.8347
-13.358,8.3827,-5.3329
-1.0928,11.181,12.166
-15.564,7.8114,2.5779
-14.281,-24.098,-2.7662
-11.316,7.148,9.8888
-23.306,-24.993,8.3687
-8.9055,-11.286,-11.67
10.082,-26.952,-1.1177
6.9163,7.1553,-11.698
-15.465,3.5061,-3.4136
-28.302,6.5427,-22.658
-3.5971,7.98,14.088
-0.71076,-21.401,22.64
-4.1192,-27.576,-5.8711
-27.56,17.62,16.226
-4.8141,0.81158,-13.628
-28.56,5.4735,22.053
-0.5258,-30.923,-2.1329
7.1546,-18.822,3.8174
-10.105,-6.2801,-22.233
-19.035,-13.435,6.3837
10.476,-17.769,25.337
4.1483,-9.3426,-24.637
-19.87,15.932,-18.184
-31.535,-4.3104,-15.646
-15.271,-18.233,27.09
-29.147,-19.642,-6.7017
-27.196,-1.2707,1.2842
-25.787,0.88395,-0.72862
-10.148,-17.306,-20.804
0.04474,16.44,11.638
-14.528,-30.048,-22.755
12.394,-20.141,-25.06
0.93382,8.155,7.7566
3.0909,-23.253,17.861
-10.456,-31.164,15.272
9.346,-4.8745,26.467
11.526,3.5353,-21.247
-0.049647,-23.803,-16.427
-0.46315,1.4548,-22.896
-4.9357,-4.6519,-19.872
-25.145,-25.659,-8.8512
10.039,-17.528,6.4708
-9.03,-11.416,0.16708
-0.12395,16.086,4.9946
-18.454,14.816,-1.2422
-24.317,3.3679,-13.529
-18.367,-14.991,15.391
5.1507,-0.23117,5.8351
-30.148,3.0839,1.5926
1.7548,-14.242,2.0807
0.68641,5.5492,2.6533
11.204,1.6973,27.974
-2.3605,-0.015994,26.467
-7.941,-24.455,-12.992
-0.28325,-25.432,-4.1571
2.7626,-0.42288,-18.412
9.0991,13.029,14.487
7.0885,15.132,25.019
9.8583,0.25452,-21.988
7.726,-6.4687,-23.898
-17.851,5.0929,-18.883
-27.428,-3.5026,20.117
-3.586,19.149,13.939
-5.9191,-0.073331,16.918
9.4677,-23.035,3.3941
9.3481,-27.317,6.3779
-19.394,-20.137,-26.344
-16.456,19.056,-16.533
-1.0891,5.6151,-2.7622
-30.12,-27.001,1.5521
10.664,-5.0547,-16.273
6.7032,15.394,-2.9381
7.8928,-0.48505,23.123
-12.255,1.9488,-15.094
-17.739,8.6148,-20.567
-22.991,-28.073,-9.3333
-10.61,6.9336,12.661
-16.168,10.911,-24.976
-21.714,4.0249,18.722
-18.926,-23.233,-2.3209
0.95865,-28.05,1.2062
10.084,1.4883,-20.91
5.7904,-2.1752,8.7956
0.32512,-21.497,15.524
4.4935,-28.064,-1.7289
-25.405,1.2921,7.6837
-26.81,-28.275,-10.307
-4.9443,-19.943,6.8435
6.4316,5.9483,-15.228
11.654,-5.4754,24.002
1.1698,-27.194,-17.089
-1.1712,-23.454,-23.181
-0.18276,19.002,5.4354
3.1808,-29.473,24.817
5.3269,-28.079,-26.142
-30.715,7.713,9.9823
-0.37043,-5.4874,14.44
-12.02,-0.61179,-6.865
-11.576,-19.61,22.897
-20.061,-26.986,11.483
-4.3032,-16.731,8.0643
-15.461,18.81,-19.417
2.1601,-7.239,-22.013
-19.049,-26.957,-11.117
-24.185,-13.607,-21.14
-28.848,-20.259,22.045
1.7238,-2.8947,14.218
6.1784,12.297,-20.88
-11.026,1.4669,-19.268
-17.464,-8.2763,23.67
-17.071,-26.556,21.987
1.8979,-12.284,10.856
-11.126,-2.5459,-5.5417
-20.864,-26.34,4.59
-8.7976,-25.085,-3.5246
-12.214,-17.632,0.47164
5.4222,-17.885,-19.995
-26.844,-26.883,-0.34096
-0.32116,-26.677,-2.7263
-17.671,-25.22,-26.405
-22.223,-11.068,-19.463
-29.545,14.218,-3.9419
-3.7016,4.1741,-2.5172
-26.298,13.052,25.093
-33.17,10.157,5.3078
-1.4339,7.4265,9.758
-17,12.86,28.012
-16.668,-11.057,24.303
-9.2437,-17.24,0.47034
-30.687,6.5624,-13.054
-2.9724,6.7765,3.1698
7.8302,-2.5874,3.8678
-1.9594,16.172,9.0253
-24.356,13.664,22.168
-29.746,8.8757,25.68
9.8058,-4.8751,-8.6626
-21.36,-28.089,24.218
-18.881,15.679,-3.239
4.1614,-4.5884,-10.493
-30.488,-19.595,-14.238
-17.699,-16.391,-17.81
-16.031,13.995,2.8583
-28.115,-25.793,5.0609
-31.465,-22.263,11.166
7.3318,-13.205,-11.91
-10.732,-27.241,7.6802
-14.318,10.836,-9.6546
-10.34,15.881,-21.708
-28.988,-28.207,-19.607
-4.4502,-30.217,5.2045
5.7914,-24.056,28.186
5.0394,-15.484,-10.69
-11.84,-15.537,16.917
-19.643,14.331,10.221
-22.623,-23.393,20.396
-9.9143,3.2578,-5.0622
0.71749,5.0732,-19.398
-29.102,11.431,15.564
-13.281,-29.243,-19.128
-21.248,-4.7259,23.524
-7.913,-29.156,-5.0861
4.2805,11.135,25.611
-30.828,-24.926,18.153
-33.14,-2.8462,28.117
0.33735,4.6162,10.79
-7.9233,-4.9361,24.534
10.327,9.98,-17.77
-9.2775,-17.517,-26.047
1.8925,1.4654,-16.035
-13.829,4.8197,-6.8057
-27.326,12.789,-10.474
-3.7957,-8.8101,-17.667
-19.433,-6.3454,10.356
-8.5642,-21.514,-7.5424
5.1218,-2.0082,18.71
-26.309,0.65323,13.103
-29.86,9.295,-1.524
-19.939,15.126,-6.4366
-29.113,4.3554,-23.221
0.55515,1.8023,-13.737
-18.659,-16.778,-15.701
5.9412,-4.3338,-4.637
-32.358,-3.3406,18.404
-28.36,-15.736,14.595
-11.358,-29.484,-18.37
8.4565,16.153,-21.973
-33.118,-26.522,11.609
-6.4948,-4.8356,9.642
-22.995,-29.394,18.564
3.7874,1.1599,15.924
11.604,-1.33,-14.8
-33.453,-19.937,0.87476
12.124,0.21714,5.5898
-21.029,-23.891,-23.668
-4.5614,-9.2697,6.3715
-15.557,-19.14,-4.1981
-22.713,1.3771,-7.9475
-11.932,-13.035,-19
-20.794,-25.168,12.789
8.2674,1.3553,-7.0055
-13.058,-3.6774,14.028
7.4853,19.144,10.895
-24.862,-19.135,26.718
9.0295,17.921,-27.081
-20.802,-9.7668,-9.2423
-8.6648,3.6645,-23.877
-26.437,-4.6047,-8.9445
-16.847,-15.214,26.408
-19.534,18.963,-20.821
12.127,-24.3,-23.17
-30.741,-16.858,15.341
-24.538,-7.9327,-10.291
7.787,-28.188,17.162
-3.5726,-26.287,4.7674
-6.8094,-14.24,24.109
7.0803,-6.0256,19.867
-8.4642,-30.403,1.042
-27.503,9.7005,26.488
-32.073,-7.9462,4.3162
-30.305,-3.5623,-6.5381
-1.3248,5.0591,-0.32113
-0.60693,-11.474,9.6057
-1.2015,-30.374,28.228
3.3505,11.526,-25.9
7.5676,14.206,-1.4688
-21.923,-19.148,-16.462
11.951,-30.03,-20.974
6.0084,-16.352,-17.251
-11.916,1.6916,21.477
8.6326,-17.45,-19.918
-12.553,-28.491,22.821
-9.5971,-0.12698,-17.153
-10.133,9.4465,-4.0095
-2.0108,15.93,-20.939
-15.402,9.6498,16.774
-13.173,12.009,-11.612
-11.674,12.726,14.981
-26.479,-25.896,10.299
10.673,-30.466,-14.906
-0.10145,2.1864,-14.903
-21.55,12.456,-13.306
-25.536,-21.841,-0.57353
1.2735,16.484,12.207
-33.149,-8.6154,27.272
-23.358,-13.013,1.0563
12.379,-18.553,-23.063
-30.517,-4.1383,-15.741
-4.9898,-13.988,18.283
0.97247,2.0935,6.3684
0.28069,1.9205,3.4671
3.3211,-3.6569,-11.206
10.511,-8.3165,-26.577
-20.958,-5.9277,17.368
8.1874,10.077,-23.432
-13.927,4.3322,22.445
1.3348,0.082815,-25.012
-9.3818,-27.229,1.0023
7.6627,-7.5826,2.7415
-20.144,-13.726,-1.1084
-16.606,17.8,18.09
-23.63,-12.523,-17.194
-6.2479,6.3499,-13.087
-14.563,-4.6545,-25.227
7.2309,-7.7242,-6.7831
-27.942,-30.18,9.4735
4.307,-19.753,23.762
-5.2653,8.5534,15.398
-27.562,16.07,-17.276
-24.035,5.5618,-27.081
-14.97,1.7277,-24.035
9.3017,-4.8557,-15.822
-1.8685,12.561,-9.7849
-20.986,12.089,-12.842
6.0682,16.217,25.7
-32.019,15.019,-13.736
-9.8426,-5.5546,23.457
12.139,-0.48513,12.163
-14.983,14.632,-11.417
4.0221,-17.05,23.044
-8.8966,-28.868,-2.4659
8.8342,-9.7659,-14.319
-23.429,6.1587,-11.217
0.65124,10.923,-4.3452
2.7555,0.32458,22.692
-3.0144,-5.4679,16.758
7.9169,-0.13974,-3.566
-21.092,-30.138,-3.7787
-13.755,-25.983,-4.4543
-26.95,-14.516,6.4608
-5.3764,9.6128,5.8916
-24.359,5.8554,16.275
-6.0688,8.4246,16.243
-25.932,-12.825,-5.1196
-14.656,-19.733,25.435
-31.303,-18.531,-6.2832
-27.886,14.41,-6.3923
12.25,-15.244,2.2019
8.3932,17.392,-2.8059
-28.738,4.2443,-25.924
-21.181,-19.374,-6.3262
-22.764,9.6548,-22.767
-9.8286,18.058,-5.9184
11.182,-22.687,-0.34155
-11.989,-4.5632,-3.5839
-12.741,5.8645,2.4251
10.571,7.2893,8.3846
-5.8759,-26.488,11.005
11.614,7.3942,23.456
-26.703,13.598,-12.347
2.5353,-6.1353,-11.327
1.0021,5.1039,9.8737
-20.54,19.18,-3.5147
-32.647,18.543,4.6997
-16.072,3.8039,6.2805
-7.2469,-13.289,-22.917
-19.2,-14.996,12.894
7.3352,-23.351,-4.9935
-20.922,3.422,-7.5941
-5.0793,-8.4489,24.878
-7.7036,-17.091,-6.8262
-10.073,16.362,-4.6856
-1.6951,-8.018,14.242
4.3785,6.2609,26.937
2.9962,-27.74,10.978
2.414,-29.042,-16.072
7.7057,-30.622,-18.795
7.413,16.747,22.154
-33.964,-6.9478,21.655
3.857,18.552,-4.1933
-9.4839,-0.74012,-18.856
-11.493,-10.7,5.4711
-7.1337,-9.5429,16.303
10.202,-20.699,-20.025
-28.551,15.281,23.003
-9.3381,17.192,0.93092
-2.9279,-11.215,20.938
-29.269,-22.161,-18.151
4.644,-0.17675,-7.4214
-16.589,-26.514,13.266
-19.712,-29.441,-17.842
-20.713,-12.761,-27.028
12.192,-4.5381,5.8173
-5.3147,-24.926,-14.734
-10.816,-19.228,-16.908
-12.534,-31.093,12.658
1.5879,6.9487,18.747
7.0891,-2.3161,10.355
-5.5473,2.9245,-20.31
-28.724,-13.995,-4.2532
-23.076,-0.9899,-21.175
-11.531,-7.2499,24.779
0.85698,-25.679,-4.2141
-0.50407,-15.512,7.5567
-23.686,-18.988,1.5889
-23.469,-14.623,28.012
-2.8422,-22.071,-13.274
-27.247,-17.87,-24.036
-13.658,-14.342,4.4413
2.0955,-17.679,0.19392
-27.896,-18.846,0.5349
1.1594,13.958,21.777
3.0337,-11.078,-22.908
-27.107,9.2863,-19.524
-3.3756,9.6124,26.088
7.9244,3.8538,-17.572
2.5008,-6.5394,-0.74632
-0.99375,-10.107,25.771
-18.424,14.573,-19.371
-21.904,0.11494,-17.617
10.954,-18.171,17.309
-3.3663,17.503,-21.595
-2.9309,2.994,-4.3144
-18.573,-16.715,-1.6956
9.5966,17.987,-1.9399
-31.304,0.57536,-23.202
-1.059,12.4,5.1215
-26.829,18.936,-22.196
-14.717,-12.002,12.977
-11.925,0.78014,-18.695
-32.938,8.294,27.725
-33.677,19.098,-13.695
-31.952,-25.093,5.1837
7.3822,-8.6553,22.982
9.1395,17.874,1.6486
11.665,-27.286,11.087
-13.325,0.0035325,16.397
-17.124,2.9595,-12.257
-32.845,-5.1303,-25.545
-5.8674,-4.2096,1.1937
8.5662,-6.2605,5.1994
-24.209,8.8943,-14.244
-26.214,10.807,1.6361
-9.5453,-20.806,10.196
-30.093,-8.3441,-7.8171
8.3297,-28.039,-13.75
6.3702,-6.8891,20.406
-0.38052,-4.6535,0.92154
-32.037,-13.381,0.9021
-19.971,-13.902,3.9827
-12.793,19.327,-9.6814
-30.884,-7.5816,-23.913
-27.065,-17.899,11.372
1.9558,-1.2424,21.965
-33.884,5.894,3.481
-19.91,0.79777,18.471
-28.772,-8.012,18.419
-29.624,-23.353,23.504
-15.049,-11.712,-5.8622
-29.297,-23.668,-0.55647
-0.89349,-13.844,4.6709
-32.277,6.0559,8.429
-6.6774,-25.448,0.54692
-4.9347,-8.8554,-22.817
-32.392,-30.299,-10.754
-12.421,13.904,7.028
-5.1081,-18.896,-1.8789
0.72317,1.9662,7.7799
-29.698,3.9087,21.152
-2.5991,15.869,25.622
-4.6396,-10.408,7.4243
-10.489,4.3686,23.323
-17.617,-7.6726,-19.006
6.1015,1.1869,-25.669
-33.43,-26.328,-18.475
-24.475,-23.461,19.82
7.0035,-28.671,-21.289
-17.851,-12.578,-21.155
1.5898,-26.187,11.945
-19.642,15.436,4.9649
-7.7663,-27.006,23.372
-4.0682,-5.1721,-17.561
4.3337,-25.403,4.7115
7.7785,0.049354,22.503
1.3063,-21.764,16.822
-5.5154,12.083,4.7057
-0.9016,2.6906,-11.09
-20.465,-19.803,-25.754
0.023689,11.185,-1.5605
12.499,3.8919,16.395
-18.04,-14.135,-19.168
-10.708,-2.4317,19.419
-11.574,-2.5583,18.18
-10.898,-24.745,21.669
-23.11,-23.004,-5.1088
1.1995,9.2402,-6.7071
-4.5472,14.908,9.4585
-6.5554,-20.295,8.3609
-5.1412,-21.238,12.533
-6.8918,-12.633,23.433
10.127,-28.782,-27.049
-13.817,-7.7911,-25.971
-16.6,11.414,-7.6977
6.0016,-0.49878,7.9305
5.191,-9.8123,7.1369
-27.695,7.8082,-17.921
-32.915,10.1,11.611
-22.506,6.5769,-8.8608
11.719,-16.884,25.888
-10.997,-11.163,-16.904
-0.65628,-29.214,23.08
-18.207,-29.081,22.759
1.4509,17.057,26.442
6.6845,12.418,2.3057
4.2009,-7.5439,-11.829
2.0463,-23.748,12.659
-31.035,12.155,-9.6872
2.0457,-14.261,13.179
-11.549,17.945,19.608
-4.6764,-24.098,-0.82451
1.7517,18.515,-26.257
-4.259,18.818,-2.4144
-20.793,-4.1993,-18.311
-6.9874,-7.0042,-11.212
0.4096,14.23,-1.5858
3.4904,-27.393,-12.485
-17.656,2.9898,1.2142
-27.711,10.564,-24.142
-10.075,18.35,12.776
4.6757,3.3326,-3.9345
-8.284,18.15,-20.289
-26.162,-12.98,-23.523
-21.467,-29.631,6.557
-7.7515,1.7364,0.59913
-31.985,12.607,23.449
-0.92143,-28.368,2.595
-33.364,14.505,28.217
-6.8591,2.9001,-15.126
-6.9341,-29.506,-1.3447
1.2473,-8.0949,8.3638
-4.8163,9.7922,24.135
3.3313,16.32,-17.228
-22.824,1.6688,3.7282
-22.267,10.235,-12.61
-16.479,-5.9587,26.346
10.893,-10.634,12.678
-0.81729,-20.359,18.518
0.61276,8.1035,-6.3262
-27.526,-21.79,-1.9534
-5.2668,-10.275,23.737
-20.779,-17.174,5.5397
-8.9154,11.202,-25.158
5.6725,17.769,-18.213
-16.7,-4.063,22.429
8.4518,-3.2355,-23.394
-28.452,18.497,13.311
7.1766,14.079,-6.8546
10.026,-6.8663,6.8927
1.2294,12.201,16.057
-2.698,-22.956,-17.599
2.5765,-17.558,23.009
11.176,-21.924,10.332
-1.2081,-27.553,10.38
-32.268,16.916,20.958
-25.943,-8.0351,8.8718
-3.8982,-4.5281,-21.419
-23.581,-11.535,25.829
-1.4664,15.409,-22.712
-11.961,4.1869,-5.0632
-22.087,10.305,4.6409
-1.921,9.8874,9.1464
-1.8923,2.7302,-14.251
-22.813,1.1792,-7.9453
-6.9539,3.7572,15.598
-25.571,5.6611,24.339
-26.939,-11.565,-5.2234
0.84431,-19.206,1.2876
-15.975,-28.724,7.3233
-29.318,-0.23616,-7.1633
8.2372,10.481,4.8176
-1.2337,-3.7522,24.157
-3.1742,-18.772,-10.978
11.202,9.0922,17.416
-31.856,8.0054,-22.272
-27.223,6.7849,16.243
-24.57,13.624,-3.0036
-20.729,13.842,16.558
-15.022,11.899,6.005
-31.399,-2.2152,-6.3875
-0.17751,1.2827,5.8606
7.0716,15.958,-22.331
-5.5163,-2.4261,-23.121
-9.9159,-23.828,-27.061
-1.5392,-24.418,13.132
-5.8375,7.4887,22.18
-9.7214,-15.452,-16.57
-3.4121,-5.0707,20.591
9.8955,-0.76845,-9.837
-18.895,-14.066,1.3929
-3.5154,10.997,28.126
5.1045,14.623,-0.42174
-20.692,-4.7504,-9.17
-33.68,13.378,21.828
-20.053,-26.052,-13.276
-25.647,-6.6653,2.7506
-31.377,17.778,25.333
10.829,17.792,3.9953
-25.076,1.9087,-11.812
0.43346,-16.871,11.487
-24.113,-2.2442,7.9381
7.2177,-22.709,-1.438
-6.6398,-23.857,21.964
-20.798,1.628,-24.618
1.49,9.4563,24.825
1.8577,-14.547,-7.2109
-14.062,-19.709,22.078
-9.7353,11.319,-12.427
-26.171,15.039,-11.473
-6.1295,-5.4071,-26.831
-22.092,9.1258,15.626
-31.454,-16.638,-10.286
-30.811,-14.484,12.193
-18.634,14.935,2.24
-26.566,-19.481,-3.1039
-25.064,9.1581,-1.6298
-16.905,10.682,-21.24
9.562,-29.981,7.0631
12.023,-3.8469,-18.528
-6.3113,-24.774,18.244
-11.607,-4.8694,14.375
-23.105,8.2417,22.861
-13.84,-14.287,1.9402
-29.511,-27.47,-9.1798
-5.2254,-1.0099,-2.1838
-10.242,15.233,14.033
-8.8324,-9.6005,27.273
6.1679,-0.81232,11.938
8.4723,-26.32,-13.993
-1.8743,-13.266,-12.356
2.6121,-10.027,22.843
-20.415,-4.4572,-18.5
-12.295,-29.001,-24.467
-7.7058,14.439,-10.704
-12.073,-25.752,15.099
-7.3995,16.508,-5.1135
-4.1811,18.709,15.203
11.144,-4.0849,10.98
-18.232,-26.429,0.50089
-7.8176,16.408,26.266
-12.192,-5.5892,-21.736
10.934,-15.549,15.945
11.381,7.7347,13.686
-10.108,5.6384,-9.4161
-0.97877,-16.807,-12.231
9.6807,-3.1265,20.071
-10.646,-12.612,26.897
2.2528,4.4801,26.282
3.625,12.085,-21.101
-1.2932,4.0406,-9.7107
-32.568,-13.629,-17.76
-5.3403,5.3542,-3.9334
-30.435,-30.491,-18.291
0.49837,15.302,-23.715
-13.619,5.1543,-13.215
12.129,-18.523,26.535
-15.664,7.5104,17.542
-2.5242,-23.857,20.655
-7.448,-25.795,0.79792
-3.4413,1.8983,-26.047
7.1683,-21.625,-16.03
-1.6312,-6.0197,11.321
-15.341,-23.64,-8.5163
-12.004,13.641,25.737
6.6795,-11.606,4.3061
-25.932,17.117,-24.329
-29.258,8.7226,14.077
3.2277,-11.459,10.658
6.8017,-13.545,-15.056
-17.954,12.474,27.361
5.6534,-19.92,13.637
-8.7771,10.492,-10.733
-24.748,-29.842,3.4227
-23.458,-13.644,11.711
9.9922,-15.479,11.668
0.090937,-6.627,7.6811
-26.057,-5.8293,-9.0645
-3.557,11.907,-9.8827
-2.7177,0.25407,14.275
-33.928,3.2255,-1.5913
-31.344,-30.058,27.795
4.7935,3.2169,-8.4553
-1.7702,17.107,-22.398
-18.515,0.96124,1.0347
-29.938,11.895,-17.696
-33.371,4.2341,5.4138
5.3372,0.85619,26.339
-15.74,-26.032,24.514
1.7861,-18.743,-1.5829
0.95343,-29.708,-12.093
11.975,5.7292,24.47
-11.159,-10.95,24.61
9.8189,-27.88,1.5954
-31.549,-4.5091,-21.521
-18.818,13.038,-19.276
10.232,8.8352,1.2056
8.3189,-22.356,19.083
5.5447,-2.3524,13.786
-17.048,-1.2058,-19.45
-10.655,-15.602,16.308
-30.997,-22.678,7.824
7.0383,13.095,-11.114
-13.011,17.89,-11.81
-6.9534,-28.11,6.7574
-0.7687,-12.811,9.104
-32.342,11.08,7.1003
-9.0705,17.228,-21.402
11.624,-24.099,-7.829
-10.105,13.376,11.71
10.55,-14.363,-26.492
8.4872,-25.083,15.907
-21.877,-5.3289,-0.0024853
-11.771,-12.679,22.982
5.8856,18.337,-0.84421
-33.804,6.1275,28.099
2.8107,-13.249,22.506
-16.102,4.7892,15.304
-24.152,0.02423,-4.8387
2.4641,-30.052,-26.949
-11.399,-13.957,-22.875
-11.397,-6.3548,-25.961
-28.796,-27.91,-15.878
-27.74,-18.893,0.8721
1.0102,13.607,-1.5698
4.6035,-0.45448,1.0766
-6.4757,5.0014,-10.312
-13.515,-9.0382,-1.2505
-27.853,17.687,25.539
1.8579,-0.43613,-7.0826
4.9123,3.8779,14.271
-10.599,-24.643,-18.109
-3.0175,-17.093,-24.917
7.7949,-22.587,11.082
-21.536,16.518,26.673
-28.442,4.0066,25.214
-5.2448,-1.5389,-9.1303
-31.373,15.445,28.266
-13.656,-2.5902,-25.984
9.152,-19.19,-25.218
-11.408,-3.6582,15.3
4.416,14.624,26.156
-25.779,19.365,4.7615
-31.928,-7.4537,-17.71
-19.864,-4.7965,-11.845
-20.347,5.6844,-1.9013
-0.21119,16.655,5.9337
-31.184,8.4848,11.286
7.8435,6.3924,5.8011
-0.92828,13.082,23.787
-24.616,8.1701,12.353
-12.217,9.373,-6.6089
-0.44276,-11.901,-25.212
-12.804,17.693,-22.498
-27.746,-28.119,0.54583
-23.008,11.12,18.299
9.9856,1.8115,-16.501
-15.566,-19.896,-19.115
-13.301,2.038,17.592
-32.487,-19.86,-14.058
-14.97,-3.2266,17.724
-17.271,-23.805,5.6238
-4.5022,8.4762,9.4162
-11.63,-20.21,-1.8099
-33.494,9.8984,-24.484
-30.095,-15.336,5.7768
-26.133,-9.1394,9.7498
-14.867,-11.036,-25.009
-1.0853,7.2437,10.519
-5.9644,15.221,19.469
-0.019997,-11.472,-13.649
8.9769,-28.864,-20.581
-8.9693,11.999,17.658
-19.403,8.5324,-7.301
-14.065,17.168,25.465
7.4017,10.237,17.06
-11.154,11.863,23.999
-12.537,5.0416,9.5673
-31.976,2.6003,-26.878
2.3652,8.7087,-5.99
-29.579,-1.9633,3.1536
-10.53,-3.4255,-25.419
-24.939,14.028,8.5431
1.7482,-12.929,3.9197
-3.2307,1.6818,-25.736
3.4095,-2.4608,28.149
-1.486,12.108,19.37
5.2052,-12.405,6.2472
-22.431,15.634,15.575
0.36532,-3.414,-4.5241
-6.1028,-13.444,24.292
-14.309,-25.41,-5.0956
-5.3716,-2.1198,25.545
-20.991,11.967,-20.074
0.17735,3.4773,2.1843
-24.97,-27.984,-25.075
-33.606,-0.15097,-15.425
-16.091,16.048,10.668
-6.9227,-18.848,16.274
-0.47838,-29.351,-12.867
-33.782,-18.978,-25.579
-9.5466,15.07,5.9581
-26.129,-29.593,-8.5689
10.438,-1.3975,7.0708
-9.8566,11.776,-4.4514
-31.751,11.294,-3.1694
-5.4969,-31.075,27.86
-33.473,1.8714,4.1205
12.373,13.661,0.30751
-32.734,3.8149,25.056
-6.182,4.6,-26.06
8.0671,-6.8629,-24.715
-0.75665,-30.536,-20.048
3.5254,0.037685,15.233
-12.849,-6.9422,11.746
-25.152,-4.9843,12.237
7.8963,-23.959,6.6846
-7.7944,-24.821,-4.8776
-16.623,-25.19,-15.765
-6.1534,13.121,-23.893
-26.417,-20.94,-21.795
-5.4601,17.553,-20.392
9.192,-29.092,-18.894
-27.403,13.066,23.14
-19.288,-29.274,-20.175
-12.893,-24.034,-8.7903
11.84,18.812,-25.448
-29.735,-2.2388,17.188
9.3942,-24.204,-8.0603
10.618,-23.6,-8.3401
1.2245,-10.676,15.318
-22.417,-26.962,15.145
-8.7272,-6.075,-6.7858
-14.868,0.21603,25.899
-19.809,17.728,-9.3995
-28.281,-25.946,15.188
-13.946,-10.112,15.734
8.923,13.074,14.167
-10.469,-25.398,27.027
-19.882,-13.575,16.968
-5.0022,-18.549,18.669
2.4804,-17.902,17.009
-5.4208,15.825,9.3093
-12.5,-8.5931,-7.0527
-28.516,-20.254,3.9165
-7.7582,16.116,-1.1301
-21.832,-1.7862,27.499
-12.374,0.60368,15.806
5.9885,5.0253,18.657
-0.83711,-20.258,-23.5
-9.1402,-10.156,24.984
12.393,-0.41733,-23.346
-23.308,-5.4029,-5.9512
-26.389,-30.718,2.2329
9.4764,-12.511,-24.68
-0.54888,15.88,-26.776
-33.267,-25.1,0.85721
-0.88701,15.703,3.8796
-9.1143,4.4098,19.658
-7.8828,-7.1559,-7.862
-9.3699,-16.348,-10.525
-10.96,-22.018,15.115
-8.103,1.8947,22.631
-33.705,17.775,9.9452
4.9201,17.978,-24.811
-3.6893,-25.876,10.285
-22.606,5.7356,26.03
2.6092,-23.629,19.6
-28.564,-1.1345,14.598
-33.495,-12.914,-19.86
-4.6327,-19.632,10.71
-5.9223,7.1089,-15.282
-10.097,-4.6533,21.938
-24.174,-2.512,-16.131
-13.13,14.723,-26.558
-4.9906,-0.15731,22.718
-2.6141,-10.54,19.952
0.1782,13.593,25.856
9.194,-15.853,23.401
0.23076,12.13,22.481
12.591,6.4619,9.4206
11.625,-24.149,-0.73881
12.494,17.878,-22.207
-8.8506,-30.671,-19.832
-32.921,0.29768,13.643
-28.083,-2.8317,9.4187
-25.48,3.0634,1.5187
-7.9224,-23.429,26.641
-24.949,14.541,-7.9556
-19.739,-17.181,24.758
-5.2962,-5.4242,7.1094
-11.998,-18.468,-0.49293
-20.746,4.6025,-9.7588
-19.112,13.289,-24.826
4.3777,-23.161,-23.224
-5.147,-18.082,7.6225
-22.909,-25.518,21.627
-16.207,11.304,-13.591
-30.304,-26.992,12.825
2.5405,-30.285,25.243
-26.502,1.2997,-21.896
-29.291,-0.011997,-5.9574
-14.763,-3.6318,-23.444
-29.995,14.48,-12.672
8.5869,8.0641,-5.5928
10.88,-2.7193,-21.556
-6.2075,-22.986,2.877
-15.366,-10.893,14.691
-21.235,10.524,-26.262
12.027,3.8237,0.13773
-12.536,-3.8099,7.9162
-23.904,-30.747,16.621
-9.9907,-14.193,0.86061
-32.912,-6.5537,12.947
-3.1425,-10.354,-8.7967
-3.5018,-15.24,-27.013
-15.307,12.662,-7.6561
-15.341,-19.173,26.284
8.5224,-28.777,-14.008
-21.579,-27.482,18.067
10.075,-29.91,-16.805
4.4554,-6.5707,-17.135
-11.604,15.199,18.704
4.0926,4.4088,25.174
-18.272,-20.84,4.6096
-12.3,17.191,-8.2196
-30.363,-19.703,26.499
11.056,10.017,23.174
-25.56,-9.4699,-22.923
8.6779,9.9896,0.36
-7.5964,-0.42338,9.2579
4.0078,14.648,-4.9336
7.7939,17.465,7.5412
-2.9338,-28.394,-24.494
-10.95,-6.2025,1.022
-33.15,-0.88328,-1.902
-28.184,6.3721,-7.5351
9.6345,-29.39,24.607
6.989,11.451,5.8774
-7.6156,12.435,-13.81
-7.0677,-15.473,-2.807
-17.11,-7.8454,10.503
4.8168,3.3744,-13.928
6.9536,-10.934,27.246
8.2708,-3.6372,-9.6118
-1.2381,16.43,-23.749
-26.311,11.491,23.524
12.237,6.6405,21.045
4.8446,-4.4683,-21.886
-9.5833,-28.458,-3.3904
10.724,-21.008,23.979
-17.758,3.4252,23.772
-5.8816,1.1408,-8.9737
-8.0083,6.9062,21.153
10.292,0.85755,13.047
-31.717,-7.5881,-1.5957
-22.838,-1.1197,18.432
9.4927,-7.2065,6.7025
-11.318,-10.601,-26.676
-1.6307,-23.445,-22.109
12.429,-0.37392,-9.1074
-6.6917,-15.027,22.613
-1.6806,11.708,1.7488
-24.408,2.6203,-2.1364
8.0464,-8.3283,-11.278
-27.314,-27.093,27.476
11.956,13.357,9.6436
0.06091,-9.4634,-11.611
-16.897,-5.3116,-4.3037
-27.542,-10.068,14.534
-6.2,-21.135,-16.908
-31.535,-29.528,-21.101
-5.8932,-6.58,-11.965
-7.3352,-5.2774,-11.963
1.7829,-19.974,-17.091
3.3086,-8.9157,2.557
-17.363,-22.469,19.369
-14.376,-5.4392,4.4673
-21.566,-21.676,-21.223
-27.211,-27.543,-8.3712
-29.389,4.4099,20.652
4.0536,10.756,-1.5562
-32.721,12.946,16.782
-15.916,-22.498,11.567
-16.198,9.9399,25.365
-17.02,-6.3238,19.572
4.8038,19.352,-8.5953
-0.29154,-15.355,17.915
-26.302,10.733,-24.581
-17.336,17.997,2.6796
-11.06,-27.902,25.601
-28.24,12.264,18.058
-6.1487,-4.664,-9.6589
-14.999,-14.954,4.7159
-22.984,-5.6037,7.7486
-30.452,16.087,-5.4939
-33.159,-20.842,7.0487
-24.726,14.047,1.539
3.6335,-29.903,-23.65
-33.466,15.417,-17.352
8.6141,-23.949,16.412
5.7958,-12.671,-25.34
-12.023,6.9121,-5.5204
-29.522,-5.8135,-21.27
-20.528,-7.5019,-17.751
-5.6782,-25.726,5.1506
-7.6847,-11.099,25.083
-15.435,11.973,-15.602
-7.4369,4.3533,-3.297
-0.17707,-22.139,16.632
-21.229,-29.129,17.159
-23.797,-9.6354,-21.287
8.6969,-6.2356,-5.3877
-5.0421,6.4259,-1.6382
-13.993,-16.434,-19.886
8.7064,-30.61,25.938
3.7834,-12.55,-1.2681
-1.873,-7.9184,27.441
4.0425,-29.679,22.451
4.3126,7.0458,13.162
-30.954,13.058,12.318
-28.984,11.729,-25.766
8.9627,-3.853,25.701
-32.956,-28.473,13.033
-14.829,13.469,-26.623
-3.2134,-22.372,8.089
5.0576,-25.534,-15.34
-6.6033,0.012301,-13.737
-7.3799,-2.3296,-6.8674
-11.928,-17.588,-6.7619
-4.1502,-17.667,22.079
-26.981,-15.341,15.024
-21.725,-4.8313,-4.2682
-3.4221,16.926,-6.8849
6.8733,-20.378,-26.67
-27.259,-7.4255,19.575
-33.313,-4.1424,-24.503
-32.054,-30.244,-11.238
-25.832,9.1935,17.46
-26.071,5.3081,-26.985
9.646,7.183,10.993
-19.878,-21.728,28.155
-24.414,-16.88,12.456
-17.027,-29.603,-2.3662
-27.519,-3.0537,-22.095
2.9514,-22.894,23.883
-29.092,-29.276,-6.0531
-33.845,-18.65,24.503
-0.42125,-7.4343,27.974
-32.835,2.9103,7.4661
-26.099,17.387,-2.9566
-9.4115,6.0517,-3.0265
-0.12777,18.541,-8.0266
6.5563,6.8745,-15.276
-18.449,-16.604,8.8891
2.0192,18.563,-19.819
-22.153,7.5376,-8.1669
6.8137,-1.677,19.165
-11.211,10.029,-23.375
-24.459,-8.3709,-4.1433
-33.359,-6.5055,18.711
-13.83,17.468,-14.439
-17.158,-4.9646,10.631
-14.633,-10.659,1.698
-0.014851,2.6128,4.417
-11.085,-30.885,-25.249
4.4579,-30.834,15.598
-16.745,-11.829,20.027
-24.638,9.5451,26.534
-1.7696,17.036,16.433
-11.484,-24.812,-17.481
-30.643,-17.955,22.056
-8.7935,15.853,12.931
-25.378,19.266,16.665
-30.127,-0.23424,-4.2561
-20.302,13.001,5.9287
-33.926,-19.721,-10.202
-28.309,13.733,-15.726
6.8126,-18.787,11.795
-12.629,0.21598,-22.091
12.353,-2.911,-5.5055
-9.9845,4.2692,0.96156
4.2152,-9.2455,12.758
-0.9944,5.5837,-25.915
-25.901,14.78,2.8604
-24.168,-18.485,24.715
-24.463,-14.721,-20.549
-22.907,8.7649,-13.539
3.8807,-12.092,20.856
-17.519,13.791,-17.044
-5.373,-8.5802,24.451
-28.59,-5.1336,-11.689
-24.701,-23.741,18.014
-29.488,-13.636,-0.98527
-0.038288,8.2283,20.243
-26.099,19.116,-23.632
-16.43,-2.338,19.523
-17.47,18.932,-24.591
-7.6495,-29.896,-16.108
-4.7286,-12.366,22.75
-15.12,7.2872,25.372
-4.7059,-21.99,16.119
-24.583,-28.747,-15.532
-27.758,3.4323,4.7597
1.1856,19.013,10.718
9.3395,-9.6719,27.689
-12.14,-11.947,-5.6666
-19.946,-17.122,-26.61
-22.885,-18.175,5.3806
5.5293,-9.2394,-7.4661
-11.292,-29.626,22.181
-25.466,-2.7383,-7.9466
12.294,-26.07,11.239
5.1599,-14.667,-11.587
7.7558,-11.731,-20.359
-28.223,15.424,-24.536
-19.494,-22.175,-3.9078
-1.9206,-31.214,-7.2829
-13.237,-3.4703,1.9401
5.2954,-2.9201,-25.456
-33.356,-23.335,-10.618
-20.974,-16.345,18.982
-0.15459,-23.514,-2.8838
-19.557,0.46903,4.5022
-6.5358,-19.817,-20.056
3.0772,-22.009,24.768
3.6489,4.0578,-15.225
-28.913,15.301,15.406
-0.40758,16.319,25.532
-10.639,18.43,3.0188
1.8606,-5.8914,13.128
-28.164,-22.926,-14.882
-17.553,-20.46,-1.1013
-27.809,13.997,-5.3306
-23.652,9.885,11.514
-20.766,-2.2245,-14.516
-25.928,-27.231,2.2901
10.125,12.269,25.322
4.221,-0.46834,-20.379
-9.5069,-18.132,-22.737
-0.57962,-14.683,-16.329
-23.278,-7.0722,10.934
-12.72,-10.112,0.1782
-8.3276,-2.6543,-1.4061
7.9303,19.163,-5.3134
-15.061,16.586,21.089
9.9933,-11.506,-12.52
-17.229,8.5721,-6.5831
-16.416,-10.273,25.597
-20.001,-19.385,-10.379
8.6597,1.1715,22.908
-19.046,9.4877,14.927
3.3757,2.9205,-6.973
12.399,2.9334,15.453
-22.654,-21.751,10.211
-11.404,1.6969,-11.268
5.7693,4.4919,26.328
6.9264,-12.924,-19.994
-13.192,-26.358,19.485
-26.459,12.619,-14.065
-15.732,-9.5625,10.382
10.428,-28.279,25.069
6.1684,-30.06,-10.69
-26.841,-6.8348,25.16
-5.6503,6.7385,22.632
-5.5717,1.3787,16.921
-19.21,-14.423,-20.896
-31.958,-8.6931,-6.8249
7.8002,8.7891,7.9114
-20.932,-7.0429,11.536
7.9357,-27.18,4.1499
12.184,3.2516,-10.983
-33.261,-1.3523,24.75
9.207,-18.726,3.2206
4.2253,17.078,-17.678
7.983,-19.62,10.777
-22.406,6.9904,2.9523
3.8843,15.078,-2.8013
2.5932,-27.567,24.777
-33.41,-2.0154,12.685
4.6203,7.4595,8.3969
-19.744,13.202,16.258
-31.684,-25.761,1.0228
-14.554,-4.1737,23.484
-17.833,-30.384,-0.34855
-21.762,-28.636,3.4716
-27.174,-21.518,4.1298
5.2674,0.93722,17.337
9.9728,-24.95,-21.062
3.0671,-6.7019,23.891
-22.152,-25.097,-9.5947
-21.341,4.5448,13.201
3.9644,-14.845,27.662
2.6203,-12.851,-13.533
-10.75,-16.016,-10.006
-33.628,-5.9881,-24.433
-28.482,-12.586,-12.24
-26.667,-13.807,-22.432
-18.288,8.1567,10.14
-12.436,-5.0565,27.905
5.8609,-2.6515,26.998
-21.812,-13.612,-2.9528
-2.4289,-6.974,11.929
-30.723,4.1518,14.935
-28.32,9.2038,-20.203
10.593,4.9635,2.0029
-14.912,-22.713,-23.326
-30.997,10.588,-18.355
8.9149,-23.365,-26.268
4.2496,-7.749,19.293
-33.582,-28.953,2.6958
-11.449,16.041,-15.007
-1.3123,5.897,4.2745
0.94638,5.4232,-0.52019
-19.747,-20.96,-19.116
-14.241,-16.333,11.276
-26.551,-24.587,-1.4711
12.362,12.81,5.4579
-23.915,-23.569,-16.536
-30.998,0.013635,10.692
9.0833,16.192,2.849
-11.27,1.1555,-17.44
-1.4927,-9.8673,-8.2996
-30.883,-5.9335,-23.464
-16.01,2.2143,-9.4328
3.5583,4.117,2.3101
-6.9778,8.243,-14.576
-10.658,-9.4037,-18.81
0.61276,-23.276,8.4425
-27.11,-14.955,22.198
-26.668,13.721,17.994
-19.107,9.2842,-5.7575
-6.4742,-0.8263,-18.177
-12.301,-7.6552,-3.0569
-22.752,-29.22,18.222
-16.745,2.2666,8.7458
-18.22,12.738,-9.4908
5.9763,-6.0865,-18.981
3.195,-20.872,10.827
-30.431,14.768,22.241
7.562,-26.925,-6.496
9.1844,15.3,-4.8759
-14.02,-13.893,-19.056
-6.1733,-26.776,5.1329
12.384,-15.496,-25.796
-25.996,7.114,-13.208
-26.637,-25.859,25.538
-14.144,-15.003,2.231
-10.144,2.5928,7.0679
-33.231,-0.52275,-6.4834
2.7537,8.0172,-13.587
-30.576,3.2409,19.884
-13.408,18.638,-9.7561
9.4031,13.791,10.132
-23.357,-18.321,9.1173
-1.6737,-25.716,-13.04
-8.8268,-21.65,-14.955
-13.382,13.587,-0.40957
8.0534,-25.219,-6.5696
-8.9363,14.863,-13.689
-15.207,13.51,-6.4797
-16.83,9.547,-14.418
-3.4529,-28.351,23.935
8.9083,-25.136,3.0948
-9.49,-12.343,-14.535
-21.308,5.926,24.086
-23.821,5.3014,28.162
-16.332,5.8938,20.98
5.3731,14.538,-1.8479
-14.583,-5.8428,9.2111
9.5993,-23.751,-17.509
12.498,-11.734,9.8954
3.3244,-26.24,26.278
1.537,-7.1302,14.055
-32.132,-1.3963,-4.6021
-2.8284,-31.01,-25.241
-1.8641,-26.669,-2.4652
-0.43707,-18.148,-0.72899
-15.865,-2.5871,4.1224
-13.248,-28.559,-17.551
-14.343,14.028,-5.3522
-4.3676,15.617,-23.183
-11.585,-21.127,25.177
5.9292,-4.7591,12.605
-20.159,-22.499,1.6432
1.2234,17.219,-18.048
-21.462,-4.703,-14.608
-3.5604,-4.4827,25.727
-20.67,11.509,20.736
-19.595,-3.1038,10.842
7.3941,9.3153,18.126
-17.86,6.8412,-9.6017
-33.896,-9.4809,25.294
3.9293,4.0918,-22.928
-0.26622,-8.1563,21.487
4.267,-6.3145,20.894
3.247,-8.7072,-2.1942
-20.615,4.4003,18.941
-12.841,-17.838,27.004
-27.23,-22.256,14.314
-16.546,16.983,20.19
7.2447,-11.753,3.7773
-22.708,-21.908,1.8842
-12.73,18.611,23.376
9.6141,16.57,-25.476
-30.78,-19.514,-18.879
-14.674,9.8797,-14.076
-26.351,-14.513,-3.4856
-19.327,-28.105,9.6116
-14.891,-23.984,15.347
-5.2394,-27.901,4.5612
7.0554,-10.555,-26.646
4.1872,11.948,-26.292
11.685,10.785,-13.126
-20.446,-11.298,-6.1264
9.5822,0.7341,4.4771
-21.229,13.439,19.567
-17.545,9.7607,-20.003
5.2326,5.6891,-21.103
-2.5379,-25.01,-11.026
-27.989,-12.073,13.934
-2.2602,-7.858,-5.8069
-14.984,-30.264,18.497
-0.093795,-28.45,-23.583
3.6759,10.225,18.034
-9.3203,-0.54384,5.5323
-31.472,-28.027,3.7247
-24.582,13.685,4.9072
8.5711,-20.521,0.91037
-17.248,-11.49,-17.086
-7.006,2.8846,-23.047
-23.913,14.814,-3.2285
-2.9657,-25.622,15.146
-13.431,-18.893,-3.1374
-11.881,6.7436,-25.447
-26.634,-18.733,16.6
-17.521,-11.93,-24.597
-28.957,-0.11942,-26.703
-30.025,-18.226,-9.9391
-31.691,13.79,16.11
-0.89638,-17.161,12.666
-2.9596,-11.411,-20.164
1.4406,-15.89,27.367
-25.515,-5.976,-24.784
-19.661,5.4671,24.337
-27.38,-9.7957,-0.56559
-10.238,18.319,2.1382
-14.294,11.537,23.054
-25.335,11.705,13.155
-30.183,-4.0722,14.957
-20.867,-18.946,-6.6399
6.7382,1.9021,7.5767
-19.674,19.057,-19.034
-6.1061,-22.039,-5.8038
-19.798,-2.393,-16.363
-15.753,-28.538,-9.9705
-1.9496,-10.734,10.221
6.4679,-5.648,0.34431
-11.358,10.356,13.294
-5.4842,-15.522,7.2539
-18.187,-26.754,7.189
-29.589,-23.602,5.9063
2.2398,-15.493,-11.159
3.7929,-17.935,-24.576
-1.9424,7.0222,-5.6555
-30.012,-28,3.0076
4.0081,-10.974,-6.4239
7.5622,-3,-1.0856
-27.709,18.764,-7.0598
-29.875,-9.9737,-16.528
-5.0318,-14.277,7.3834
-14.704,17.775,-10.497
-11.588,-26.482,-20.12
4.4364,-19.181,9.9795
-27.39,16.771,15.383
-20.667,-20.933,12.868
-7.722,-8.9251,-1.9506
-25.541,5.2213,24.747
-20.313,6.8297,-11.108
3.996,-26.132,-0.23736
-10.745,-24.651,15.25
4.3118,-17.634,7.7042
-21.938,-15.898,-6.9466
-23.304,-1.4969,7.5311
-26.22,18.776,24.963
2.2138,-22.355,-24.756
6.3695,-21.978,-12.33
-23.745,-25.47,-26.543
-0.85585,3.2594,-4.2931
5.6921,8.7037,-16.782
-14.968,-28.763,-20.228
-12.454,8.5689,28.21
9.7202,-27.763,-1.2495
-4.3545,-9.9715,-1.3156
11.979,-30.544,-13.456
-20.753,-28.389,-15.56
-15.814,9.7537,-26.221
-20.904,10.215,-10.346
7.7089,6.4731,12.874
11.985,-8.8709,-13.992
-22.409,9.0394,-12.123
-27.077,-13.096,15.739
-19.95,-23.565,13.58
7.1126,-21.359,17.148
-7.7876,-11.954,27.173
4.6864,-26.987,-1.1442
-12.629,-30.244,-24.11
-31.807,-20.503,22.054
-28.999,-22.702,-14.803
9.7198,14.273,10.484
3.0669,11.592,-23.837
-3.2559,-13.634,-17.633
-10.963,-20.12,10.092
6.0847,-18.428,1.2312
-31.668,-24.891,24.212
5.3649,14.423,17.912
-20.306,-15.512,-17.495
2.6384,12.487,2.4368
-9.8443,-26.28,8.8219
0.0061326,13.259,14.928
-25.277,-28.819,-6.3346
4.7364,13.195,-11.967
-31.745,-1.5229,-9.8857
-16.303,12.168,-17.09
-10.823,-25.274,-23.691
-0.6336,13.955,13.679
-29.868,-9.4045,-4.6926
-1.0931,-2.79,-19.44
0.54529,12.169,-22.75
2.399,14.13,27.147
-28.231,8.4394,-26.925
-13.752,-27.011,20.92
-17.91,-13.52,-24.505
-0.091291,-9.7083,21.152
-8.7505,0.52893,26.533
-21.12,-27.352,0.68697
2.8069,-10.583,-2.8698
-18.856,18.403,-16.262
-32.847,17.387,16.759
3.5646,-5.8047,-4.0225
3.7134,-20.691,-6.4499
-29.851,15.015,-8.5341
-33.012,5.774,-9.3814
-5.9145,-23.487,-1.1797
-6.3127,-16.37,-19.019
9.6816,6.1048,18.528
-31.162,8.1863,-25.73
-21.073,15.668,-25.933
-6.8553,-3.2187,12.129
-6.5764,-17.539,14.821
-22.997,6.3842,27.065
-1.577,-12.664,3.0803
-18.837,18.261,-0.78742
-28.298,6.5447,6.7037
-30.857,18.278,-7.1366
-7.6281,9.7356,-21.347
-32.765,-1.0102,9.2968
-1.2183,6.0655,-17.791
11.601,-22.455,15.224
-30.261,-11.54,14.384
-10.602,2.8178,-13.041
-24.421,-24.203,-1.9599
-12.823,19.259,19.459
0.11818,9.5961,-9.9995
-26.177,7.7998,1.2894
-4.0662,2.337,1.9022
-22.684,2.441,12.504
-25.041,-8.9556,-12.023
-19.092,-15.055,25.566
-21.825,6.1595,-9.5464
-9.6113,0.40641,-17.164
-31.277,-12.296,-14.346
-4.6764,-24.79,24.893
-5.284,10.008,-8.7691
-2.9388,-19.026,-16.597
4.2384,15.75,-3.1684
-32.54,-17.65,19.36
5.6698,-1.3375,-11.544
-10.434,-10.434,3.8535
-29.447,-8.8054,12.946
-21.163,16.355,22.5
-11.781,13.137,-4.6759
-26.579,-29.767,18.874
-11.146,-19.778,19.478
-23.451,-14.026,22.14
-25.702,-2.2354,-3.2892
-20.809,-12.874,-16.261
-22.703,-15.004,-7.7814
-17.043,-19.469,-1.3481
3.4817,-5.4896,19.229
-1.4983,-26.649,-10.398
9.1878,-3.4127,19.012
-10.37,16.158,14.325
10.138,-18.173,-15.816
0.27867,-9.4667,18.095
-12.988,-13.737,26.627
-10.869,-15.768,-25.796
10.714,-10.942,12.81
-0.12247,12.47,-16.804
3.0628,-8.7258,-17.853
3.7001,5.8431,-8.1404
-21.717,-12.611,8.1489
-15.428,15.287,14.822
-20.058,12.441,18.125
-2.1635,-20.054,-2.3876
-6.1529,-15.09,18.974
-1.8086,-26.637,27.491
-24.294,-24.421,21.78
-24.158,-25.564,-0.54712
12.184,10.824,23.729
-3.3709,-25.321,-21.508
-11.75,2.5701,-2.3258
-2.69,7.3009,24.941
11.702,-14.274,-20.502
-5.2863,-10.988,-13.912
-9.4221,-25,-15.734
-21.494,16.803,18.504
3.2429,-20.176,23.63
5.2524,-29.72,-9.7181
5.4648,10.025,-26.43
-16.83,-27.492,18.006
-17.499,-10.653,1.2922
-3.255,-23.862,-7.8392
-7.3917,-2.3582,13.855
-9.2597,13.411,-13.651
-1.1977,5.6466,-8.9528
-18.617,-8.423,26.23
-32.938,-24.058,1.2309
0.97772,-19.678,-12.393
-27.151,-22.763,19.899
-32.292,-21.541,-25.527
-3.7905,-27.484,-24.376
-23.544,0.43034,27.498
-18.087,-9.2696,-22.728
-1.5721,-30.616,1.2064
-14.538,-0.20012,-11.527
-8.3919,-23.113,9.826
-24.041,-22.779,17.464
-1.7442,-25.718,-9.2741
-13.98,-25.796,-13.147
-8.8282,10.575,-21.276
-20.768,-23.956,-10.759
11.589,-5.1643,-2.4825
-12.579,-19.349,10.878
8.0043,7.0847,5.0322
-23.602,4.9989,12.764
-11.444,-19.215,-7.7933
-9.7355,-0.79302,-24.919
-1.1756,-5.947,2.0883
-30.871,14.802,4.552
1.2231,-1.5455,-6.7869
-16.407,-5.0691,7.3188
-16.694,-26.377,-10.295
11.707,10.338,0.6999
-27.269,-3.4789,1.4295
10.668,-3.5999,-25.353
-26.172,8.8489,0.62158
-21.13,15.731,-14.382
1.1215,-21.947,-11.474
4.0529,-12.213,-22.259
4.347,-2.2984,-1.7115
8.6397,18.067,25.479
10.032,11.216,23.894
2.8134,-15.476,0.90769
-13.071,-15.696,13.342
-29.712,-4.6818,-5.8577
-2.9605,15.541,26.685
-21.277,-2.581,-13.441
-12.598,7.93,-21.447
-14.182,-2.8324,-24.307
6.9853,-12.472,-22.39
-31.433,-13.707,-5.8342
5.0031,8.5759,-8.5811
-13.207,-17.897,17.9
-10.9,-27.889,6.2881
-12.446,-25.066,18.336
-13.601,8.846,-10.162
-18.902,-13.151,6.7112
-3.1002,-15.805,-9.2977
8.2959,-28.958,2.8369
-20.935,-30.72,1.0926
-21.86,-24.171,-7.6634
-27.433,9.797,8.6751
-0.92784,11.609,-7.5406
-13.726,-17.7,14.099
3.7714,2.6512,-26.339
-22.775,-31.154,13.246
-10.081,4.6697,6.7863
-14.026,-10.381,-12.245
-21.601,19.129,26.384
3.5996,-21.139,-13.299
5.2383,-2.0608,13.513
-13.404,17.222,26.072
-21.126,-24.196,3.7244
10.491,17.982,2.5365
-26.582,11.508,-9.638
9.9595,-15.353,25.657
-32.519,-0.76921,-0.11871
-24.717,5.6238,-11.391
7.4312,7.8675,-14.86
4.5593,-27.757,5.9513
3.8766,9.6165,-15.226
-32.073,-6.2436,-18.754
5.7053,-24.592,-7.7466
9.76,7.7052,6.742
-16.607,10.708,15.168
-28.273,14.509,11.556
-27.16,6.9067,-0.65612
-19.337,-16.504,26.644
-1.9295,-30.884,23.632
-32.413,-2.6353,1.5466
-33.907,-9.7748,26.7
-5.3389,-9.7025,0.70258
9.9422,-27.207,-19.893
6.7236,-12.901,-19.486
-29.519,-20.376,10.417
-9.6344,-23.515,26.441
-2.7681,-2.2031,10.285
-32.27,2.3433,18.628
-27.436,2.4158,16.991
-30.15,-30.992,24.774
-1.3572,18.725,7.1822
-5.6761,-21.264,-27.08
1.0199,11.695,-5.7286
-33.071,7.5901,25.067
-8.2722,-0.064437,-1.3797
-23.212,-8.8457,-0.687
-9.4152,7.254,-1.3932
-0.79715,-30.893,22.683
-9.4409,-2.4445,10.375
-0.55207,-30.288,13.73
-26.414,-10.95,-7.0521
-31.608,6.6731,2.0826
-12.284,-11.264,-23.281
-0.24061,-22.509,25.808
-24.136,-27.342,8.9905
-10.42,-4.6459,-18.046
9.3807,-5.8132,-1.3617
-11.81,13.567,11.135
-25.285,-6.5156,-5.8175
-23.424,-7.0504,-21.518
-20.344,-13.948,6.7092
-1.105,10.828,20.64
6.6004,-7.0273,-10.538
-0.022972,2.3788,-8.5068
-24.931,14.223,27.161
-17.216,0.16473,-10.038
-21.978,-18.337,21.061
5.671,6.5879,-24.74
12.192,-13.432,-25.809
-32.68,-26.195,-4.0238
-0.64499,15.398,-23.115
7.0422,16.349,1.7185
-28.363,-1.3298,9.2585
-11.864,-4.8697,17.148
-17.778,18.105,15.098
-6.0103,-16.808,-2.0446
-11.531,-14.492,9.6585
-0.56213,-30.981,-4.1264
-30.782,8.7465,-4.385
-6.0969,-22.996,7.6374
-33.511,-3.7418,14.978
-23.331,-3.5456,20.17
-1.0526,10.537,-18.271
11.163,-6.3443,20.031
8.9472,3.5929,13.446
-4.9631,9.0317,17.112
-12.398,5.1586,13.782
-21.94,0.61964,-15.765
-23.785,5.9763,12.819
-16.67,-19.238,1.2359
5.2909,-6.2548,-19.212
-33.31,-9.1116,5.7579
0.90501,-26.267,26.45
-31.294,-17.407,23.259
-0.46439,-22.307,17.307
-4.0978,12.629,23.911
4.1197,-0.42325,5.1114
-3.963,15.375,26.556
-31.625,-18.808,-24.202
-9.336,-6.3209,-8.4058
-14.603,-1.4236,6.4064
-10.486,11.371,17.036
12.18,-19.981,-11.255
-7.6589,1.7225,16.857
1.0812,17.216,-16.884
-5.2576,4.5937,-1.1518
-9.0805,-23.602,12.489
-32.038,8.657,26.354
-11.699,-24.567,-20.177
-4.0864,10.684,11.893
-28.086,16.53,1.5252
-13.109,14.209,0.79608
9.1663,-4.5919,-2.6274
-7.7742,-11.7,2.4172
-0.13461,-27.042,26.318
-2.7558,14.784,14.127
-10.805,-18.039,-2.5822
-32.829,0.11646,8.2503
-20.629,-14.357,15.242
-1.6998,6.4162,-2.0925
-26.465,-5.5978,-0.77638
-8.043,7.1147,-12.722
-28.603,-4.5929,18.971
1.6872,-25.304,27.169
-21.073,-24.723,-9.6111
8.4916,-29.362,-23.062
-12.801,-3.5656,15.278
-6.22,12.258,7.3816
-33.422,0.97375,25.879
-16.004,-17.094,16.773
-23.596,-21.038,-8.882
-29.043,0.53896,-24.233
-3.1806,1.8918,8.102
-21.145,-9.8974,14.815
-27.57,4.6691,-11.61
1.1684,-30.251,15.514
-29.975,-2.2472,-24.487
2.8997,-1.2176,-1.2253
-2.7941,-22.526,-18.201
-0.57314,-11.015,9.4126
2.2884,-21.18,7.2175
6.989,18.368,7.768
-31.552,16.949,7.376
-17.236,0.98647,27.05
-6.136,0.21872,10.436
-29.842,-9.2601,-24.615
-10.618,-2.8028,8.8815
5.6209,-8.8047,22.305
-5.8601,-9.5428,-21.881
-6.6537,0.29783,-21.235
-27.738,-28.683,6.0181
-2.97,-22.214,2.7579
-33.353,-14.675,-18.865
2.5556,-14.496,-24.449
-5.8335,-3.0583,19.442
-15.313,18.868,26.998
-5.53,-24.286,24.365
-31.062,-18.083,-24.351
8.5344,-10.923,21.291
-2.9054,17.211,8.9566
-28.877,-26.435,6.61
11.277,-5.0767,-0.81981
-8.2094,-13.318,-21.694
-19.12,16.174,24.365
-25.329,5.5,5.2485
-30.874,-22.802,-24.951
-10.332,2.6822,-16.645
-22.57,11.333,-23.38
-9.8766,-4.1143,19.636
-6.4315,-5.5876,-26.532
-16.718,-17.3,-1.498
-20.695,0.99429,6.7418
-29.196,13.689,4.3922
-18.924,8.9672,26.423
2.2727,-7.2299,-24.046
-29.687,-13.104,7.6249
4.6671,-24.936,14.589
-13.021,-1.9262,-19.918
-11.642,-19.204,-6.2655
-9.432,15.57,22.934
2.4915,-19.125,19.981
-7.4075,0.41623,23.071
-30.674,-2.1845,17.141
-29.53,2.2371,19.674
-13.81,5.4599,18.156
-31.492,11.942,0.20822
-12.497,12.385,-18.152
-18.022,-22.802,2.1295
-11.934,0.81417,7.6939
-20.548,11.522,-13.451
-15.877,16.448,-21.611
12.553,-26.883,-19.137
-17.093,-9.1237,-26.16
3.9294,-6.9256,17.097
5.3091,-7.2307,-21.801
11.751,16.485,6.1843
9.9052,-30.744,-17.915
-31.546,-17.525,-20.099
-7.3532,-3.3271,-20.314
-15.754,-16.115,3.8698
-13.475,-20.752,17.749
-20.579,-14.549,23.721
-29.995,-14.121,-23.249
5.6776,17.8,-15.325
-30.141,-28.376,-25.023
-14.257,2.0832,-23.994
2.7009,-9.7972,12.267
-2.6641,-23.057,-21.076
-15.845,5.4851,14.487
6.3512,6.5265,0.16463
-26.509,-19.826,25.383
-7.5636,-1.3987,19.287
0.55607,17.872,-6.5456
-30.889,4.2486,-5.8091
-24.604,16.283,18.735
-24.163,17.961,22.388
-25.914,-2.0031,-13.871
12.32,3.5434,-1.8117
6.9065,-21.465,-5.4397
-12.413,-4.3989,7.0953
-32.094,-28.303,15.784
-29.059,2.8669,-13.447
-26.149,10.093,-7.2708
1.72,19.049,18.236
-15.041,-18.945,14.011
-32.785,-5.3984,24.11
-32.751,-10.077,20.615
6.0895,7.3204,-4.0149
-14.227,-8.2907,-10.021
-22.413,-5.9331,0.68242
5.261,10.147,-20.509
-1.2788,-8.8602,-16.217
-5.7204,-12.21,2.4655
4.1478,-29.703,-17.814
10.702,-31.067,25.83
-18.985,11.661,-20.386
10.996,6.8659,-6.8311
-4.9569,14.136,18.832
5.3462,-4.3968,-23.972
-22.017,-25.695,-19.141
-9.9893,-25.038,-9.4635
-26.437,-8.9236,-4.6315
-22.122,11.139,13.325
-22.868,6.3075,20.383
1.1669,0.28903,-15.987
-32.236,-24.351,17.353
-25.788,-2.7293,13.793
-3.8189,6.2936,20.404
-3.0014,15.069,-20.361
-11.32,9.0377,-7.7326
8.2202,-20.951,25.743
-22.014,19.141,-15.229
-11.881,-12.821,-6.322
-13.456,-11.033,-22.234
-9.7562,-25.514,23.432
-27.413,0.081631,-1.9778
7.2773,-2.1549,-1.2704
4.9957,9.1307,24.561
5.5881,-21.884,10.358
-33.663,-12.434,8.7977
-2.3184,0.2183,-18.409
-10.935,-0.22209,-26.355
-19.815,-20.659,-3.4446
4.8435,9.1559,19.587
-25.976,-8.3323,11.686
9.165,18.474,4.7531
-24.909,0.67373,2.8051
2.1774,9.6391,-24.9
-3.402,-1.4008,-10.526
-21.009,-2.6195,-9.0387
-4.968,-7.9349,-3.5446
-20.138,-3.8425,-11.097
4.8925,-13.197,19.723
-30.2,-22.581,13.943
6.7684,-24.221,-10.114
-7.2648,-2.877,-1.5348
6.3282,-26.424,22.963
-6.0566,8.8681,2.4311
-21.362,-25.061,1.5183
2.0318,7.4944,10.06
-5.1947,6.176,-1.5104
-16.086,13.623,-20.036
-30.464,10.768,23.98
-5.3695,-5.8328,-0.67101
-9.4493,15.035,8.9389
-11.759,-3.3562,-13.458
9.9345,-2.1968,12.569
-29.78,4.9902,20.365
8.8146,-24.928,23.856
-17.364,-8.8444,25.449
-16.51,-30.055,25.484
-21.016,-0.091185,-0.4731
9.3456,-25.2,5.4062
-3.6731,-8.0305,18.702
-8.1221,-10.854,20.721
-24.556,4.3292,-7.2901
-4.8274,15.456,-25.213
0.014495,17.393,-20.362
-7.2187,5.9895,16.991
-5.0271,-19.166,27.469
-21.528,-8.2657,12.186
-11.803,-29.527,13.023
-8.0294,-6.7312,8.7946
-19.761,-28.189,12.033
-20.28,7.926,-4.6668
-19.55,-26.541,0.62758
-25.266,11.086,-24.982
-25.319,-14.566,-17.696
2.0722,-10.02,22.817
-32.656,9.3533,12.599
-18.679,-13.989,-22.39
-18.178,-30.58,-18.81
-20.035,2.1819,26.474
-2.993,-28.663,8.064
-29.946,-7.2176,16.769
6.893,5.49,13.746
-25.922,-13.401,5.1809
-28.589,2.9184,-0.327
8.889,9.6374,0.46046
6.2432,-1.9904,24.07
-20.282,-14.262,7.8789
-17.713,-10.816,11.003
-0.090743,1.1036,13.26
-5.0953,-28.713,26.676
-22.64,-16.677,5.0641
6.9984,4.7429,4.3491
9.7208,4.584,5.3708
-10.604,-26.163,-11.29
3.2683,16.504,-20.044
-24.179,3.0028,-9.2741
-4.1778,-7.9275,18.608
-19.962,-20.357,18.468
10.298,-4.3746,-6.434
-16.215,-18.794,22.012
-29.334,1.4364,-1.7109
-2.5609,-15.233,17.58
2.5317,-2.8508,-1.6373
-26.226,-25.494,-1.007
-6.1599,-6.1754,18.004
-31.081,-25.888,18.365
5.9696,1.239,-0.71074
-17.611,5.7376,4.1489
-1.9183,5.1983,16.612
4.5703,-8.1303,-2.0195
-10.609,7.1523,10.501
6.498,14.62,23.297
7.5631,11.528,5.7191
7.5604,-22.095,-26.958
-2.6089,-20.622,17.269
-19.974,4.3896,2.2729
10.875,-21.356,14.305
-28.923,-13.497,24.738
10.709,-25.828,-1.372
-12.742,-26.669,13.291
-8.8087,17.83,12.951
-30.052,-11.397,25.094
7.7954,-21.711,-9.4248
12.374,-0.85248,1.9826
-11.855,-29.491,-25.925
10.561,5.5118,-14.185
-11.583,-9.1665,-25.113
-23.391,-4.0446,26.806
9.7551,-31.129,-12.767
-13.726,-5.9115,-17.741
4.3317,-24.93,-10.994
4.5481,-2.1502,19.267
-22.363,-30.037,-1.6148
-9.8831,16.266,4.3602
-7.4036,-14.179,2.3784
-11.343,14.527,-0.059404
-26.85,-20.247,-5.4679
1.6279,10.708,1.5435
-16.085,14.138,7.5095
-14.777,-10.252,-2.7074
10.182,-7.6207,2.4141
-23.931,11.122,22.233
-20.656,-15.12,9.6025
1.3364,8.1225,-21.495
-31.686,-12.956,21.75
-22.953,1.2625,-5.2356
-17.924,0.77131,8.1544
-12.807,3.0414,-21.252
-6.4784,-18.017,14.332
-23.701,5.38,-3.8505
-4.473,17.753,-15.889
-9.2433,-17.658,-14.294
-31.104,13.47,13.962
11.049,-11.744,9.6538
-13.289,4.0182,-15.049
-6.7939,-30.23,-23.977
-4.7638,-30.071,-22.476
1.2176,7.6704,-14.479
-29.5,-17.851,12.995
-14.396,-21.045,10.853
-33.876,-6.3652,18.355
-24.317,11.828,0.76318
-33.339,-12.829,10.621
4.1145,17.575,19.101
0.47638,-9.647,-17.6
-13.277,16.304,14.991
4.8626,-6.6299,0.27327
-12.513,-24.84,24.458
-8.1975,-19.924,20.822
3.5927,-26.745,8.906
-13.936,-30.477,20.657
12.348,9.8369,-1.3991
-5.7583,-22.581,-18.513
-14.659,4.7272,-2.3061
-19.891,-27.238,0.045235
-1.8563,-28.993,-21.761
-21.05,3.451,13.674
-9.7236,10.222,-9.8234
0.85817,6.5016,24.55
-15.532,-26.6,-17.149
-12.903,-7.5307,22.531
12.53,12.799,26.481
-12.195,-24.254,18.066
-9.9692,18.47,22.255
-15.736,8.8935,-21.499
3.7656,-26.098,-7.669
-6.8972,0.70455,-5.0043
-8.4779,4.5786,2.4372
3.1574,-4.8224,6.6714
-31.463,-7.1041,-11.083
12.063,14.751,24.966
-7.7459,5.5352,19.384
6.9968,-17.136,23.534
11.574,-14.529,-15.673
-9.8535,4.8519,-16.074
9.4399,-19.903,24.14
-19.244,-29.678,-3.5088
0.30455,-21.344,-6.8422
9.0454,-2.8772,-24.352
4.6895,-17.162,15.567
-19.318,1.3631,7.3852
-15.66,-4.6344,2.3431
-15.766,-24.197,-3.6461
-30.678,0.94689,-26.754
-7.1148,-16.813,-13.386
-18.763,-19.201,0.86326
-15.612,10.219,8.3165
8.6731,-13.939,-1.4085
8.2503,-18.087,-10.198
-9.2375,2.5002,3.5901
8.2123,16.625,-2.3013
-33.831,-15.348,-11.78
0.42162,-30.737,-19.8
-9.7769,-27.939,-6.358
10.105,-9.3973,19.006
-21.231,1.3129,-22.361
-10.651,-16.371,-4.4527
8.5212,3.3789,0.25743
-19.1,9.168,11.348
-10.524,-25.362,1.9848
-23.117,-11.706,-6.5607
6.7393,-2.1976,11.552
-3.852,5.3832,10.857
6.1179,-0.16199,-7.7513
-16.631,-4.6682,-21.261
5.9409,-27.75,19.077
-30.702,-28.692,10.398
-12.612,11.533,22.423
-3.9024,3.0559,9.1927
-16.175,15.578,13.57
-25.144,-6.4309,13.732
11.887,4.3755,26.825
-28.702,-17.493,-12.261
-18.099,14.73,8.5906
-17.006,-27.418,-5.4591
-1.7819,-6.3591,-7.3272
0.051119,-24.994,6.0342
8.4885,-17.279,-7.3938
-30.807,18.464,-25.845
-13.63,-28.192,-17.649
12.537,9.9875,18.298
-24.048,12.611,-21.463
-31.789,-24.091,-0.36912
-26.59,12.528,16.494
-10.905,17.615,16.19
-25.269,-19.045,7.5924
-32.229,8.8889,-12.704
-2.4736,0.0010505,7.6778
-30.649,16.307,15.326
-11.484,4.8728,-7.7346
-1.3445,0.84961,-9.0109
-8.4305,-6.25,-19.336
-0.3057,-3.038,-20.872
3.9204,-2.3643,27.913
-23.224,-30.985,-2.6302
-2.6908,-21.746,-6.9387
-8.1718,-10.432,-20.118
-7.3183,-26.92,-16.325
-12.415,-27.72,-13.001
-32.667,-4.9335,16.841
-3.4558,-10.31,-20.932
-11.242,16.12,-0.56252
-10.462,-6.5759,9.3759
-27.329,-15.815,-9.5487
-23.494,5.412,-4.7983
-20.169,6.3709,-26.935
-30.194,-12.587,-1.6517
-21.705,16.191,18.541
5.6908,10.212,-19.809
8.4381,-12.469,16.44
-20.132,-9.9498,25.846
-26.279,8.4742,-15.131
-25.985,-2.3454,-15.447
-32.122,1.194,26.742
-4.3256,3.4442,-14.799
-7.6486,-14.985,-8.1008
-33.388,14.319,20.639
-13.643,-28.03,5.3718
2.202,-1.1404,13.817
-30.199,-24.454,11.439
-8.5155,2.1384,3.5636
-21.59,-9.3374,-10.231
-2.8452,3.5055,-12.71
-5.6441,-29.989,26.595
-2.7326,-25.639,-27.072
-5.5679,15.029,12.893
2.8399,4.7223,15.371
-22.036,11.798,-14.96
7.1865,19.109,0.16962
6.2485,-11.424,5.6117
-23.942,13.973,-3.7205
-23.088,-8.8515,9.4553
-9.0272,-25.248,16.004
-30.44,8.21,-3.7081
-19.68,2.591,5.8144
9.692,-19.599,-7.921
-10.267,7.2823,-10.553
-10.855,10.961,-18.703
2.3613,-26.38,-14.436
-7.6643,-23.861,13.645
-31.966,9.2751,-24.779
-30.591,-6.1785,3.0942
9.1031,-22.289,20.882
-20.698,-25.993,-13.475
-16.254,-12.133,2.1803
-17.33,-24.668,18.122
-19.33,-19.934,-19.26
-23.631,-0.11484,-15.664
-33.669,-30.874,-2.1378
-31.631,-4.7521,-10.041
-10.96,12.498,23.932
-5.4574,-15.013,-1.8719
-12.603,-5.7488,14.694
-6.6857,10.806,26.541
-3.1001,-24.042,25.412
9.9623,-22.572,-5.797
-2.5194,-28.891,0.0083244
-8.4429,-22.481,-13.867
-14.046,-15.339,0.92243
-28.184,10.789,-2.972
-8.4609,-14.808,17.59
-2.2246,-9.4468,24.172
-13.651,0.41534,-17.638
3.3632,-14.016,22.79
-8.1725,-25.139,-25.583
4.7763,19.153,-16.608
-10.247,-15.894,13.292
-24.463,-3.0239,-7.9578
-14.068,-14.949,11.483
-29.031,-25.158,-22.44
-21.245,-18.613,-26.844
-3.3591,7.7098,25.521
-6.7383,-27.869,18.315
-30.356,4.2512,-5.3515
-31.467,11.613,-24.138
-10.768,-28.788,9.9545
-4.1788,15.085,-4.6038
-26.636,1.7933,-19.198
-5.5363,-21.259,15.939
-12.801,13.743,4.1662
-25.287,18.838,-12.636
-15.86,5.8821,13.044
-15.249,17.357,-5.9868
-26.623,-26.318,15.521
-12.998,-22.916,12.531
-30.488,-20.361,-13.749
-33.321,12.532,-21.369
-26.729,6.6068,17.242
-13.193,-26.305,-11.248
1.2706,-22.621,20.831
-24.501,8.1857,-5.1165
4.8267,-2.0881,14.575
-16.851,-11.122,20.552
6.7353,17.153,28.132
-10.999,0.97865,-17.384
-23.352,-2.2229,2.8907
-11.003,1.745,-3.2912
-19.235,-16.189,18.16
-15.16,-20.637,-8.3782
-19.688,4.7684,-8.2063
10.274,-0.50597,-24.471
4.9802,-22.213,13.086
-22.856,2.5257,19.333
6.4916,-8.5818,-14.943
-28.654,8.2365,-14.829
-27.906,-2.0206,-3.0126
6.7705,-10.221,-16.117
4.6041,-11.761,3.0065
-26.056,4.4577,-4.5926
-10.073,2.7385,24.767
-27.873,18.315,-15.487
10.244,6.0955,16.774
-23.253,-2.9823,-14.379
-21.745,18.835,14.417
-10.885,-21.094,-18.157
-21.745,-5.3924,-14.667
-8.2881,-4.1174,-7.6495
-33.377,-20.56,26.264
-19.757,9.8236,-21.634
3.2901,17.766,-10.469
-26.526,-12.541,-21.608
-22.18,-0.9997,20.031
-0.59418,-19.296,19.811
12.543,-17.511,-15.499
-19.586,-20.17,-9.5964
-29.53,6.9383,5.6455
2.8201,6.3084,-14.485
-24.161,-27.447,17.15
-1.1542,-9.3016,27.23
-6.1877,-7.0994,-5.0303
-27.848,-20.212,-9.244
-9.6352,-15.459,28.045
-33.657,4.929,-21.529
7.6351,-2.7769,-10.028
-15.468,-22.265,-24.981
-11.568,-18.472,-3.3343
10.331,-22.564,-15.96
7.4429,-25.727,19.669
3.7298,-23.292,3.1489
-11.727,19.158,-10.539
11.723,-18.777,-13.81
-13.902,2.4014,-9.3358
3.3333,-3.6634,27.143
-20.034,10.977,-4.0383
-11.526,-7.422,6.6943
-16.853,-25.696,-11.202
-6.9474,-16.681,18.953
-32.039,15.532,3.065
6.9889,18.76,-21.015
-18.89,-6.1038,10.842
9.4632,16.878,-0.83082
-11.186,-11.973,-17.45
-12.059,-8.702,18.168
-12.119,-13.279,24.89
-6.9849,4.8967,10.646
-20.259,15.889,0.6469
-19.691,-21.159,-25.763
-25.498,-19.928,8.7612
2.6657,16.471,-10.222
-13.729,5.207,6.0752
-11.967,0.60222,-26.206
-16.218,-14.156,-14.454
-4.9606,2.229,23.852
-20.397,-27.735,25.056
-29.542,-0.90324,-0.68731
-25.989,4.6432,-6.5644
-14.638,-6.5259,-0.88782
-11,8.0908,8.2174
-21.742,17.384,-22.259
10.454,-3.7406,4.7037
-25.589,6.457,-2.6693
-5.4652,-13.718,7.3982
-4.0445,-27.121,6.0621
-10.415,-24.4,-3.3104
-21.307,2.0783,4.8303
-33.467,-8.0103,-6.987
11.113,-12.091,-14.382
-18.586,-1.7624,-11.726
-5.8654,11.404,15.83
1.9297,5.7702,19.446
-20.464,13.971,22.679
-28.816,-29.4,1.7657
0.46995,-11.227,8.1814
-32.869,-25.786,11.912
-6.2934,-9.3885,27.34
-14.847,4.1963,19.884
6.1666,-20.637,-18.723
-26.356,0.21537,9.633
-1.0715,-4.8271,-8.5485
-13.931,4.5229,27.628
-8.7109,-15.906,1.1377
-1.3047,-21.205,-14.257
-22.64,14.615,16.863
-11.221,-20.665,-5.5225
-11.204,-10.527,-24.302
3.0269,4.5893,15.873
-24.941,-26.809,-16.617
-8.1035,-2.143,-14.049
-21.522,-4.5355,-2.2893
3.9405,-7.8797,21.563
8.2117,-7.6928,5.3752
-31.19,-3.0162,-19.307
-13.844,-6.2255,-23.595
-9.6247,-20.928,-9.7625
-25.401,-13.756,0.1594
-13.687,-23.379,28.161
-17.986,11.034,-10.744
11.905,-15.884,-6.9426
-12.746,-7.3931,1.0782
-5.6783,-8.927,28.159
-24.548,-1.484,-10.407
-9.674,-19.025,-3.1518
-0.84657,-17.124,-21.264
-18.762,-3.5468,4.0534
-31.121,9.1687,-21.154
-19.863,-16.512,-25.631
-19.975,-5.7499,1.4518
-4.1588,-8.6301,19.039
-16.226,11.395,-24.202
-21.468,-6.1889,21.194
-24.987,-26.949,12.305
-30.222,17.672,18.62
-13.843,-8.8585,-3.0963
-15.175,-8.9841,-10.548
3.033,-28.392,19.951
-21.001,-14.896,5.8257
6.1583,-13.395,-17.502
3.7216,-29.585,27.577
-28.155,-23.462,2.9275
5.6321,-12.417,12.694
-5.7308,-6.8302,5.7883
-11.775,-29.983,-22.348
-33.705,0.3887,-19.432
-7.9207,-8.6636,26.378
-9.3783,-21.091,15.895
-7.4011,7.0739,13.675
12.406,14.316,2.979
7.151,2.075,18.153
-15.927,-7.5776,-20.588
-8.8157,18.637,-21.278
-32.29,-27.896,-3.5798
-19.895,8.3649,23.629
1.7555,-15.25,-0.046897
-15.785,5.3629,18.657
-20.815,-13.227,13.964
-26.716,11.462,-10.569
6.1995,3.343,-22.205
-31.129,15.728,8.3586
2.8988,5.9,15.497
-11.806,6.0783,6.3965
-17.051,-6.4738,24.16
8.02,-27.181,-16.899
-30.299,-17.531,-6.5759
-18.71,11.356,17.546
-26.929,-15.295,-17.07
6.8048,3.5493,12.359
-4.2587,3.1142,-22.83
-5.7505,-5.8144,-17.383
-16.511,17.078,-8.93
12.576,-15.513,-16.411
6.8643,-28.617,27.763
-4.6789,-30.029,-7.3861
-0.058383,-24.145,-17.313
-27.323,-7.4198,27.553
-6.9976,-1.8306,7.6172
-12.126,-20.583,14.512
-16.411,10.877,3.5127
8.7907,-27.382,-8.6052
-3.0708,2.896,19.232
-13.669,-26.19,8.6839
-13.119,-21.892,4.4428
12.172,-27.604,-23.066
-15.523,-8.5618,15.561
-22.747,-10.379,2.0768
-16.078,10.856,21.568
-18.979,-26.047,-18.307
-14.755,-5.559,3.6702
-33.614,13.622,-0.13277
-32.879,0.33424,15.609
-5.7669,-12.503,-15.949
0.97633,-20.334,22.119
4.7478,7.1669,16.907
-22.927,-20.49,2.94
-30.06,7.0046,-18.566
-17.317,-14.189,-15.859
-19.493,-0.43651,22.304
-31.176,14.817,-12.289
-11.993,-15.949,14.747
-10.376,14.487,12.403
1.1733,-27.494,-15.37
-32.554,19.167,5.8789
-29.226,-26.182,-9.5305
-19.084,18.08,26.818
-20.666,-24.531,9.1447
-15.413,6.9469,-14.268
-4.9799,6.2462,-7.4413
-17.011,-5.0167,26.712
-32.527,14.424,-10.419
-17.8,-4.7836,2.4975
1.9708,5.8451,22.95
-18.12,13.636,-13.09
-12.404,-7.5755,10.765
-25.706,-2.2352,21.255
-29.029,13.469,2.6797
-30.829,16.563,24.319
-6.4712,15.135,-7.2141
-6.2569,8.0855,-2.6364
11.898,-11.718,10.244
-13.058,12.356,1.4588
1.7385,-15.836,21.293
-6.6739,8.3901,5.1636
-9.83,-29.02,-8.7482
2.1232,-29.392,-17.214
12.35,-12.636,22.603
-1.5652,-6.2857,-19.276
0.40326,12.237,-9.1812
-32.94,8.536,-25.341
-15.455,-25.639,7.4118
-31.534,-15.741,9.2503
-22.789,-12.619,-16.119
-17.026,12.529,-17.779
-16.629,-31.051,14.098
-19.443,15.828,-11.917
-9.9093,-14.121,-1.2746
-11.8,-19.65,18.934
1.608,-20.183,7.3363
-31.36,3.4734,10.811
-0.094189,4.0738,11.692
-0.34491,-7.3554,-6.1811
-7.4471,-26.154,-18.394
-31.686,-18.5,-17.377
-4.5143,-22.24,21.939
-29.848,-5.773,-22.497
-32.172,-25.222,3.8193
-3.9435,0.4103,15.822
-32.563,-1.8625,9.2263
-30.548,-28.262,24.038
-33.699,-26.877,-20.969
-9.4351,2.9192,-19.899
1.8605,-3.382,-20.807
1.2111,-10.362,-3.3058
-24.961,11.004,-9.9048
-1.4504,5.7098,-2.3529
-1.1945,-26.102,-19.776
6.6629,-15.336,0.80157
3.2857,-26.182,-22.473
-26.099,-20.811,3.0089
-31.381,-12.722,-7.6259
4.8287,11.708,17.722
-6.318,-29.323,25.974
-16.777,-9.3647,22.495
-13.88,-26.945,20.104
10.726,2.853,24.66
-26.126,8.4821,9.3776
6.0953,11.059,-4.1459
-24.9,0.3168,22.204
8.611,-25.908,-11.125
-19.353,-3.9845,17.226
-20.939,-14.876,-21.751
-7.4697,16.087,23.239
-22.832,-22.475,27.11
-14.759,-28.204,-19.029
-9.5301,11.46,-25.5
-28.354,-30.866,13.376
10.501,-8.4004,-15.829
5.9402,-24.13,0.54569
-21.859,-7.0635,-13.17
-9.2172,-15.952,-19.033
-15.487,-9.6006,-11.661
-16.069,-15.721,8.9626
-31.315,13.301,11.491
-7.5501,-2.5253,-25.693
-3.557,-20.853,9.6993
1.38,7.9555,-11.455
-32.813,8.4837,-9.9478
-30.693,3.8986,-18.617
11.748,6.3347,-23.379
-29.186,2.9135,-26.86
-28.87,1.5465,-1.6042
10.553,-27.985,23.636
12.362,-12.231,-4.1539
-11.002,-21.817,-6.3063
-17.807,11.226,-23.35
-7.2054,-21.917,-20.456
-11.67,-10.476,-13.824
-10.773,-14.496,27.276
8.8876,7.3318,10.923
-10.477,10.348,-5.7227
-0.03046,-13.67,-13.633
-20.748,-16.571,15.396
5.2247,-18.998,-6.0569
-3.7426,10.616,9.939
-6.2379,15.907,-15.453
-28.726,-12.915,16.439
8.8782,13.769,-9.3359
5.442,-28.113,-4.7828
-16.834,-15.605,-4.0427
-25.388,7.5247,-3.0284
-33.08,6.5785,3.2197
-25.321,-25.758,18.26
-30.723,1.4419,-17.535
11.501,12.452,2.5809
-13.922,-19.005,21.028
-30.412,-16.428,21.202
-28.284,-4.4042,-25.274
8.3508,-8.4411,-7.2565
-4.872,-0.78309,-19.128
6.2035,14.126,21.959
5.209,-30.665,25.85
-6.0655,9.4457,0.25081
-24.746,17.95,-16.993
-8.503,7.4429,27.112
2.975,13.091,-16.697
-30.952,12.723,-26.244
-6.3187,-21.492,-8.5623
11.564,-2.876,-8.3793
-9.3827,-26.572,13.254
-4.7436,-31.172,-7.5782
-0.62703,-25.564,-23.01
7.3276,0.0048203,-23.133
-20.595,-12.351,6.2092
-32.007,-18.025,-5.6218
-33.912,1.9768,-1.8685
-16.045,-20.531,21.153
-11.573,16.743,26.31
11.077,-22.745,-21.719
-23.35,-17.661,19.845
-7.4563,-30.905,14.083
-5.7658,-0.93123,3.6496
4.205,13.573,1.7573
2.6606,-8.6217,17.77
11.955,-8.1584,-18.44
-3.731,-30.694,-12.737
-14.648,-10.021,20.08
-15.794,-13.705,-6.3802
